-- phpMyAdmin SQL Dump
-- version 5.0.2
-- https://www.phpmyadmin.net/
--
-- Host: localhost:3306
-- Generation Time: Sep 11, 2020 at 06:05 PM
-- Server version: 8.0.20
-- PHP Version: 7.4.8

SET SQL_MODE = "NO_AUTO_VALUE_ON_ZERO";
START TRANSACTION;
SET time_zone = "+00:00";


/*!40101 SET @OLD_CHARACTER_SET_CLIENT=@@CHARACTER_SET_CLIENT */;
/*!40101 SET @OLD_CHARACTER_SET_RESULTS=@@CHARACTER_SET_RESULTS */;
/*!40101 SET @OLD_COLLATION_CONNECTION=@@COLLATION_CONNECTION */;
/*!40101 SET NAMES utf8mb4 */;

--
-- Database: `test_db`
--

DELIMITER $$
--
-- Procedures
--
CREATE DEFINER=`root`@`localhost` PROCEDURE `getUsers` ()  BEGIN
                            SELECT * FROM users;
                        END$$

DELIMITER ;

-- --------------------------------------------------------

--
-- Table structure for table `bill_details`
--

CREATE TABLE `bill_details` (
  `id` bigint UNSIGNED NOT NULL,
  `bill_master_id` bigint UNSIGNED NOT NULL,
  `order_master_id` bigint UNSIGNED NOT NULL,
  `job_master_id` bigint UNSIGNED NOT NULL,
  `created_at` timestamp NULL DEFAULT NULL,
  `updated_at` timestamp NULL DEFAULT NULL
) ENGINE=InnoDB DEFAULT CHARSET=utf8mb4 COLLATE=utf8mb4_unicode_ci;

--
-- Dumping data for table `bill_details`
--

INSERT INTO `bill_details` (`id`, `bill_master_id`, `order_master_id`, `job_master_id`, `created_at`, `updated_at`) VALUES
(1, 25, 99, 19, '2020-09-10 12:12:36', '2020-09-10 12:12:36'),
(2, 26, 99, 19, '2020-09-10 12:13:45', '2020-09-10 12:13:45'),
(3, 27, 105, 23, '2020-09-10 12:17:26', '2020-09-10 12:17:26'),
(4, 27, 105, 25, '2020-09-10 12:17:26', '2020-09-10 12:17:26'),
(5, 28, 105, 23, '2020-09-10 12:24:08', '2020-09-10 12:24:08'),
(6, 28, 105, 25, '2020-09-10 12:24:08', '2020-09-10 12:24:08'),
(7, 29, 105, 23, '2020-09-10 12:26:28', '2020-09-10 12:26:28'),
(8, 29, 105, 25, '2020-09-10 12:26:28', '2020-09-10 12:26:28'),
(9, 30, 105, 23, '2020-09-10 12:28:06', '2020-09-10 12:28:06'),
(10, 30, 105, 25, '2020-09-10 12:28:06', '2020-09-10 12:28:06'),
(11, 31, 105, 23, '2020-09-10 12:28:59', '2020-09-10 12:28:59'),
(12, 31, 105, 25, '2020-09-10 12:28:59', '2020-09-10 12:28:59'),
(13, 32, 105, 23, '2020-09-11 09:56:24', '2020-09-11 09:56:24'),
(14, 32, 105, 25, '2020-09-11 09:56:24', '2020-09-11 09:56:24'),
(15, 33, 105, 23, '2020-09-11 09:58:30', '2020-09-11 09:58:30'),
(16, 33, 105, 25, '2020-09-11 09:58:30', '2020-09-11 09:58:30'),
(17, 34, 105, 25, '2020-09-11 10:01:46', '2020-09-11 10:01:46'),
(18, 34, 105, 23, '2020-09-11 10:01:46', '2020-09-11 10:01:46'),
(19, 35, 99, 19, '2020-09-11 10:02:14', '2020-09-11 10:02:14'),
(20, 36, 99, 19, '2020-09-11 10:03:54', '2020-09-11 10:03:54'),
(21, 37, 99, 19, '2020-09-11 10:05:29', '2020-09-11 10:05:29'),
(22, 38, 99, 19, '2020-09-11 10:07:54', '2020-09-11 10:07:54'),
(23, 39, 99, 19, '2020-09-11 10:08:46', '2020-09-11 10:08:46'),
(24, 40, 99, 19, '2020-09-11 10:09:12', '2020-09-11 10:09:12'),
(25, 41, 99, 19, '2020-09-11 10:09:56', '2020-09-11 10:09:56'),
(26, 42, 99, 19, '2020-09-11 10:14:59', '2020-09-11 10:14:59'),
(27, 43, 99, 19, '2020-09-11 10:33:06', '2020-09-11 10:33:06'),
(28, 44, 99, 19, '2020-09-11 10:47:43', '2020-09-11 10:47:43'),
(29, 45, 105, 23, '2020-09-11 10:48:41', '2020-09-11 10:48:41'),
(30, 45, 105, 25, '2020-09-11 10:48:41', '2020-09-11 10:48:41'),
(31, 46, 99, 19, '2020-09-11 11:09:45', '2020-09-11 11:09:45'),
(32, 47, 99, 19, '2020-09-11 11:09:45', '2020-09-11 11:09:45'),
(33, 48, 95, 18, '2020-09-11 11:13:08', '2020-09-11 11:13:08'),
(34, 49, 91, 15, '2020-09-11 11:13:30', '2020-09-11 11:13:30'),
(35, 50, 102, 20, '2020-09-11 11:15:31', '2020-09-11 11:15:31'),
(36, 51, 89, 17, '2020-09-11 11:18:03', '2020-09-11 11:18:03'),
(37, 52, 105, 23, '2020-09-11 11:23:03', '2020-09-11 11:23:03'),
(38, 52, 105, 25, '2020-09-11 11:23:04', '2020-09-11 11:23:04'),
(39, 53, 89, 17, '2020-09-11 11:34:22', '2020-09-11 11:34:22'),
(40, 54, 91, 15, '2020-09-11 11:34:46', '2020-09-11 11:34:46'),
(41, 55, 102, 20, '2020-09-11 11:36:03', '2020-09-11 11:36:03'),
(42, 56, 105, 23, '2020-09-11 11:39:51', '2020-09-11 11:39:51'),
(43, 56, 105, 25, '2020-09-11 11:39:51', '2020-09-11 11:39:51'),
(44, 57, 105, 23, '2020-09-11 11:41:33', '2020-09-11 11:41:33'),
(45, 57, 105, 25, '2020-09-11 11:41:33', '2020-09-11 11:41:33'),
(46, 58, 99, 19, '2020-09-11 11:49:29', '2020-09-11 11:49:29'),
(47, 59, 91, 15, '2020-09-11 11:50:21', '2020-09-11 11:50:21'),
(48, 60, 102, 20, '2020-09-11 11:51:02', '2020-09-11 11:51:02'),
(49, 61, 99, 19, '2020-09-11 11:55:23', '2020-09-11 11:55:23'),
(50, 62, 89, 17, '2020-09-11 11:58:36', '2020-09-11 11:58:36'),
(51, 63, 91, 15, '2020-09-11 12:03:01', '2020-09-11 12:03:01'),
(52, 64, 105, 25, '2020-09-11 12:05:30', '2020-09-11 12:05:30'),
(53, 65, 105, 23, '2020-09-11 12:06:25', '2020-09-11 12:06:25'),
(54, 66, 89, 17, '2020-09-11 12:07:02', '2020-09-11 12:07:02'),
(55, 67, 89, 17, '2020-09-11 12:09:30', '2020-09-11 12:09:30'),
(56, 68, 105, 23, '2020-09-11 12:10:29', '2020-09-11 12:10:29'),
(57, 68, 105, 25, '2020-09-11 12:10:29', '2020-09-11 12:10:29'),
(58, 69, 102, 20, '2020-09-11 12:10:59', '2020-09-11 12:10:59'),
(59, 70, 105, 23, '2020-09-11 12:11:42', '2020-09-11 12:11:42'),
(60, 70, 105, 25, '2020-09-11 12:11:42', '2020-09-11 12:11:42'),
(61, 71, 102, 20, '2020-09-11 12:12:24', '2020-09-11 12:12:24'),
(62, 72, 99, 19, '2020-09-11 12:15:51', '2020-09-11 12:15:51'),
(63, 73, 105, 23, '2020-09-11 12:19:12', '2020-09-11 12:19:12'),
(64, 73, 105, 25, '2020-09-11 12:19:12', '2020-09-11 12:19:12');

-- --------------------------------------------------------

--
-- Table structure for table `bill_masters`
--

CREATE TABLE `bill_masters` (
  `id` bigint UNSIGNED NOT NULL,
  `bill_number` varchar(255) COLLATE utf8mb4_unicode_ci NOT NULL,
  `bill_date` date NOT NULL,
  `karigarh_id` bigint UNSIGNED NOT NULL,
  `customer_id` bigint UNSIGNED NOT NULL,
  `discount` double NOT NULL DEFAULT '0',
  `created_at` timestamp NULL DEFAULT NULL,
  `updated_at` timestamp NULL DEFAULT NULL
) ENGINE=InnoDB DEFAULT CHARSET=utf8mb4 COLLATE=utf8mb4_unicode_ci;

--
-- Dumping data for table `bill_masters`
--

INSERT INTO `bill_masters` (`id`, `bill_number`, `bill_date`, `karigarh_id`, `customer_id`, `discount`, `created_at`, `updated_at`) VALUES
(1, '123456A', '2020-05-12', 9, 16, 0, '2020-09-10 10:41:57', '2020-09-10 10:41:57'),
(2, '123456A', '2020-05-12', 9, 16, 0, '2020-09-10 10:42:05', '2020-09-10 10:42:05'),
(3, '123456A', '2020-05-12', 9, 16, 0, '2020-09-10 10:42:57', '2020-09-10 10:42:57'),
(4, '123456A', '2020-09-10', 9, 16, 0, '2020-09-10 10:43:54', '2020-09-10 10:43:54'),
(5, 'BILL/00001/2020', '2020-09-10', 9, 16, 0, '2020-09-10 11:27:44', '2020-09-10 11:27:44'),
(6, 'BILL/00002/2020', '2020-09-10', 9, 16, 0, '2020-09-10 11:30:35', '2020-09-10 11:30:35'),
(7, 'BILL/00003/2020', '2020-09-10', 9, 16, 0, '2020-09-10 11:33:27', '2020-09-10 11:33:27'),
(8, 'BILL/00004/2020', '2020-09-10', 9, 16, 0, '2020-09-10 11:34:08', '2020-09-10 11:34:08'),
(9, 'BILL/00005/2020', '2020-09-10', 9, 16, 0, '2020-09-10 11:35:24', '2020-09-10 11:35:24'),
(10, 'BILL/00006/2020', '2020-09-10', 9, 16, 0, '2020-09-10 11:37:26', '2020-09-10 11:37:26'),
(11, 'BILL/00007/2020', '2020-09-10', 9, 16, 0, '2020-09-10 11:39:09', '2020-09-10 11:39:09'),
(12, 'BILL/00008/2020', '2020-09-10', 9, 16, 0, '2020-09-10 11:45:11', '2020-09-10 11:45:11'),
(13, 'BILL/00009/2020', '2020-09-10', 9, 16, 0, '2020-09-10 11:57:46', '2020-09-10 11:57:46'),
(14, 'BILL/00010/2020', '2020-09-10', 9, 16, 0, '2020-09-10 11:58:35', '2020-09-10 11:58:35'),
(15, 'BILL/00011/2020', '2020-09-10', 9, 16, 0, '2020-09-10 11:59:44', '2020-09-10 11:59:44'),
(19, 'BILL/00012/2020', '2020-09-10', 9, 16, 0, '2020-09-10 12:04:17', '2020-09-10 12:04:17'),
(20, 'BILL/00013/2020', '2020-09-10', 9, 16, 0, '2020-09-10 12:06:45', '2020-09-10 12:06:45'),
(21, 'BILL/00014/2020', '2020-09-10', 9, 16, 0, '2020-09-10 12:08:11', '2020-09-10 12:08:11'),
(22, 'BILL/00015/2020', '2020-09-10', 9, 16, 0, '2020-09-10 12:08:34', '2020-09-10 12:08:34'),
(23, 'BILL/00016/2020', '2020-09-10', 9, 16, 0, '2020-09-10 12:08:59', '2020-09-10 12:08:59'),
(24, 'BILL/00017/2020', '2020-09-10', 9, 16, 0, '2020-09-10 12:11:19', '2020-09-10 12:11:19'),
(25, 'BILL/00018/2020', '2020-09-10', 9, 16, 0, '2020-09-10 12:12:36', '2020-09-10 12:12:36'),
(26, 'BILL/00019/2020', '2020-09-10', 9, 16, 0, '2020-09-10 12:13:45', '2020-09-10 12:13:45'),
(27, 'BILL/00020/2020', '2020-09-10', 8, 17, 0, '2020-09-10 12:17:26', '2020-09-10 12:17:26'),
(28, 'BILL/00021/2020', '2020-09-10', 8, 17, 0, '2020-09-10 12:24:08', '2020-09-10 12:24:08'),
(29, 'BILL/00022/2020', '2020-09-10', 8, 17, 0, '2020-09-10 12:26:28', '2020-09-10 12:26:28'),
(30, 'BILL/00023/2020', '2020-09-10', 8, 17, 0, '2020-09-10 12:28:06', '2020-09-10 12:28:06'),
(31, 'BILL/00024/2020', '2020-09-10', 8, 17, 0, '2020-09-10 12:28:59', '2020-09-10 12:28:59'),
(32, 'BILL/00036/2020', '2020-09-11', 8, 17, 0, '2020-09-11 09:56:24', '2020-09-11 09:56:24'),
(33, 'BILL/00037/2020', '2020-09-11', 8, 17, 0, '2020-09-11 09:58:30', '2020-09-11 09:58:30'),
(34, 'BILL/00038/2020', '2020-09-11', 9, 17, 0, '2020-09-11 10:01:46', '2020-09-11 10:01:46'),
(35, 'BILL/00039/2020', '2020-09-11', 9, 16, 0, '2020-09-11 10:02:14', '2020-09-11 10:02:14'),
(36, 'BILL/00040/2020', '2020-09-11', 9, 16, 0, '2020-09-11 10:03:54', '2020-09-11 10:03:54'),
(37, 'BILL/00041/2020', '2020-09-11', 9, 16, 0, '2020-09-11 10:05:29', '2020-09-11 10:05:29'),
(38, 'BILL/00042/2020', '2020-09-11', 9, 16, 0, '2020-09-11 10:07:54', '2020-09-11 10:07:54'),
(39, 'BILL/00043/2020', '2020-09-11', 9, 16, 0, '2020-09-11 10:08:46', '2020-09-11 10:08:46'),
(40, 'BILL/00044/2020', '2020-09-11', 9, 16, 0, '2020-09-11 10:09:12', '2020-09-11 10:09:12'),
(41, 'BILL/00045/2020', '2020-09-11', 9, 16, 0, '2020-09-11 10:09:56', '2020-09-11 10:09:56'),
(42, 'BILL/00046/2020', '2020-09-11', 9, 16, 0, '2020-09-11 10:14:59', '2020-09-11 10:14:59'),
(43, 'BILL/00047/2020', '2020-09-11', 9, 16, 0, '2020-09-11 10:33:06', '2020-09-11 10:33:06'),
(44, 'BILL/00048/2020', '2020-09-11', 9, 16, 0, '2020-09-11 10:47:43', '2020-09-11 10:47:43'),
(45, 'BILL/00049/2020', '2020-09-11', 8, 17, 0, '2020-09-11 10:48:41', '2020-09-11 10:48:41'),
(46, 'BILL/00050/2020', '2020-09-11', 9, 16, 0, '2020-09-11 11:09:45', '2020-09-11 11:09:45'),
(47, 'BILL/00051/2020', '2020-09-11', 9, 16, 0, '2020-09-11 11:09:45', '2020-09-11 11:09:45'),
(48, 'BILL/00052/2020', '2020-09-11', 9, 13, 0, '2020-09-11 11:13:08', '2020-09-11 11:13:08'),
(49, 'BILL/00053/2020', '2020-09-11', 8, 13, 0, '2020-09-11 11:13:30', '2020-09-11 11:13:30'),
(50, 'BILL/00054/2020', '2020-09-11', 7, 104, 0, '2020-09-11 11:15:31', '2020-09-11 11:15:31'),
(51, 'BILL/00055/2020', '2020-09-11', 9, 11, 0, '2020-09-11 11:18:03', '2020-09-11 11:18:03'),
(52, 'BILL/00056/2020', '2020-09-11', 8, 17, 0, '2020-09-11 11:23:03', '2020-09-11 11:23:03'),
(53, 'BILL/00057/2020', '2020-09-11', 9, 11, 0, '2020-09-11 11:34:22', '2020-09-11 11:34:22'),
(54, 'BILL/00058/2020', '2020-09-11', 8, 13, 0, '2020-09-11 11:34:46', '2020-09-11 11:34:46'),
(55, 'BILL/00059/2020', '2020-09-11', 7, 104, 0, '2020-09-11 11:36:03', '2020-09-11 11:36:03'),
(56, 'BILL/00060/2020', '2020-09-11', 8, 17, 0, '2020-09-11 11:39:51', '2020-09-11 11:39:51'),
(57, 'BILL/00061/2020', '2020-09-11', 8, 17, 0, '2020-09-11 11:41:33', '2020-09-11 11:41:33'),
(58, 'BILL/00062/2020', '2020-09-11', 9, 16, 0, '2020-09-11 11:49:29', '2020-09-11 11:49:29'),
(59, 'BILL/00063/2020', '2020-09-11', 8, 13, 0, '2020-09-11 11:50:21', '2020-09-11 11:50:21'),
(60, 'BILL/00064/2020', '2020-09-11', 7, 104, 0, '2020-09-11 11:51:02', '2020-09-11 11:51:02'),
(61, 'BILL/00065/2020', '2020-09-11', 9, 16, 0, '2020-09-11 11:55:23', '2020-09-11 11:55:23'),
(62, 'BILL/00066/2020', '2020-09-11', 9, 11, 0, '2020-09-11 11:58:36', '2020-09-11 11:58:36'),
(63, 'BILL/00067/2020', '2020-09-11', 8, 13, 0, '2020-09-11 12:03:01', '2020-09-11 12:03:01'),
(64, 'BILL/00068/2020', '2020-09-11', 9, 17, 0, '2020-09-11 12:05:30', '2020-09-11 12:05:30'),
(65, 'BILL/00069/2020', '2020-09-11', 8, 17, 0, '2020-09-11 12:06:25', '2020-09-11 12:06:25'),
(66, 'BILL/00070/2020', '2020-09-11', 9, 11, 0, '2020-09-11 12:07:02', '2020-09-11 12:07:02'),
(67, 'BILL/00071/2020', '2020-09-11', 9, 11, 0, '2020-09-11 12:09:30', '2020-09-11 12:09:30'),
(68, 'BILL/00072/2020', '2020-09-11', 8, 17, 0, '2020-09-11 12:10:29', '2020-09-11 12:10:29'),
(69, 'BILL/00073/2020', '2020-09-11', 7, 104, 0, '2020-09-11 12:10:59', '2020-09-11 12:10:59'),
(70, 'BILL/00074/2020', '2020-09-11', 8, 17, 0, '2020-09-11 12:11:42', '2020-09-11 12:11:42'),
(71, 'BILL/00075/2020', '2020-09-11', 7, 104, 0, '2020-09-11 12:12:24', '2020-09-11 12:12:24'),
(72, 'BILL/00076/2020', '2020-09-11', 9, 16, 0, '2020-09-11 12:15:51', '2020-09-11 12:15:51'),
(73, 'BILL/00077/2020', '2020-09-11', 8, 17, 0, '2020-09-11 12:19:12', '2020-09-11 12:19:12');

-- --------------------------------------------------------

--
-- Table structure for table `customer_categories`
--

CREATE TABLE `customer_categories` (
  `id` bigint UNSIGNED NOT NULL,
  `customer_category_name` varchar(255) CHARACTER SET utf8mb4 COLLATE utf8mb4_unicode_ci NOT NULL,
  `inforced` tinyint NOT NULL DEFAULT '1',
  `created_at` timestamp NULL DEFAULT NULL,
  `updated_at` timestamp NULL DEFAULT NULL
) ENGINE=InnoDB DEFAULT CHARSET=utf8mb4 COLLATE=utf8mb4_unicode_ci;

--
-- Dumping data for table `customer_categories`
--

INSERT INTO `customer_categories` (`id`, `customer_category_name`, `inforced`, `created_at`, `updated_at`) VALUES
(1, 'Not Applicable', 1, '2020-06-25 02:21:04', '2020-06-25 02:21:04'),
(2, 'Base', 1, '2020-06-25 02:21:04', '2020-06-25 02:21:04'),
(3, 'Base-50', 1, '2020-06-25 02:21:04', '2020-06-25 02:21:04'),
(4, 'Base-100', 1, '2020-06-25 02:21:05', '2020-06-25 02:21:05'),
(5, 'Base-150', 1, '2020-06-25 02:21:05', '2020-06-25 02:21:05');

-- --------------------------------------------------------

--
-- Table structure for table `custom_vouchers`
--

CREATE TABLE `custom_vouchers` (
  `id` bigint UNSIGNED NOT NULL,
  `voucher_name` varchar(100) CHARACTER SET utf8mb4 COLLATE utf8mb4_unicode_ci NOT NULL,
  `last_counter` bigint NOT NULL DEFAULT '1',
  `accounting_year` int NOT NULL,
  `prefix` varchar(255) CHARACTER SET utf8mb4 COLLATE utf8mb4_unicode_ci DEFAULT NULL,
  `suffix` varchar(255) CHARACTER SET utf8mb4 COLLATE utf8mb4_unicode_ci DEFAULT NULL,
  `delimiter` varchar(255) CHARACTER SET utf8mb4 COLLATE utf8mb4_unicode_ci NOT NULL DEFAULT '/',
  `created_at` timestamp NULL DEFAULT NULL,
  `updated_at` timestamp NULL DEFAULT NULL
) ENGINE=InnoDB DEFAULT CHARSET=utf8mb4 COLLATE=utf8mb4_unicode_ci;

--
-- Dumping data for table `custom_vouchers`
--

INSERT INTO `custom_vouchers` (`id`, `voucher_name`, `last_counter`, `accounting_year`, `prefix`, `suffix`, `delimiter`, `created_at`, `updated_at`) VALUES
(1, 'job', 12, 2020, 'JOB', NULL, '/', '2020-08-22 04:47:55', '2020-09-04 09:26:13'),
(4, 'order', 8, 2020, 'ORD', NULL, '/', '2020-08-25 09:46:15', '2020-09-04 09:21:38'),
(5, 'bill', 77, 2020, 'BILL', NULL, '/', '2020-09-10 11:27:44', '2020-09-11 12:19:12');

-- --------------------------------------------------------

--
-- Table structure for table `failed_jobs`
--

CREATE TABLE `failed_jobs` (
  `id` bigint UNSIGNED NOT NULL,
  `connection` text CHARACTER SET utf8mb4 COLLATE utf8mb4_unicode_ci NOT NULL,
  `queue` text CHARACTER SET utf8mb4 COLLATE utf8mb4_unicode_ci NOT NULL,
  `payload` longtext CHARACTER SET utf8mb4 COLLATE utf8mb4_unicode_ci NOT NULL,
  `exception` longtext CHARACTER SET utf8mb4 COLLATE utf8mb4_unicode_ci NOT NULL,
  `failed_at` timestamp NOT NULL DEFAULT CURRENT_TIMESTAMP
) ENGINE=InnoDB DEFAULT CHARSET=utf8mb4 COLLATE=utf8mb4_unicode_ci;

-- --------------------------------------------------------

--
-- Table structure for table `job_details`
--

CREATE TABLE `job_details` (
  `id` bigint UNSIGNED NOT NULL,
  `job_master_id` bigint UNSIGNED NOT NULL,
  `employee_id` bigint UNSIGNED NOT NULL,
  `material_id` bigint UNSIGNED NOT NULL,
  `job_task_id` bigint UNSIGNED NOT NULL,
  `material_quantity` double NOT NULL,
  `created_at` timestamp NULL DEFAULT NULL,
  `updated_at` timestamp NULL DEFAULT NULL
) ENGINE=InnoDB DEFAULT CHARSET=utf8mb4 COLLATE=utf8mb4_unicode_ci;

--
-- Dumping data for table `job_details`
--

INSERT INTO `job_details` (`id`, `job_master_id`, `employee_id`, `material_id`, `job_task_id`, `material_quantity`, `created_at`, `updated_at`) VALUES
(68, 14, 1, 3, 1, 50, '2020-07-31 03:41:21', '2020-07-31 03:41:21'),
(69, 15, 1, 3, 1, 80, '2020-07-31 03:43:05', '2020-07-31 03:43:05'),
(71, 15, 1, 9, 2, -200, '2020-08-06 04:06:05', '2020-08-06 04:06:05'),
(72, 15, 1, 9, 2, -200, '2020-08-06 04:06:14', '2020-08-06 04:06:14'),
(73, 15, 1, 9, 2, -50, '2020-08-06 04:07:28', '2020-08-06 04:07:28'),
(74, 15, 1, 9, 2, -80, '2020-08-06 04:11:21', '2020-08-06 04:11:21'),
(75, 15, 1, 9, 2, -80, '2020-08-06 04:11:28', '2020-08-06 04:11:28'),
(76, 15, 1, 9, 2, -120, '2020-08-06 04:13:48', '2020-08-06 04:13:48'),
(77, 15, 1, 9, 2, -60, '2020-08-06 04:14:23', '2020-08-06 04:14:23'),
(80, 15, 1, 9, 2, -40, '2020-08-06 04:55:14', '2020-08-06 04:55:14'),
(81, 15, 1, 9, 2, -60, '2020-08-06 04:55:38', '2020-08-06 04:55:38'),
(82, 15, 1, 9, 2, -10, '2020-08-06 05:00:48', '2020-08-06 05:00:48'),
(84, 14, 1, 3, 1, 5000, '2020-08-06 05:35:07', '2020-08-06 05:35:07'),
(85, 14, 1, 3, 2, -550, '2020-08-06 05:37:18', '2020-08-06 05:37:18'),
(86, 14, 1, 3, 3, 10, '2020-08-06 05:43:43', '2020-08-06 05:43:43'),
(87, 14, 1, 3, 4, -10, '2020-08-06 05:43:57', '2020-08-06 05:43:57'),
(88, 14, 1, 3, 5, 20, '2020-08-06 05:44:14', '2020-08-06 05:44:14'),
(89, 14, 1, 3, 6, -20, '2020-08-06 05:44:23', '2020-08-06 05:44:23'),
(90, 14, 1, 3, 7, -720, '2020-08-06 05:44:41', '2020-08-06 05:44:41'),
(91, 15, 1, 3, 1, 320, '2020-08-07 01:49:50', '2020-08-07 01:49:50'),
(92, 15, 1, 3, 1, 10, '2020-08-07 01:52:13', '2020-08-07 01:52:13'),
(93, 15, 1, 3, 2, -20, '2020-08-07 01:52:34', '2020-08-07 01:52:34'),
(94, 15, 1, 3, 3, 30, '2020-08-07 01:52:57', '2020-08-07 01:52:57'),
(95, 15, 1, 3, 4, -40, '2020-08-07 01:53:16', '2020-08-07 01:53:16'),
(96, 15, 1, 3, 5, 50, '2020-08-07 01:53:29', '2020-08-07 01:53:29'),
(97, 15, 1, 3, 6, -60, '2020-08-07 01:53:52', '2020-08-07 01:53:52'),
(98, 15, 1, 3, 6, -70, '2020-08-07 01:54:05', '2020-08-07 01:54:05'),
(99, 15, 1, 3, 7, -70, '2020-08-07 01:54:28', '2020-08-07 01:54:28'),
(102, 14, 1, 9, 6, -50, '2020-08-07 04:53:08', '2020-08-07 04:53:08'),
(103, 14, 1, 3, 1, 100, '2020-08-07 04:56:00', '2020-08-07 04:56:00'),
(104, 14, 1, 9, 2, -200, '2020-08-07 04:56:34', '2020-08-07 04:56:34'),
(105, 14, 1, 9, 4, -300, '2020-08-07 04:57:19', '2020-08-07 04:57:19'),
(106, 14, 1, 3, 5, 300, '2020-08-07 04:57:23', '2020-08-07 04:57:23'),
(107, 14, 1, 9, 7, -300, '2020-08-07 04:57:25', '2020-08-07 04:57:25'),
(108, 14, 1, 3, 1, 500, '2020-08-07 04:59:11', '2020-08-07 04:59:11'),
(109, 14, 1, 3, 3, 500, '2020-08-07 04:59:17', '2020-08-07 04:59:17'),
(110, 14, 1, 3, 1, 50, '2020-08-07 05:05:12', '2020-08-07 05:05:12'),
(111, 14, 1, 9, 2, -60, '2020-08-07 05:05:28', '2020-08-07 05:05:28'),
(112, 14, 1, 3, 3, 20, '2020-08-07 05:09:32', '2020-08-07 05:09:32'),
(113, 14, 1, 3, 3, 10, '2020-08-07 05:15:56', '2020-08-07 05:15:56'),
(114, 14, 1, 3, 3, 20, '2020-08-07 05:16:12', '2020-08-07 05:16:12'),
(115, 14, 1, 3, 1, 50, '2020-08-07 05:19:56', '2020-08-07 05:19:56'),
(116, 14, 1, 9, 2, -56, '2020-08-07 05:20:06', '2020-08-07 05:20:06'),
(117, 14, 1, 3, 3, 89, '2020-08-07 05:20:12', '2020-08-07 05:20:12'),
(118, 14, 1, 9, 4, -20, '2020-08-07 05:20:18', '2020-08-07 05:20:18'),
(119, 14, 1, 3, 5, 63, '2020-08-07 05:20:24', '2020-08-07 05:20:24'),
(120, 14, 1, 9, 6, -14, '2020-08-07 05:20:30', '2020-08-07 05:20:30'),
(121, 14, 1, 9, 7, -200, '2020-08-07 05:20:35', '2020-08-07 05:20:35'),
(122, 15, 1, 3, 1, 5, '2020-08-08 02:09:43', '2020-08-08 02:09:43'),
(123, 15, 1, 9, 2, -6, '2020-08-08 02:10:22', '2020-08-08 02:10:22'),
(124, 15, 1, 3, 3, 7, '2020-08-08 02:10:44', '2020-08-08 02:10:44'),
(125, 15, 1, 9, 4, -8, '2020-08-08 02:11:14', '2020-08-08 02:11:14'),
(126, 15, 1, 3, 5, 9, '2020-08-08 02:11:36', '2020-08-08 02:11:36'),
(127, 15, 1, 9, 6, -10, '2020-08-08 02:12:03', '2020-08-08 02:12:03'),
(128, 15, 1, 9, 7, -11, '2020-08-08 02:12:32', '2020-08-08 02:12:32'),
(129, 15, 1, 3, 5, 20, '2020-08-08 02:16:56', '2020-08-08 02:16:56'),
(130, 15, 1, 3, 5, 450, '2020-08-08 02:20:52', '2020-08-08 02:20:52'),
(131, 15, 1, 9, 7, -400, '2020-08-08 02:21:06', '2020-08-08 02:21:06'),
(132, 15, 1, 9, 7, -420, '2020-08-08 02:21:48', '2020-08-08 02:21:48'),
(133, 15, 1, 3, 3, 30, '2020-08-08 02:25:02', '2020-08-08 02:25:02'),
(134, 15, 1, 9, 6, -120, '2020-08-08 02:25:16', '2020-08-08 02:25:16'),
(135, 15, 1, 3, 5, 12, '2020-08-08 02:26:00', '2020-08-08 02:26:00'),
(136, 15, 1, 9, 6, -22, '2020-08-08 02:26:17', '2020-08-08 02:26:17'),
(137, 15, 1, 3, 1, 10, '2020-08-08 02:32:48', '2020-08-08 02:32:48'),
(138, 15, 1, 9, 2, -20, '2020-08-08 02:33:55', '2020-08-08 02:33:55'),
(139, 15, 1, 3, 3, 30, '2020-08-08 02:34:05', '2020-08-08 02:34:05'),
(140, 15, 1, 9, 4, -40, '2020-08-08 02:34:20', '2020-08-08 02:34:20'),
(141, 15, 1, 3, 5, 50, '2020-08-08 02:34:33', '2020-08-08 02:34:33'),
(142, 15, 1, 9, 6, -60, '2020-08-08 02:34:45', '2020-08-08 02:34:45'),
(143, 15, 1, 9, 7, -70, '2020-08-08 02:35:08', '2020-08-08 02:35:08'),
(145, 14, 1, 3, 1, 50, '2020-08-08 04:05:23', '2020-08-08 04:05:23'),
(146, 15, 1, 3, 1, 12, '2020-08-08 04:09:00', '2020-08-08 04:09:00'),
(147, 15, 1, 3, 1, 5, '2020-08-08 04:17:35', '2020-08-08 04:17:35'),
(148, 15, 1, 3, 1, 4, '2020-08-08 04:24:35', '2020-08-08 04:24:35'),
(158, 14, 1, 3, 1, 20, '2020-08-11 04:56:32', '2020-08-11 04:56:32'),
(159, 14, 9, 3, 3, 20, '2020-08-11 05:13:57', '2020-08-11 05:13:57'),
(160, 14, 1, 3, 1, 10, '2020-08-11 06:02:01', '2020-08-11 06:02:01'),
(161, 14, 1, 3, 1, 50, '2020-08-11 06:06:00', '2020-08-11 06:06:00'),
(162, 14, 9, 3, 3, 20, '2020-08-11 06:06:22', '2020-08-11 06:06:22'),
(163, 14, 9, 3, 3, 30, '2020-08-11 06:06:59', '2020-08-11 06:06:59'),
(164, 14, 1, 3, 8, 20, '2020-08-12 02:17:25', '2020-08-12 02:17:25'),
(165, 14, 1, 3, 1, 50, '2020-08-12 04:06:23', '2020-08-12 04:06:23'),
(166, 14, 1, 9, 2, -56, '2020-08-12 04:07:02', '2020-08-12 04:07:02'),
(167, 14, 9, 3, 3, 56, '2020-08-12 04:07:45', '2020-08-12 04:07:45'),
(168, 14, 9, 3, 3, 23, '2020-08-12 04:13:55', '2020-08-12 04:13:55'),
(169, 14, 1, 3, 1, 100, '2020-08-14 01:51:20', '2020-08-14 01:51:20'),
(170, 14, 1, 3, 1, 100, '2020-08-14 01:52:01', '2020-08-14 01:52:01'),
(171, 14, 1, 3, 1, 10, '2020-08-14 02:09:09', '2020-08-14 02:09:09'),
(172, 14, 1, 3, 1, 16, '2020-08-14 02:12:58', '2020-08-14 02:12:58'),
(173, 14, 1, 3, 1, 4, '2020-08-14 02:14:41', '2020-08-14 02:14:41'),
(174, 14, 1, 3, 1, 12, '2020-08-14 02:15:34', '2020-08-14 02:15:34'),
(175, 14, 1, 3, 1, 8, '2020-08-14 02:16:31', '2020-08-14 02:16:31'),
(176, 14, 1, 3, 1, 20, '2020-08-14 02:18:24', '2020-08-14 02:18:24'),
(177, 14, 1, 3, 1, 12, '2020-08-14 02:27:41', '2020-08-14 02:27:41'),
(178, 14, 1, 3, 1, 13, '2020-08-14 02:28:40', '2020-08-14 02:28:40'),
(179, 14, 1, 3, 1, 5, '2020-08-14 02:31:19', '2020-08-14 02:31:19'),
(180, 14, 1, 3, 1, 11, '2020-08-14 02:32:30', '2020-08-14 02:32:30'),
(181, 14, 1, 3, 1, 9, '2020-08-14 02:36:41', '2020-08-14 02:36:41'),
(182, 14, 1, 3, 1, 16, '2020-08-14 02:37:52', '2020-08-14 02:37:52'),
(183, 14, 1, 3, 1, 1, '2020-08-14 02:38:03', '2020-08-14 02:38:03'),
(184, 14, 1, 3, 1, 1, '2020-08-14 02:38:24', '2020-08-14 02:38:24'),
(185, 14, 1, 3, 1, 1, '2020-08-14 02:49:57', '2020-08-14 02:49:57'),
(186, 14, 1, 3, 1, 50, '2020-08-14 02:50:04', '2020-08-14 02:50:04'),
(187, 14, 1, 3, 1, 1, '2020-08-14 03:07:34', '2020-08-14 03:07:34'),
(188, 14, 1, 9, 2, -2, '2020-08-14 03:25:21', '2020-08-14 03:25:21'),
(189, 14, 1, 9, 2, -8, '2020-08-14 03:25:36', '2020-08-14 03:25:36'),
(190, 14, 1, 9, 2, -12, '2020-08-14 03:25:42', '2020-08-14 03:25:42'),
(191, 14, 1, 9, 2, -6, '2020-08-14 03:26:57', '2020-08-14 03:26:57'),
(192, 14, 1, 3, 1, 10, '2020-08-14 03:28:47', '2020-08-14 03:28:47'),
(193, 14, 1, 3, 1, 10, '2020-08-14 03:29:35', '2020-08-14 03:29:35'),
(194, 14, 1, 9, 2, -10, '2020-08-14 03:29:47', '2020-08-14 03:29:47'),
(195, 14, 1, 3, 1, 14, '2020-08-14 03:32:22', '2020-08-14 03:32:22'),
(196, 14, 1, 3, 1, 16, '2020-08-14 03:34:20', '2020-08-14 03:34:20'),
(197, 14, 1, 3, 1, 102, '2020-08-14 03:34:43', '2020-08-14 03:34:43'),
(198, 14, 1, 3, 1, 15, '2020-08-14 03:35:33', '2020-08-14 03:35:33'),
(199, 14, 1, 9, 2, -17, '2020-08-14 03:36:26', '2020-08-14 03:36:26'),
(200, 14, 1, 9, 2, -74, '2020-08-14 03:37:21', '2020-08-14 03:37:21'),
(201, 14, 1, 9, 2, -1, '2020-08-14 03:38:13', '2020-08-14 03:38:13'),
(202, 14, 1, 9, 2, -14, '2020-08-14 03:41:00', '2020-08-14 03:41:00'),
(203, 14, 1, 9, 2, -7, '2020-08-14 03:41:10', '2020-08-14 03:41:10'),
(204, 14, 1, 9, 2, 0, '2020-08-14 03:41:17', '2020-08-14 03:41:17'),
(205, 14, 1, 9, 2, 0, '2020-08-14 03:41:24', '2020-08-14 03:41:24'),
(206, 14, 1, 3, 1, 3, '2020-08-14 03:41:43', '2020-08-14 03:41:43'),
(207, 14, 1, 3, 8, 10, '2020-08-14 04:27:06', '2020-08-14 04:27:06'),
(208, 14, 1, 3, 8, 17, '2020-08-14 04:29:20', '2020-08-14 04:29:20'),
(209, 14, 1, 3, 8, 70, '2020-08-14 04:29:45', '2020-08-14 04:29:45'),
(210, 14, 9, 3, 5, 56, '2020-08-14 04:43:53', '2020-08-14 04:43:53'),
(211, 14, 9, 3, 5, 100, '2020-08-14 04:44:33', '2020-08-14 04:44:33'),
(212, 15, 8, 3, 3, 56, '2020-08-14 05:25:13', '2020-08-14 05:25:13'),
(213, 15, 8, 3, 3, 10, '2020-08-14 05:25:24', '2020-08-14 05:25:24'),
(214, 15, 1, 3, 8, 20, '2020-08-14 05:25:39', '2020-08-14 05:25:39'),
(215, 15, 1, 3, 1, 20, '2020-08-14 05:25:54', '2020-08-14 05:25:54'),
(220, 15, 1, 3, 8, 50, '2020-08-17 01:42:44', '2020-08-17 01:42:44'),
(221, 15, 1, 3, 1, 100, '2020-08-17 01:43:13', '2020-08-17 01:43:13'),
(222, 15, 8, 3, 5, 10, '2020-08-17 01:43:36', '2020-08-17 01:43:36'),
(223, 15, 1, 9, 2, -5, '2020-08-17 01:44:52', '2020-08-17 01:44:52'),
(224, 15, 8, 3, 3, 7, '2020-08-17 01:45:01', '2020-08-17 01:45:01'),
(225, 15, 8, 3, 5, 200, '2020-08-17 01:52:34', '2020-08-17 01:52:34'),
(226, 15, 1, 3, 8, 5, '2020-08-17 01:52:50', '2020-08-17 01:52:50'),
(240, 15, 1, 3, 1, 14, '2020-08-17 02:42:19', '2020-08-17 02:42:19'),
(241, 15, 1, 3, 1, 12, '2020-08-17 02:45:13', '2020-08-17 02:45:13'),
(242, 15, 1, 3, 1, 8, '2020-08-17 02:47:12', '2020-08-17 02:47:12'),
(243, 15, 1, 3, 1, 9, '2020-08-17 02:49:36', '2020-08-17 02:49:36'),
(244, 15, 1, 3, 1, 1, '2020-08-17 02:50:51', '2020-08-17 02:50:51'),
(245, 15, 1, 3, 1, 14, '2020-08-17 02:51:49', '2020-08-17 02:51:49'),
(246, 15, 1, 3, 1, 8, '2020-08-17 02:53:04', '2020-08-17 02:53:04'),
(247, 15, 8, 9, 4, -90, '2020-08-17 02:55:22', '2020-08-17 02:55:22'),
(248, 15, 8, 9, 6, -80, '2020-08-17 02:55:29', '2020-08-17 02:55:29'),
(249, 15, 8, 9, 6, -50, '2020-08-17 03:17:00', '2020-08-17 03:17:00'),
(250, 15, 1, 9, 2, -100, '2020-08-17 03:17:52', '2020-08-17 03:17:52'),
(251, 15, 1, 3, 1, 5, '2020-08-17 03:18:19', '2020-08-17 03:18:19'),
(252, 15, 8, 3, 3, 56, '2020-08-17 03:37:17', '2020-08-17 03:37:17'),
(253, 15, 8, 3, 3, 30, '2020-08-17 03:39:00', '2020-08-17 03:39:00'),
(254, 15, 8, 9, 4, -20, '2020-08-17 03:39:41', '2020-08-17 03:39:41'),
(255, 15, 8, 3, 5, 30, '2020-08-17 03:39:56', '2020-08-17 03:39:56'),
(256, 15, 8, 9, 6, -40, '2020-08-17 03:40:03', '2020-08-17 03:40:03'),
(257, 15, 1, 9, 7, -10, '2020-08-17 03:40:11', '2020-08-17 03:40:11'),
(258, 15, 1, 3, 8, 5, '2020-08-17 03:40:24', '2020-08-17 03:40:24'),
(259, 15, 1, 3, 1, 10, '2020-08-17 03:54:59', '2020-08-17 03:54:59'),
(260, 14, 1, 3, 1, 10, '2020-08-17 03:56:42', '2020-08-17 03:56:42'),
(261, 14, 9, 3, 5, 200, '2020-08-17 03:57:15', '2020-08-17 03:57:15'),
(262, 14, 9, 3, 3, 500, '2020-08-17 03:58:07', '2020-08-17 03:58:07'),
(263, 14, 9, 3, 3, 100, '2020-08-17 03:59:56', '2020-08-17 03:59:56'),
(277, 14, 9, 3, 3, 100, '2020-08-17 04:22:06', '2020-08-17 04:22:06'),
(278, 14, 9, 3, 5, 10, '2020-08-17 04:22:26', '2020-08-17 04:22:26'),
(281, 15, 1, 3, 8, 50, '2020-08-18 04:17:07', '2020-08-18 04:17:07'),
(282, 14, 1, 3, 1, 12.33, '2020-08-21 03:43:04', '2020-08-21 03:43:04'),
(283, 15, 1, 3, 1, 10.23, '2020-08-21 03:45:01', '2020-08-21 03:45:01'),
(284, 15, 1, 3, 1, 10.23, '2020-08-21 03:47:33', '2020-08-21 03:47:33'),
(285, 15, 8, 3, 3, 10, '2020-08-21 03:48:08', '2020-08-21 03:48:08'),
(286, 14, 1, 9, 2, -20, '2020-08-21 04:11:32', '2020-08-21 04:11:32'),
(287, 14, 1, 9, 2, -45, '2020-08-21 04:15:22', '2020-08-21 04:15:22'),
(288, 14, 1, 9, 7, -12.53, '2020-08-21 04:22:57', '2020-08-21 04:22:57'),
(289, 14, 9, 9, 6, -45.23, '2020-08-21 04:24:58', '2020-08-21 04:24:58'),
(290, 14, 1, 9, 2, -53.23, '2020-08-21 04:26:22', '2020-08-21 04:26:22'),
(291, 14, 1, 9, 2, -45.456, '2020-08-21 04:28:40', '2020-08-21 04:28:40'),
(292, 15, 1, 3, 1, 20, '2020-08-22 01:52:25', '2020-08-22 01:52:25'),
(293, 15, 1, 9, 2, -30.23, '2020-08-22 02:39:10', '2020-08-22 02:39:10'),
(294, 15, 8, 9, 4, -56, '2020-08-22 02:42:06', '2020-08-22 02:42:06'),
(295, 15, 8, 3, 3, 23, '2020-08-22 02:42:16', '2020-08-22 02:42:16'),
(296, 15, 8, 3, 5, 45, '2020-08-22 02:42:28', '2020-08-22 02:42:28'),
(297, 15, 1, 9, 7, -56, '2020-08-22 02:42:40', '2020-08-22 02:42:40'),
(298, 15, 1, 3, 8, 56.23, '2020-08-22 02:42:50', '2020-08-22 02:42:50'),
(299, 15, 8, 9, 6, -45.89, '2020-08-22 03:50:47', '2020-08-22 03:50:47'),
(300, 17, 1, 3, 1, 10, '2020-08-22 04:49:16', '2020-08-22 04:49:16'),
(301, 18, 1, 3, 1, 79, '2020-08-25 09:58:10', '2020-08-25 09:58:10'),
(302, 18, 1, 3, 1, 12, '2020-08-25 10:08:14', '2020-08-25 10:08:14'),
(303, 19, 1, 3, 1, 78, '2020-08-25 10:11:25', '2020-08-25 10:11:25'),
(304, 20, 1, 3, 1, 2.65, '2020-09-03 09:34:28', '2020-09-03 09:34:28'),
(305, 17, 1, 3, 1, 45, '2020-09-04 09:17:44', '2020-09-04 09:17:44'),
(306, 21, 1, 3, 1, 78.23, '2020-09-04 09:24:39', '2020-09-04 09:24:39'),
(307, 22, 1, 3, 1, 10, '2020-09-04 09:25:03', '2020-09-04 09:25:03'),
(308, 23, 1, 3, 1, 45, '2020-09-04 09:25:32', '2020-09-04 09:25:32'),
(309, 24, 1, 3, 1, 79, '2020-09-04 09:25:52', '2020-09-04 09:25:52'),
(310, 25, 1, 3, 1, 79, '2020-09-04 09:26:13', '2020-09-04 09:26:13'),
(311, 25, 1, 3, 1, 42.32, '2020-09-08 10:37:20', '2020-09-08 10:37:20'),
(312, 25, 1, 3, 1, 10.25, '2020-09-08 10:37:35', '2020-09-08 10:37:35'),
(313, 25, 1, 3, 1, 14.32, '2020-09-08 10:37:39', '2020-09-08 10:37:39'),
(314, 25, 1, 9, 2, -12.1, '2020-09-08 10:37:43', '2020-09-08 10:37:43'),
(315, 25, 1, 9, 2, -18.4, '2020-09-08 10:37:47', '2020-09-08 10:37:47'),
(316, 25, 1, 9, 2, -18.4, '2020-09-08 10:37:51', '2020-09-08 10:37:51'),
(317, 23, 1, 3, 1, 14.9, '2020-09-08 10:40:48', '2020-09-08 10:40:48'),
(318, 23, 1, 3, 1, 10.69, '2020-09-08 10:40:51', '2020-09-08 10:40:51'),
(319, 23, 1, 3, 1, 10.3, '2020-09-08 10:40:55', '2020-09-08 10:40:55'),
(320, 23, 1, 3, 1, 20.32, '2020-09-08 10:40:58', '2020-09-08 10:40:58'),
(321, 23, 1, 9, 2, -11.12, '2020-09-08 10:41:04', '2020-09-08 10:41:04'),
(322, 23, 1, 9, 2, -5.69, '2020-09-08 10:41:07', '2020-09-08 10:41:07'),
(323, 23, 1, 9, 2, -10.2, '2020-09-08 10:41:11', '2020-09-08 10:41:11');

-- --------------------------------------------------------

--
-- Table structure for table `job_masters`
--

CREATE TABLE `job_masters` (
  `id` bigint UNSIGNED NOT NULL,
  `job_number` varchar(255) CHARACTER SET utf8mb4 COLLATE utf8mb4_unicode_ci NOT NULL,
  `date` date NOT NULL,
  `karigarh_id` bigint UNSIGNED NOT NULL,
  `order_details_id` bigint UNSIGNED NOT NULL,
  `gross_weight` double NOT NULL DEFAULT '0',
  `bill_created` int NOT NULL DEFAULT '0',
  `status_id` bigint UNSIGNED NOT NULL DEFAULT '1',
  `created_at` timestamp NULL DEFAULT NULL,
  `updated_at` timestamp NULL DEFAULT NULL
) ENGINE=InnoDB DEFAULT CHARSET=utf8mb4 COLLATE=utf8mb4_unicode_ci;

--
-- Dumping data for table `job_masters`
--

INSERT INTO `job_masters` (`id`, `job_number`, `date`, `karigarh_id`, `order_details_id`, `gross_weight`, `bill_created`, `status_id`, `created_at`, `updated_at`) VALUES
(14, 'JOB/000015/2020', '2020-07-22', 9, 121, 0, 0, 1, '2020-07-31 03:41:21', '2020-07-31 03:41:21'),
(15, 'JOB/000016/2020', '2020-07-06', 8, 122, 0, 0, 100, '2020-07-31 03:43:05', '2020-09-11 12:03:01'),
(16, 'JOB/000017/2020', '2020-07-21', 8, 123, 30, 0, 100, '2020-07-31 04:35:02', '2020-07-31 04:35:02'),
(17, 'JOB/000002/2020', '2020-08-11', 9, 120, 0, 0, 1, '2020-08-22 04:49:15', '2020-09-11 12:09:30'),
(18, 'JOB/000003/2020', '2020-08-26', 9, 127, 46, 0, 100, '2020-08-25 09:58:10', '2020-09-11 11:13:08'),
(19, 'JOB/000005/2020', '2020-08-26', 9, 131, 45, 0, 100, '2020-08-25 10:11:25', '2020-09-11 12:15:51'),
(20, 'JOB/000006/2020', '2020-09-30', 7, 133, 25, 0, 100, '2020-09-03 09:34:28', '2020-09-11 12:12:24'),
(21, 'JOB/000008/2020', '2020-09-29', 7, 137, 0, 0, 1, '2020-09-04 09:24:39', '2020-09-04 09:24:39'),
(22, 'JOB/000009/2020', '2020-09-21', 9, 138, 0, 0, 1, '2020-09-04 09:25:03', '2020-09-04 09:25:03'),
(23, 'JOB/000010/2020', '2020-09-27', 8, 139, 68, 1, 100, '2020-09-04 09:25:32', '2020-09-11 12:19:12'),
(24, 'JOB/000011/2020', '2020-09-29', 7, 140, 0, 0, 1, '2020-09-04 09:25:52', '2020-09-04 09:25:52'),
(25, 'JOB/000012/2020', '2020-09-21', 9, 141, 150, 1, 100, '2020-09-04 09:26:13', '2020-09-11 12:19:12');

-- --------------------------------------------------------

--
-- Table structure for table `job_tasks`
--

CREATE TABLE `job_tasks` (
  `id` bigint UNSIGNED NOT NULL,
  `task_name` varchar(255) CHARACTER SET utf8mb4 COLLATE utf8mb4_unicode_ci NOT NULL,
  `inforced` tinyint NOT NULL DEFAULT '1',
  `created_at` timestamp NULL DEFAULT NULL,
  `updated_at` timestamp NULL DEFAULT NULL
) ENGINE=InnoDB DEFAULT CHARSET=utf8mb4 COLLATE=utf8mb4_unicode_ci;

--
-- Dumping data for table `job_tasks`
--

INSERT INTO `job_tasks` (`id`, `task_name`, `inforced`, `created_at`, `updated_at`) VALUES
(1, 'Gold Submit', 1, '2020-06-25 02:21:14', '2020-06-25 02:21:14'),
(2, 'Gold Return', 1, '2020-06-25 02:21:14', '2020-06-25 02:21:14'),
(3, 'Dal Submit', 1, '2020-06-25 02:21:14', '2020-06-25 02:21:14'),
(4, 'Dal Return', 1, '2020-06-25 02:21:14', '2020-06-25 02:21:14'),
(5, 'Pan Submit', 1, '2020-06-25 02:21:14', '2020-06-25 02:21:14'),
(6, 'Pan Return', 1, '2020-06-25 02:21:15', '2020-06-25 02:21:15'),
(7, 'Nitric Return', 1, '2020-06-25 02:21:15', '2020-06-25 02:21:15'),
(8, 'Bronze Submit', 1, '2020-08-19 18:30:00', '2020-08-27 18:30:00');

-- --------------------------------------------------------

--
-- Table structure for table `materials`
--

CREATE TABLE `materials` (
  `id` bigint UNSIGNED NOT NULL,
  `material_name` varchar(110) CHARACTER SET utf8mb4 COLLATE utf8mb4_unicode_ci NOT NULL,
  `material_category_id` bigint UNSIGNED NOT NULL,
  `gold` int NOT NULL,
  `silver` int NOT NULL,
  `is_main_production_material` tinyint NOT NULL DEFAULT '0',
  `is_base_material` tinyint NOT NULL DEFAULT '0',
  `main_material_id` bigint DEFAULT NULL,
  `inforced` tinyint NOT NULL DEFAULT '1',
  `created_at` timestamp NULL DEFAULT NULL,
  `updated_at` timestamp NULL DEFAULT NULL
) ENGINE=InnoDB DEFAULT CHARSET=utf8mb4 COLLATE=utf8mb4_unicode_ci;

--
-- Dumping data for table `materials`
--

INSERT INTO `materials` (`id`, `material_name`, `material_category_id`, `gold`, `silver`, `is_main_production_material`, `is_base_material`, `main_material_id`, `inforced`, `created_at`, `updated_at`) VALUES
(1, 'Pure Gold', 1, 100, 0, 0, 0, 0, 1, '2020-06-25 02:21:16', '2020-06-25 02:21:16'),
(2, 'Pure Silver', 2, 0, 100, 0, 0, 0, 1, '2020-06-25 02:21:16', '2020-06-25 02:21:16'),
(3, '92 Ginnie', 1, 92, 0, 1, 1, 0, 1, '2020-06-25 02:21:17', '2020-06-25 02:21:17'),
(4, 'Pan', 1, 40, 20, 1, 0, 0, 1, '2020-06-25 02:21:17', '2020-06-25 02:21:17'),
(5, '90 Ginnie', 1, 90, 0, 1, 0, 0, 1, '2020-06-25 02:21:17', '2020-06-25 02:21:17'),
(6, 'Dal', 6, 10, 70, 1, 0, 0, 1, '2020-06-25 02:21:17', '2020-06-25 02:21:17'),
(7, 'Nitric', 1, 88, 0, 0, 0, 0, 1, '2020-06-25 02:21:17', '2020-06-25 02:21:17'),
(8, 'Production_dust ', 1, 20, 0, 0, 0, 0, 1, '2020-06-25 02:21:18', '2020-06-25 02:21:18'),
(9, '92 Ginnie Return', 1, 92, 0, 1, 1, 3, 1, '2020-08-30 18:30:00', '2020-08-30 18:30:00'),
(10, 'Dal Return', 6, 10, 70, 1, 0, 6, 1, '2020-08-30 18:30:00', '2020-08-30 18:30:00'),
(11, 'Pan Return', 1, 40, 20, 0, 0, 4, 1, NULL, NULL),
(12, 'Nitric Return', 1, 88, 0, 0, 0, 7, 1, NULL, NULL);

-- --------------------------------------------------------

--
-- Table structure for table `material_categories`
--

CREATE TABLE `material_categories` (
  `id` bigint UNSIGNED NOT NULL,
  `mc_name` varchar(110) CHARACTER SET utf8mb4 COLLATE utf8mb4_unicode_ci NOT NULL,
  `inforced` tinyint NOT NULL DEFAULT '1',
  `created_at` timestamp NULL DEFAULT NULL,
  `updated_at` timestamp NULL DEFAULT NULL
) ENGINE=InnoDB DEFAULT CHARSET=utf8mb4 COLLATE=utf8mb4_unicode_ci;

--
-- Dumping data for table `material_categories`
--

INSERT INTO `material_categories` (`id`, `mc_name`, `inforced`, `created_at`, `updated_at`) VALUES
(1, 'Gold', 1, '2020-06-25 02:21:15', '2020-06-25 02:21:15'),
(2, 'Silver', 1, '2020-06-25 02:21:15', '2020-06-25 02:21:15'),
(3, 'Copper', 1, '2020-06-25 02:21:15', '2020-06-25 02:21:15'),
(4, 'Bronze', 1, '2020-06-25 02:21:16', '2020-06-25 02:21:16'),
(5, 'Zinc', 1, '2020-06-25 02:21:16', '2020-06-25 02:21:16'),
(6, 'Dal', 1, '2020-06-25 02:21:16', '2020-06-25 02:21:16');

-- --------------------------------------------------------

--
-- Table structure for table `migrations`
--

CREATE TABLE `migrations` (
  `id` int UNSIGNED NOT NULL,
  `migration` varchar(255) CHARACTER SET utf8mb4 COLLATE utf8mb4_unicode_ci NOT NULL,
  `batch` int NOT NULL
) ENGINE=InnoDB DEFAULT CHARSET=utf8mb4 COLLATE=utf8mb4_unicode_ci;

--
-- Dumping data for table `migrations`
--

INSERT INTO `migrations` (`id`, `migration`, `batch`) VALUES
(1, '2019_08_19_000000_create_failed_jobs_table', 1),
(2, '2020_04_29_175532_create_person_types_table', 1),
(3, '2020_04_29_180310_create_customer_categories_table', 1),
(4, '2020_04_29_185531_create_users_table', 1),
(5, '2020_04_30_032041_create_price_codes_table', 1),
(6, '2020_04_30_032527_create_job_tasks_table', 1),
(7, '2020_04_30_033048_create_material_categories_table', 1),
(8, '2020_04_30_033515_create_materials_table', 1),
(9, '2020_04_30_034331_create_rates_table', 1),
(10, '2020_04_30_035554_create_product_categories_table', 1),
(11, '2020_04_30_040521_create_products_table', 1),
(13, '2020_04_30_052227_create_order_masters_table', 1),
(14, '2020_04_30_052826_create_order_details_table', 1),
(15, '2020_04_30_053106_create_job_masters_table', 1),
(16, '2020_04_30_053226_create_models_table', 1),
(17, '2020_04_30_053322_create_job_details_table', 1),
(18, '2020_05_11_152837_create_all_procedures_and_functions', 1),
(19, '2020_04_30_051742_create_custom_vouchers_table', 2),
(20, '2020_09_09_165840_create_bill_masters_table', 3),
(21, '2020_09_09_172802_create_bill_details_table', 4);

-- --------------------------------------------------------

--
-- Table structure for table `models`
--

CREATE TABLE `models` (
  `id` bigint UNSIGNED NOT NULL,
  `created_at` timestamp NULL DEFAULT NULL,
  `updated_at` timestamp NULL DEFAULT NULL
) ENGINE=InnoDB DEFAULT CHARSET=utf8mb4 COLLATE=utf8mb4_unicode_ci;

-- --------------------------------------------------------

--
-- Table structure for table `order_details`
--

CREATE TABLE `order_details` (
  `id` bigint UNSIGNED NOT NULL,
  `order_master_id` bigint UNSIGNED NOT NULL,
  `price` int NOT NULL,
  `p_loss` double NOT NULL,
  `approx_gold` double NOT NULL,
  `quantity` int NOT NULL,
  `material_id` bigint UNSIGNED NOT NULL,
  `size` varchar(255) CHARACTER SET utf8mb4 COLLATE utf8mb4_unicode_ci DEFAULT NULL,
  `product_id` bigint UNSIGNED NOT NULL,
  `status_id` bigint NOT NULL,
  `bill_created` int DEFAULT '0',
  `created_at` timestamp NULL DEFAULT NULL,
  `updated_at` timestamp NULL DEFAULT NULL
) ENGINE=InnoDB DEFAULT CHARSET=utf8mb4 COLLATE=utf8mb4_unicode_ci;

--
-- Dumping data for table `order_details`
--

INSERT INTO `order_details` (`id`, `order_master_id`, `price`, `p_loss`, `approx_gold`, `quantity`, `material_id`, `size`, `product_id`, `status_id`, `bill_created`, `created_at`, `updated_at`) VALUES
(120, 89, 275, 0.64, 12, 11, 3, '7-8-9', 10, 100, 0, '2020-07-31 01:50:47', '2020-09-11 12:09:30'),
(121, 90, 300, 0.73, 4.23, 20, 3, '7-8-9', 8, 1, 0, '2020-07-31 01:53:22', '2020-07-31 03:41:22'),
(122, 91, 425, 0.73, 12.33, 12, 3, '7-8-9', 9, 100, 0, '2020-07-31 01:59:52', '2020-09-11 12:03:01'),
(123, 91, 375, 0.64, 12.33, 100, 3, '4-5-6', 6, 100, 0, '2020-07-31 02:01:23', '2020-07-31 04:35:02'),
(124, 92, 375, 0.64, 12, 10, 3, '1-7-6', 5, 1, 0, '2020-07-31 02:03:19', '2020-07-31 03:43:05'),
(125, 93, 300, 0.73, 45.33, 70, 3, '9-0-7', 3, 1, 0, '2020-07-31 02:09:50', '2020-07-31 02:09:50'),
(126, 94, 325, 0.64, 4.22, 12, 3, '7-8-5', 5, 1, 0, '2020-07-31 02:23:11', '2020-07-31 02:23:11'),
(127, 95, 375, 0.64, 18, 4, 3, '1-4-6', 5, 100, 0, '2020-07-31 02:28:37', '2020-09-11 11:13:08'),
(128, 95, 375, 0.64, 4.2, 5, 3, '7-8-5', 2, 40, 0, '2020-07-31 03:21:14', '2020-07-31 03:21:14'),
(129, 98, 375, 0.64, 78, 10, 3, '4-7-8', 2, 40, 0, '2020-08-25 09:46:15', '2020-08-25 09:46:15'),
(130, 98, 375, 0.64, 120.14, 15, 3, '1-8-7', 5, 40, 0, '2020-08-25 09:46:15', '2020-08-25 09:46:15'),
(131, 99, 375, 0.73, 56, 10, 3, '7-8-9', 4, 100, 0, '2020-08-25 09:54:45', '2020-09-11 12:15:51'),
(132, 101, 375, 0.64, 2.23, 10, 3, '2-4-7', 2, 40, 0, '2020-09-03 09:29:36', '2020-09-03 09:29:36'),
(133, 102, 375, 0.64, 2.51, 23, 3, '1-9-7', 5, 100, 0, '2020-09-03 09:32:38', '2020-09-11 12:12:24'),
(134, 103, 275, 0.64, 8.63, 23, 3, '8-9-7', 5, 40, 0, '2020-09-03 10:19:56', '2020-09-03 10:19:56'),
(135, 103, 300, 0.73, 5.23, 10, 3, '8-9-6', 4, 40, 0, '2020-09-03 10:19:56', '2020-09-03 10:19:56'),
(136, 104, 425, 0.73, 8.93, 100, 3, '7-8-98', 4, 40, 0, '2020-09-04 09:13:33', '2020-09-04 09:13:33'),
(137, 105, 275, 0.64, 10.23, 30, 3, '1-87-9', 24, 1, 0, '2020-09-04 09:21:38', '2020-09-04 09:24:39'),
(138, 105, 275, 0.64, 4.88, 7, 3, '4-8-7', 26, 1, 0, '2020-09-04 09:21:38', '2020-09-04 09:25:03'),
(139, 105, 300, 0.73, 45.23, 45, 3, '7-8-9', 9, 100, 1, '2020-09-04 09:21:38', '2020-09-11 12:19:12'),
(140, 105, 275, 0.64, 8.23, 5, 3, '7-8-9', 5, 1, 0, '2020-09-04 09:21:38', '2020-09-04 09:25:52'),
(141, 105, 300, 0.73, 20.3, 20, 3, '4-8-9', 4, 100, 1, '2020-09-04 09:21:38', '2020-09-11 12:19:12');

-- --------------------------------------------------------

--
-- Table structure for table `order_masters`
--

CREATE TABLE `order_masters` (
  `id` bigint UNSIGNED NOT NULL,
  `order_number` varchar(255) CHARACTER SET utf8mb4 COLLATE utf8mb4_unicode_ci NOT NULL,
  `person_id` bigint UNSIGNED NOT NULL,
  `agent_id` bigint UNSIGNED NOT NULL,
  `employee_id` bigint UNSIGNED NOT NULL,
  `date_of_order` date NOT NULL,
  `date_of_delivery` date NOT NULL,
  `created_at` timestamp NULL DEFAULT NULL,
  `updated_at` timestamp NULL DEFAULT NULL
) ENGINE=InnoDB DEFAULT CHARSET=utf8mb4 COLLATE=utf8mb4_unicode_ci;

--
-- Dumping data for table `order_masters`
--

INSERT INTO `order_masters` (`id`, `order_number`, `person_id`, `agent_id`, `employee_id`, `date_of_order`, `date_of_delivery`, `created_at`, `updated_at`) VALUES
(89, 'ORD/000072/2020', 11, 6, 1, '2020-07-28', '2020-07-30', '2020-07-31 01:50:47', '2020-07-31 01:50:47'),
(90, 'ORD/000073/2020', 14, 6, 1, '2020-07-29', '2020-07-30', '2020-07-31 01:53:22', '2020-07-31 01:53:22'),
(91, 'ORD/000074/2020', 13, 6, 1, '2020-07-29', '2020-07-30', '2020-07-31 01:59:52', '2020-07-31 01:59:52'),
(92, 'ORD/000076/2020', 13, 3, 1, '2020-07-16', '2020-07-31', '2020-07-31 02:03:19', '2020-07-31 02:03:19'),
(93, 'ORD/000077/2020', 14, 3, 1, '2020-07-22', '2020-07-30', '2020-07-31 02:09:50', '2020-07-31 02:09:50'),
(94, 'ORD/000078/2020', 16, 2, 1, '2020-07-21', '2020-07-27', '2020-07-31 02:23:11', '2020-07-31 02:23:11'),
(95, 'ORD/000079/2020', 13, 6, 1, '2020-07-16', '2020-07-19', '2020-07-31 02:28:37', '2020-07-31 02:28:37'),
(98, 'ORD/000001/2020', 15, 3, 1, '2020-08-24', '2020-08-31', '2020-08-25 09:46:15', '2020-08-25 09:46:15'),
(99, 'ORD/000002/2020', 16, 6, 1, '2020-08-24', '2020-08-31', '2020-08-25 09:54:45', '2020-08-25 09:54:45'),
(100, 'ORD/000003/2020', 12, 6, 1, '2020-08-24', '2020-08-31', '2020-08-28 09:30:02', '2020-08-28 09:30:02'),
(101, 'ORD/000004/2020', 12, 6, 1, '2020-09-09', '2020-09-29', '2020-09-03 09:29:36', '2020-09-03 09:29:36'),
(102, 'ORD/000005/2020', 104, 6, 1, '2020-09-07', '2020-09-30', '2020-09-03 09:32:38', '2020-09-03 09:32:38'),
(103, 'ORD/000006/2020', 20, 3, 1, '2020-09-28', '2020-09-30', '2020-09-03 10:19:56', '2020-09-03 10:19:56'),
(104, 'ORD/000007/2020', 11, 6, 1, '2020-09-29', '2020-09-30', '2020-09-04 09:13:33', '2020-09-04 09:13:33'),
(105, 'ORD/000008/2020', 17, 6, 1, '2020-09-22', '2020-09-30', '2020-09-04 09:21:38', '2020-09-04 09:21:38');

-- --------------------------------------------------------

--
-- Table structure for table `person_types`
--

CREATE TABLE `person_types` (
  `id` bigint UNSIGNED NOT NULL,
  `person_type_name` varchar(255) CHARACTER SET utf8mb4 COLLATE utf8mb4_unicode_ci NOT NULL,
  `inforced` tinyint NOT NULL DEFAULT '1',
  `created_at` timestamp NULL DEFAULT NULL,
  `updated_at` timestamp NULL DEFAULT NULL
) ENGINE=InnoDB DEFAULT CHARSET=utf8mb4 COLLATE=utf8mb4_unicode_ci;

--
-- Dumping data for table `person_types`
--

INSERT INTO `person_types` (`id`, `person_type_name`, `inforced`, `created_at`, `updated_at`) VALUES
(1, 'Owner', 1, '2020-06-25 02:21:05', '2020-06-25 02:21:05'),
(2, 'Manager', 1, '2020-06-25 02:21:05', '2020-06-25 02:21:05'),
(3, 'Manager Workshop', 1, '2020-06-25 02:21:05', '2020-06-25 02:21:05'),
(4, 'Manager Sales', 1, '2020-06-25 02:21:05', '2020-06-25 02:21:05'),
(5, 'Manager Accounts', 1, '2020-06-25 02:21:05', '2020-06-25 02:21:05'),
(6, 'Office Staff', 1, '2020-06-25 02:21:06', '2020-06-25 02:21:06'),
(7, 'Agent', 1, '2020-06-25 02:21:06', '2020-06-25 02:21:06'),
(8, 'Worker', 1, '2020-06-25 02:21:06', '2020-06-25 02:21:06'),
(9, 'Developer', 1, '2020-06-25 02:21:06', '2020-06-25 02:21:06'),
(10, 'Customer', 1, '2020-06-25 02:21:06', '2020-06-25 02:21:06'),
(11, 'Karigarh', 1, '2020-06-25 02:21:06', '2020-06-25 02:21:06');

-- --------------------------------------------------------

--
-- Table structure for table `price_codes`
--

CREATE TABLE `price_codes` (
  `id` bigint UNSIGNED NOT NULL,
  `price_code_name` varchar(5) CHARACTER SET utf8mb4 COLLATE utf8mb4_unicode_ci NOT NULL,
  `inforced` tinyint NOT NULL DEFAULT '1',
  `created_at` timestamp NULL DEFAULT NULL,
  `updated_at` timestamp NULL DEFAULT NULL
) ENGINE=InnoDB DEFAULT CHARSET=utf8mb4 COLLATE=utf8mb4_unicode_ci;

--
-- Dumping data for table `price_codes`
--

INSERT INTO `price_codes` (`id`, `price_code_name`, `inforced`, `created_at`, `updated_at`) VALUES
(1, 'A', 1, '2020-06-25 02:21:09', '2020-06-25 02:21:09'),
(2, 'B', 1, '2020-06-25 02:21:10', '2020-06-25 02:21:10'),
(3, 'C', 1, '2020-06-25 02:21:10', '2020-06-25 02:21:10'),
(4, 'D', 1, '2020-06-25 02:21:10', '2020-06-25 02:21:10'),
(5, 'E', 1, '2020-06-25 02:21:10', '2020-06-25 02:21:10'),
(6, 'F', 1, '2020-06-25 02:21:10', '2020-06-25 02:21:10'),
(7, 'G', 1, '2020-06-25 02:21:10', '2020-06-25 02:21:10'),
(8, 'H', 1, '2020-06-25 02:21:10', '2020-06-25 02:21:10'),
(9, 'I', 1, '2020-06-25 02:21:10', '2020-06-25 02:21:10'),
(10, 'J', 1, '2020-06-25 02:21:11', '2020-06-25 02:21:11'),
(11, 'K', 1, '2020-06-25 02:21:11', '2020-06-25 02:21:11'),
(12, 'L', 1, '2020-06-25 02:21:11', '2020-06-25 02:21:11'),
(13, 'M', 1, '2020-06-25 02:21:11', '2020-06-25 02:21:11'),
(14, 'N', 1, '2020-06-25 02:21:11', '2020-06-25 02:21:11'),
(15, 'O', 1, '2020-06-25 02:21:11', '2020-06-25 02:21:11'),
(16, 'P', 1, '2020-06-25 02:21:11', '2020-06-25 02:21:11'),
(17, 'Q', 1, '2020-06-25 02:21:11', '2020-06-25 02:21:11'),
(18, 'R', 1, '2020-06-25 02:21:12', '2020-06-25 02:21:12'),
(19, 'S', 1, '2020-06-25 02:21:12', '2020-06-25 02:21:12'),
(20, 'T', 1, '2020-06-25 02:21:12', '2020-06-25 02:21:12'),
(21, 'U', 1, '2020-06-25 02:21:12', '2020-06-25 02:21:12'),
(22, 'V', 1, '2020-06-25 02:21:12', '2020-06-25 02:21:12'),
(23, 'W', 1, '2020-06-25 02:21:12', '2020-06-25 02:21:12'),
(24, 'X', 1, '2020-06-25 02:21:12', '2020-06-25 02:21:12'),
(25, 'Y', 1, '2020-06-25 02:21:13', '2020-06-25 02:21:13'),
(26, 'Z', 1, '2020-06-25 02:21:13', '2020-06-25 02:21:13');

-- --------------------------------------------------------

--
-- Table structure for table `products`
--

CREATE TABLE `products` (
  `id` bigint UNSIGNED NOT NULL,
  `model_number` varchar(40) CHARACTER SET utf8mb4 COLLATE utf8mb4_unicode_ci NOT NULL,
  `product_name` varchar(110) CHARACTER SET utf8mb4 COLLATE utf8mb4_unicode_ci NOT NULL,
  `product_category_id` bigint UNSIGNED NOT NULL,
  `price_code_id` bigint UNSIGNED NOT NULL,
  `inforced` tinyint NOT NULL DEFAULT '1',
  `created_at` timestamp NULL DEFAULT NULL,
  `updated_at` timestamp NULL DEFAULT NULL
) ENGINE=InnoDB DEFAULT CHARSET=utf8mb4 COLLATE=utf8mb4_unicode_ci;

--
-- Dumping data for table `products`
--

INSERT INTO `products` (`id`, `model_number`, `product_name`, `product_category_id`, `price_code_id`, `inforced`, `created_at`, `updated_at`) VALUES
(1, 'B7001', 'BABY', 1, 7, 1, NULL, NULL),
(2, 'B7002', 'Baby Bangle', 1, 7, 1, NULL, NULL),
(3, 'B7003', 'BABY BANGLE', 1, 8, 1, NULL, NULL),
(4, 'B7004', 'baby bangle', 1, 8, 1, NULL, NULL),
(5, 'B7008', 'baby', 1, 7, 1, NULL, NULL),
(6, 'B7009', 'Baby Bangle', 1, 7, 1, NULL, NULL),
(7, 'B7013', 'BABY BANGLE', 1, 7, 1, NULL, NULL),
(8, 'B7014', 'Baby Bangle', 1, 8, 1, NULL, NULL),
(9, 'B7018', 'Baby Bangle', 1, 8, 1, NULL, NULL),
(10, 'B7021', 'Baby Bangle', 1, 7, 1, NULL, NULL),
(11, 'B7022', 'BABY BANGLE', 1, 8, 1, NULL, NULL),
(12, 'B7023', 'Baby Bangle', 1, 7, 1, NULL, NULL),
(13, 'B7024', 'BABY', 1, 6, 1, NULL, NULL),
(14, 'B7025', 'BABY', 1, 7, 1, NULL, NULL),
(15, 'B7026', 'New Model', 1, 7, 1, NULL, NULL),
(16, 'B7027', 'Baby Bangle', 1, 5, 1, NULL, NULL),
(17, 'B7032', 'BANGALE', 1, 7, 1, NULL, NULL),
(18, 'B7035', 'Baby Bangle', 1, 7, 1, NULL, NULL),
(19, 'B7042', 'baby', 1, 6, 1, NULL, NULL),
(20, 'B7043', 'baby', 1, 7, 1, NULL, NULL),
(21, 'B7044', 'BABY BANGLE', 1, 6, 1, NULL, NULL),
(22, 'B7050', 'bangale', 1, 7, 1, NULL, NULL),
(23, 'B7052', 'Baby Bangle', 1, 7, 1, NULL, NULL),
(24, 'B7054', 'Baby Bangle', 1, 7, 1, NULL, NULL),
(25, 'B7059', 'Baby Bangle', 1, 7, 1, NULL, NULL),
(26, 'B7060', 'Baby Bangle', 1, 7, 1, NULL, NULL),
(27, 'B7061', 'Baby Bangle', 1, 6, 1, NULL, NULL),
(28, 'B7062', 'Baby Bangle', 1, 7, 1, NULL, NULL),
(29, 'B7066', 'Baby Bangle', 1, 7, 1, NULL, NULL),
(30, 'B7068', 'baby', 1, 7, 1, NULL, NULL),
(31, 'B7069', 'Baby Bangle', 1, 8, 1, NULL, NULL),
(32, 'B7079', 'Baby Bangle', 1, 4, 1, NULL, NULL),
(33, 'B7088', 'BABY BANGLE', 1, 4, 1, NULL, NULL),
(34, 'B7096', 'bangle', 1, 7, 1, NULL, NULL),
(35, 'B7097', 'baby', 1, 7, 1, NULL, NULL),
(36, 'B7098', 'BANGALE', 1, 7, 1, NULL, NULL),
(37, 'B7099', 'baby bangle', 1, 7, 1, NULL, NULL),
(38, 'B7100', 'Baby Bangle', 1, 7, 1, NULL, NULL),
(39, 'B7112', 'Baby Bangle', 1, 3, 1, NULL, NULL),
(40, 'B7115', 'Baby Bangle', 1, 7, 1, NULL, NULL),
(41, 'B7116', 'CHURI', 1, 2, 1, NULL, NULL),
(42, 'B7117', 'Baby Bangle', 1, 7, 1, NULL, NULL),
(43, 'B7222', 'LOW', 1, 6, 1, NULL, NULL),
(44, 'B7333', 'Baby Bangle', 1, 7, 1, NULL, NULL),
(45, 'C2772', 'CHURI', 1, 12, 1, NULL, NULL),
(46, 'C2773', 'CHURI', 1, 12, 1, NULL, NULL),
(47, 'F0002', 'TEENAGER', 1, 16, 1, NULL, NULL),
(48, 'F0003', 'TEENAGER', 1, 16, 1, NULL, NULL),
(49, 'F1223', 'TEENAGER', 1, 16, 1, NULL, NULL),
(50, 'F1224', 'TEENAGER', 1, 14, 1, NULL, NULL),
(51, 'F1225', 'TEENAGER', 1, 17, 1, NULL, NULL),
(52, 'F1226', 'TEENAGER', 1, 16, 1, NULL, NULL),
(53, 'F1227', 'TEENAGER', 1, 16, 1, NULL, NULL),
(54, 'F1228', 'TEENAGER', 1, 22, 1, NULL, NULL),
(55, 'F1232', 'TEENAGER', 1, 13, 1, NULL, NULL),
(56, 'F1234', 'TEENAGER', 1, 16, 1, NULL, NULL),
(57, 'L0001', 'BALA', 1, 24, 1, NULL, NULL),
(58, 'L0002', 'BALA', 1, 24, 1, NULL, NULL),
(59, 'L0003', 'BALA', 1, 24, 1, NULL, NULL),
(60, 'L0004', 'BALA', 1, 24, 1, NULL, NULL),
(61, 'L0005', 'BALA', 1, 24, 1, NULL, NULL),
(62, 'L0006', 'BALA', 1, 24, 1, NULL, NULL),
(63, 'L0007', 'BALA', 1, 24, 1, NULL, NULL),
(64, 'L0008', 'BALA', 1, 24, 1, NULL, NULL),
(65, 'L0009', 'BALA', 1, 24, 1, NULL, NULL),
(66, 'L0010', 'BALA', 1, 24, 1, NULL, NULL),
(67, 'L0011', 'BALA', 1, 24, 1, NULL, NULL),
(68, 'L0012', 'BALA', 1, 24, 1, NULL, NULL),
(69, 'L0013', 'BALA', 1, 24, 1, NULL, NULL),
(70, 'L0014', 'BALA', 1, 24, 1, NULL, NULL),
(71, 'L0015', 'BALA', 1, 24, 1, NULL, NULL),
(72, 'L0016', 'BALA', 1, 24, 1, NULL, NULL),
(73, 'L0017', 'BALA', 1, 24, 1, NULL, NULL),
(74, 'L0018', 'Bala', 1, 24, 1, NULL, NULL),
(75, 'L0019', 'BALA', 1, 24, 1, NULL, NULL),
(76, 'L0020', 'bala', 1, 24, 1, NULL, NULL),
(77, 'L0021', 'BALA', 1, 24, 1, NULL, NULL),
(78, 'L0022', 'BALA', 1, 24, 1, NULL, NULL),
(79, 'L0023', 'BALA', 1, 24, 1, NULL, NULL),
(80, 'L0024', 'BALA', 1, 24, 1, NULL, NULL),
(81, 'L0025', 'bala', 1, 24, 1, NULL, NULL),
(82, 'L0026', 'BALA', 1, 24, 1, NULL, NULL),
(83, 'L0027', 'BALA', 1, 24, 1, NULL, NULL),
(84, 'L0028', 'Bala', 1, 24, 1, NULL, NULL),
(85, 'L0101', 'MINA BALA', 1, 25, 1, NULL, NULL),
(86, 'L0102', 'MINA BALA', 1, 25, 1, NULL, NULL),
(87, 'L0103', 'MINA BALA', 1, 25, 1, NULL, NULL),
(88, 'L0104', 'MINA BALA', 1, 25, 1, NULL, NULL),
(89, 'L0105', 'MINA BALA', 1, 25, 1, NULL, NULL),
(90, 'L0106', 'MINA BALA', 1, 25, 1, NULL, NULL),
(91, 'L0107', 'MINA BALA', 1, 25, 1, NULL, NULL),
(92, 'L0108', 'BALA', 1, 25, 1, NULL, NULL),
(93, 'L0109', 'MINA BALA', 1, 25, 1, NULL, NULL),
(94, 'L0110', 'BALA', 1, 25, 1, NULL, NULL),
(95, 'M0431', 'CHURI', 1, 15, 1, NULL, NULL),
(96, 'N6028', 'New Model', 1, 15, 1, NULL, NULL),
(97, 'N6029', 'baby', 1, 15, 1, NULL, NULL),
(98, 'N6030', 'bangale', 1, 15, 1, NULL, NULL),
(99, 'N6031', 'BANGAL', 1, 15, 1, NULL, NULL),
(100, 'N6032', 'bangale', 1, 15, 1, NULL, NULL),
(101, 'N6033', 'BANGALE', 1, 15, 1, NULL, NULL),
(102, 'N6034', 'BANGALE', 1, 15, 1, NULL, NULL),
(103, 'N6035', 'bangale', 1, 15, 1, NULL, NULL),
(104, 'N6036', 'BANGALE', 1, 15, 1, NULL, NULL),
(105, 'N6039', 'bangale', 1, 15, 1, NULL, NULL),
(106, 'C0001', 'Thokai Bangla Churi Soru ', 2, 7, 1, NULL, NULL),
(107, 'C0002', 'Thokai Bangla Churi Soru ', 2, 7, 1, NULL, NULL),
(108, 'C0003', 'Thokai Bangla Churi Soru ', 2, 6, 1, NULL, NULL),
(109, 'C0004', 'Thokai Bangal Churi Soru ', 2, 6, 1, NULL, NULL),
(110, 'C0005', 'Thokai Bangla Churi Soru ', 2, 6, 1, NULL, NULL),
(111, 'C0006', 'Thokai Bangla Churi Soru ', 2, 7, 1, NULL, NULL),
(112, 'C0007', 'Thokai Churi', 2, 7, 1, NULL, NULL),
(113, 'C0008', 'Thokai Bangla Churi Soru ', 2, 6, 1, NULL, NULL),
(114, 'C0009', 'Thokai Bangla Churi Soru ', 2, 6, 1, NULL, NULL),
(115, 'C0010', 'Thokai Bangla Churi Soru ', 2, 7, 1, NULL, NULL),
(116, 'C0011', 'Thokai Bangla Churi Soru ', 2, 7, 1, NULL, NULL),
(117, 'C0012', 'Thokai Bangla Churi Soru  ', 2, 6, 1, NULL, NULL),
(118, 'C0013', 'Thokai Bangla Churi Soru ', 2, 6, 1, NULL, NULL),
(119, 'C0014', 'Thokai Bangla Churi Soru ', 2, 6, 1, NULL, NULL),
(120, 'C0015', 'Thokai Bangla Churi Soru ', 2, 6, 1, NULL, NULL),
(121, 'C0016', 'Thokai Bangla Churi Soru ', 2, 6, 1, NULL, NULL),
(122, 'C0017', 'Thokai Bangla Churi Soru ', 2, 7, 1, NULL, NULL),
(123, 'C0018', 'Thokai Bangla Churi Soru ', 2, 6, 1, NULL, NULL),
(124, 'C0019', 'Thokai Bangla Churi Soru ', 2, 6, 1, NULL, NULL),
(125, 'C0020', 'Thokai Bangla Churi Soru ', 2, 6, 1, NULL, NULL),
(126, 'C0022', 'Thokai Bangla Churi Soru ', 2, 8, 1, NULL, NULL),
(127, 'C0023', 'Thokai Bangla Churi Soru ', 2, 7, 1, NULL, NULL),
(128, 'C0024', 'Thokai Bangla Churi Soru ', 2, 7, 1, NULL, NULL),
(129, 'C0025', 'Thokai Bangla Churi Soru ', 2, 7, 1, NULL, NULL),
(130, 'C0026', 'Thokai Bangla Churi Soru ', 2, 7, 1, NULL, NULL),
(131, 'C0027', 'Thokai Bangla Churi Soru ', 2, 7, 1, NULL, NULL),
(132, 'C0028', 'Thokai Bangla Churi Soru ', 2, 7, 1, NULL, NULL),
(133, 'C0029', 'Thokai Bangla Churi Soru ', 2, 7, 1, NULL, NULL),
(134, 'C0030', 'Thokai Bangla Churi Soru ', 2, 7, 1, NULL, NULL),
(135, 'C0031', 'Thokai Bangla Churi Soru ', 2, 8, 1, NULL, NULL),
(136, 'C0032', 'Thokai Bangla Churi Soru ', 2, 7, 1, NULL, NULL),
(137, 'C0033', 'Thokai Bangla Churi Soru ', 2, 8, 1, NULL, NULL),
(138, 'C0034', 'Thokai Bangla Churi Soru ', 2, 7, 1, NULL, NULL),
(139, 'C0035', 'Thokai Bangla Churi Soru ', 2, 7, 1, NULL, NULL),
(140, 'C0036', 'Thokai bangla churi majhari', 2, 7, 1, NULL, NULL),
(141, 'C0037', 'Thokai bangla churi majhari', 2, 7, 1, NULL, NULL),
(142, 'C0038', 'Thokai bangla churi majhari', 2, 7, 1, NULL, NULL),
(143, 'C0039', 'Thokai bangla churi majhari', 2, 7, 1, NULL, NULL),
(144, 'C0040', 'Thokai bangla churi majhari', 2, 7, 1, NULL, NULL),
(145, 'C0041', 'Thokai bangla churi majhari', 2, 7, 1, NULL, NULL),
(146, 'C0042', 'Thokai bangal churi majhari', 2, 7, 1, NULL, NULL),
(147, 'C0043', 'Thokai bangal churi majhari', 2, 7, 1, NULL, NULL),
(148, 'C0044', 'Thokai bangal churi majhari', 2, 7, 1, NULL, NULL),
(149, 'C0045', 'Thokai bangal churi majhari', 2, 7, 1, NULL, NULL),
(150, 'C0046', 'Thokai bangal churi majhari', 2, 7, 1, NULL, NULL),
(151, 'C0047', 'Thokai bangal churi majhari', 2, 7, 1, NULL, NULL),
(152, 'C0048', 'Thokai bangal churi majhari', 2, 7, 1, NULL, NULL),
(153, 'C0049', 'Thokai bangal churi majhari', 2, 7, 1, NULL, NULL),
(154, 'C0050', 'Thokai bangal churi majhari', 2, 7, 1, NULL, NULL),
(155, 'C0051', 'Thokai bangal churi majhari', 2, 7, 1, NULL, NULL),
(156, 'C0052', 'Thokai bangal churi majhari', 2, 7, 1, NULL, NULL),
(157, 'C0053', 'Thokai bangal churi majhari', 2, 7, 1, NULL, NULL),
(158, 'C0054', 'Thokai bangal churi majhari', 2, 7, 1, NULL, NULL),
(159, 'C0055', 'Thokai bangal churi majhari', 2, 7, 1, NULL, NULL),
(160, 'C0056', 'Thokai bangal churi majhari', 2, 7, 1, NULL, NULL),
(161, 'C0057', 'Thokai bangal churi majhari', 2, 7, 1, NULL, NULL),
(162, 'C0058', 'Thokai bangal churi majhari', 2, 7, 1, NULL, NULL),
(163, 'C0059', 'Thokai bangal churi majhari', 2, 7, 1, NULL, NULL),
(164, 'C0060', 'Thokai bangal churi majhari', 2, 8, 1, NULL, NULL),
(165, 'C0061', 'Thokai bangal churi majhari', 2, 7, 1, NULL, NULL),
(166, 'C0062', 'Thokai bangal churi majhari', 2, 7, 1, NULL, NULL),
(167, 'C0063', 'Thokai bangal churi majhari', 2, 7, 1, NULL, NULL),
(168, 'C0064', 'Thokai bangal churi majhari', 2, 7, 1, NULL, NULL),
(169, 'C0065', 'Thokai bangal churi majhari', 2, 7, 1, NULL, NULL),
(170, 'C0066', 'Thokai bangal churi majhari', 2, 7, 1, NULL, NULL),
(171, 'C0067', 'Thokai bangal churi majhari', 2, 7, 1, NULL, NULL),
(172, 'C0068', 'Thokai bangal churi majhari', 2, 7, 1, NULL, NULL),
(173, 'C0069', 'Thokai bangal churi majhari', 2, 7, 1, NULL, NULL),
(174, 'C0070', 'Thokai bangal churi majhari', 2, 8, 1, NULL, NULL),
(175, 'C0072', 'Thokai bangal mena churi majari', 2, 7, 1, NULL, NULL),
(176, 'C0073', 'Thokai bangal mena churi majari', 2, 7, 1, NULL, NULL),
(177, 'C0074', 'Thokai bangal mena churi majari', 2, 8, 1, NULL, NULL),
(178, 'C0075', 'Thokai bangal mena churi majari', 2, 9, 1, NULL, NULL),
(179, 'C0076', 'Thokai bangal mena churi majari', 2, 8, 1, NULL, NULL),
(180, 'C0077', 'Thokai bangal mena churi majari', 2, 7, 1, NULL, NULL),
(181, 'C0078', 'Thokai bangla churi majari', 2, 8, 1, NULL, NULL),
(182, 'C0079', 'THOKAI DD CHURI SORU', 2, 6, 1, NULL, NULL),
(183, 'C0080', 'Thokai bangal mena churi majari', 2, 6, 1, NULL, NULL),
(184, 'C0081', 'Thokai bangal churi majari', 2, 7, 1, NULL, NULL),
(185, 'C0082', 'Thokai bangal mena churi majari', 2, 8, 1, NULL, NULL),
(186, 'C0083', 'Thokai bangal mena churi majari', 2, 8, 1, NULL, NULL),
(187, 'C0084', 'Thokai bangal mena churi majari', 2, 8, 1, NULL, NULL),
(188, 'C0085', 'Thokai bangal mena churi majari', 2, 8, 1, NULL, NULL),
(189, 'C0086', 'Thokai bangal mena churi majari', 2, 7, 1, NULL, NULL),
(190, 'C0087', 'Thokai bangal mena churi majari', 2, 7, 1, NULL, NULL),
(191, 'C0089', 'Thokai bangal mena churi majari', 2, 8, 1, NULL, NULL),
(192, 'C0090', 'Thokai bangal mena churi majari', 2, 7, 1, NULL, NULL),
(193, 'C0091', 'Thokai bangal mena churi majari', 2, 7, 1, NULL, NULL),
(194, 'C0092', 'Thokai bangal mena churi majari', 2, 7, 1, NULL, NULL),
(195, 'C0093', 'Thokai churi', 2, 7, 1, NULL, NULL),
(196, 'C0094', 'Thokai bangal mena churi majari', 2, 7, 1, NULL, NULL),
(197, 'C0095', 'Thokai Churi', 2, 7, 1, NULL, NULL),
(198, 'C0096', 'Thokai churi', 2, 7, 1, NULL, NULL),
(199, 'C0097', 'Thokai churi', 2, 11, 1, NULL, NULL),
(200, 'C0098', 'Thokai churi', 2, 7, 1, NULL, NULL),
(201, 'C0099', 'Thokai churi', 2, 7, 1, NULL, NULL),
(202, 'C0100', 'Thokai churi', 2, 8, 1, NULL, NULL),
(203, 'C0101', 'Machin chala flat churi saru', 2, 6, 1, NULL, NULL),
(204, 'C0102', 'Machin chala flat churi ', 2, 6, 1, NULL, NULL),
(205, 'C0103', 'Machin chala flat churi ', 2, 6, 1, NULL, NULL),
(206, 'C0104', 'Machin chala flat churi ', 2, 6, 1, NULL, NULL),
(207, 'C0105', 'Machin chala flat churi ', 2, 6, 1, NULL, NULL),
(208, 'C0106', 'Machin chala flat churi ', 2, 7, 1, NULL, NULL),
(209, 'C0107', 'Machin chala flat churi ', 2, 9, 1, NULL, NULL),
(210, 'C0108', 'Machin chala flat churi ', 2, 6, 1, NULL, NULL),
(211, 'C0109', 'Machine chela flat churi ', 2, 6, 1, NULL, NULL),
(212, 'C0110', 'Machin chala flat churi ', 2, 6, 1, NULL, NULL),
(213, 'C0111', 'Machin chala flat mena churi saru', 2, 6, 1, NULL, NULL),
(214, 'C0112', 'Machin chala flat mena churi saru', 2, 6, 1, NULL, NULL),
(215, 'C0113', 'Machin chala flat mena churi saru', 2, 6, 1, NULL, NULL),
(216, 'C0114', 'Machin chala flat mena churi saru', 2, 7, 1, NULL, NULL),
(217, 'C0115', 'Machin chala flat mena churi saru', 2, 6, 1, NULL, NULL),
(218, 'C0116', 'Machin chala flat  churi majhari', 2, 6, 1, NULL, NULL),
(219, 'C0117', 'Machin chala flat  churi majhari', 2, 7, 1, NULL, NULL),
(220, 'C0118', 'Machin chala flat  churi majhari', 2, 7, 1, NULL, NULL),
(221, 'C0119', 'Machin chala flat  churi majhari', 2, 6, 1, NULL, NULL),
(222, 'C0120', 'Machin chala flat  churi majhari', 2, 7, 1, NULL, NULL),
(223, 'C0121', 'Machin chala flat  churi majhari', 2, 6, 1, NULL, NULL),
(224, 'C0122', 'Machin chala flat  churi majhari', 2, 7, 1, NULL, NULL),
(225, 'C0123', 'Machin chala flat  churi majhari', 2, 6, 1, NULL, NULL),
(226, 'C0124', 'Machin chala flat  churi majhari', 2, 6, 1, NULL, NULL),
(227, 'C0125', 'Machin chala flat  churi majhari', 2, 6, 1, NULL, NULL),
(228, 'C0126', 'Machin chala flat  churi majhari', 2, 6, 1, NULL, NULL),
(229, 'C0127', 'Machin chala flat  churi majhari', 2, 6, 1, NULL, NULL),
(230, 'C0128', 'Machin chala flat  churi majhari', 2, 6, 1, NULL, NULL),
(231, 'C0129', 'Machin chala flat  churi majhari', 2, 6, 1, NULL, NULL),
(232, 'C0130', 'Machin chala flat  churi majhari', 2, 9, 1, NULL, NULL),
(233, 'C0131', 'Machin chala flat  churi majhari', 2, 7, 1, NULL, NULL),
(234, 'C0132', 'Machin chala flat  churi majhari', 2, 6, 1, NULL, NULL),
(235, 'C0133', 'Machin chala flat  churi majhari', 2, 6, 1, NULL, NULL),
(236, 'C0134', 'Machin chala flat  churi majhari', 2, 7, 1, NULL, NULL),
(237, 'C0135', 'Machin chala flat  churi majhari', 2, 7, 1, NULL, NULL),
(238, 'C0136', 'Machin chala flat  churi majhari', 2, 7, 1, NULL, NULL),
(239, 'C0137', 'Machin chala flat  churi majhari', 2, 6, 1, NULL, NULL),
(240, 'C0138', 'Machin chala flat  churi majhari', 2, 6, 1, NULL, NULL),
(241, 'C0139', 'Machin chala flat  churi majhari', 2, 6, 1, NULL, NULL),
(242, 'C0140', 'Machin chala flat  churi majhari', 2, 7, 1, NULL, NULL),
(243, 'C0142', 'Machin chala flat mena churi majhari', 2, 7, 1, NULL, NULL),
(244, 'C0143', 'Machin chala flat mena churi majhari', 2, 7, 1, NULL, NULL),
(245, 'C0144', 'Machin chala flat mena churi majhari', 2, 7, 1, NULL, NULL),
(246, 'C0145', 'Machin chala flat mena churi majhari', 2, 10, 1, NULL, NULL),
(247, 'C0146', 'Machin chala flat mena churi majhari', 2, 10, 1, NULL, NULL),
(248, 'C0147', 'Machin chala flat mena churi majhari', 2, 7, 1, NULL, NULL),
(249, 'C0148', 'Machin chala flat mena churi majhari', 2, 7, 1, NULL, NULL),
(250, 'C0149', 'Machin chala flat mena churi majhari', 2, 7, 1, NULL, NULL),
(251, 'C0150', 'Machin chala flat mena churi majhari', 2, 7, 1, NULL, NULL),
(252, 'C0151', 'Machin chala flat mena churi majhari', 2, 8, 1, NULL, NULL),
(253, 'C0152', 'Machin chala flat mena churi majhari', 2, 9, 1, NULL, NULL),
(254, 'C0153', 'Machin chala flat mena churi majhari', 2, 7, 1, NULL, NULL),
(255, 'C0154', 'Machin chala flat mena churi majhari', 2, 8, 1, NULL, NULL),
(256, 'C0155', 'Machin chala flat mena churi majhari', 2, 8, 1, NULL, NULL),
(257, 'C0156', 'Machin chala flat mena churi majhari', 2, 8, 1, NULL, NULL),
(258, 'C0157', 'Machin chala flat mena churi majhari', 2, 8, 1, NULL, NULL),
(259, 'C0158', 'Machin chala flat mena churi majhari', 2, 7, 1, NULL, NULL),
(260, 'C0159', 'Machin chala flat mena churi majhari', 2, 9, 1, NULL, NULL),
(261, 'C0160', 'Machin chala flat mena churi majhari', 2, 7, 1, NULL, NULL),
(262, 'C0161', 'Machin chala flat mena churi majhari', 2, 9, 1, NULL, NULL),
(263, 'C0162', 'Machin chala flat mena churi majhari', 2, 8, 1, NULL, NULL),
(264, 'C0163', 'Machin chala flat mena churi majhari', 2, 7, 1, NULL, NULL),
(265, 'C0164', 'Machin chala flat mena churi majhari', 2, 7, 1, NULL, NULL),
(266, 'C0165', 'Machin chala flat mena churi majhari', 2, 7, 1, NULL, NULL),
(267, 'C0166', 'Machin chala flat churi chowrah', 2, 11, 1, NULL, NULL),
(268, 'C0167', 'Machin chala flat churi chowrah', 2, 11, 1, NULL, NULL),
(269, 'C0168', 'Machin chala flat churi chowrah', 2, 7, 1, NULL, NULL),
(270, 'C0169', 'Machin chala flat churi chowrah', 2, 11, 1, NULL, NULL),
(271, 'C0170', 'Machin chala flat churi chowrah', 2, 9, 1, NULL, NULL),
(272, 'C0171', 'Machin chala flat churi chowrah', 2, 7, 1, NULL, NULL),
(273, 'C0172', 'Machin chala flat churi chowrah', 2, 7, 1, NULL, NULL),
(274, 'C0173', 'Machin chala flat churi chowrah', 2, 7, 1, NULL, NULL),
(275, 'C0174', 'Machin chala flat churi chowrah', 2, 7, 1, NULL, NULL),
(276, 'C0175', 'Machin chala flat churi chowrah', 2, 7, 1, NULL, NULL),
(277, 'C0176', 'Machin chala flat churi chowrah', 2, 7, 1, NULL, NULL),
(278, 'C0177', 'Machin chala flat churi chowrah', 2, 7, 1, NULL, NULL),
(279, 'C0178', 'Machin chala flat churi chowrah', 2, 7, 1, NULL, NULL),
(280, 'C0179', 'Machin chala flat churi chowrah', 2, 7, 1, NULL, NULL),
(281, 'C0180', 'Machin chala flat churi chowrah', 2, 7, 1, NULL, NULL),
(282, 'C0181', 'Machin chala flat mena churi chowrah', 2, 8, 1, NULL, NULL),
(283, 'C0182', 'Machin chala flat mena churi chowrah', 2, 8, 1, NULL, NULL),
(284, 'C0183', 'Machin chala flat mena churi chowrah', 2, 8, 1, NULL, NULL),
(285, 'C0184', 'Machin chala flat mena churi chowrah', 2, 8, 1, NULL, NULL),
(286, 'C0185', 'Machin chala flat mena churi chowrah', 2, 8, 1, NULL, NULL),
(287, 'C0186', 'Machin chala flat mena churi chowrah', 2, 8, 1, NULL, NULL),
(288, 'C0187', 'Machin chala flat mena churi chowrah', 2, 8, 1, NULL, NULL),
(289, 'C0188', 'Machin chala flat mena churi chowrah', 2, 8, 1, NULL, NULL),
(290, 'C0189', 'Machin chala flat mena churi chowrah', 2, 8, 1, NULL, NULL),
(291, 'C0190', 'Machin chala flat mena churi chowrah', 2, 12, 1, NULL, NULL),
(292, 'C0191', 'Machin chala flat mena churi chowrah', 2, 9, 1, NULL, NULL),
(293, 'C0192', 'Machin chala flat mena churi chowrah', 2, 7, 1, NULL, NULL),
(294, 'C0193', 'Machin chala flat mena churi chowrah', 2, 8, 1, NULL, NULL),
(295, 'C0194', 'Machin chala flat mena churi chowrah', 2, 8, 1, NULL, NULL),
(296, 'C0195', 'Machin chala flat mena churi chowrah', 2, 13, 1, NULL, NULL),
(297, 'C0196', 'Machin chala flat mena churi chowrah', 2, 9, 1, NULL, NULL),
(298, 'C0197', 'Machin chala flat mena churi chowrah', 2, 8, 1, NULL, NULL),
(299, 'C0200', 'Machin chala flat mena churi chowrah', 2, 12, 1, NULL, NULL),
(300, 'C0201', 'Thikai dd churi saru', 2, 7, 1, NULL, NULL),
(301, 'C0202', 'Thikai dd churi saru', 2, 7, 1, NULL, NULL),
(302, 'C0203', 'Thikai dd churi saru', 2, 6, 1, NULL, NULL),
(303, 'C0204', 'Thikai dd churi saru', 2, 6, 1, NULL, NULL),
(304, 'C0205', 'Thikai dd churi saru', 2, 8, 1, NULL, NULL),
(305, 'C0206', 'Thikai dd churi saru', 2, 7, 1, NULL, NULL),
(306, 'C0207', 'Thikai dd churi saru', 2, 6, 1, NULL, NULL),
(307, 'C0208', 'Thikai dd churi saru', 2, 6, 1, NULL, NULL),
(308, 'C0209', 'Thikai dd churi saru', 2, 6, 1, NULL, NULL),
(309, 'C0210', 'Thikai dd churi saru', 2, 7, 1, NULL, NULL),
(310, 'C0211', 'Thikai dd churi saru', 2, 7, 1, NULL, NULL),
(311, 'C0212', 'Thikai dd churi saru', 2, 7, 1, NULL, NULL),
(312, 'C0213', 'Thikai dd churi saru', 2, 8, 1, NULL, NULL),
(313, 'C0214', 'Thikai dd churi saru', 2, 7, 1, NULL, NULL),
(314, 'C0215', 'Thikai dd churi', 2, 8, 1, NULL, NULL),
(315, 'C0216', 'Thokai dd churi', 2, 7, 1, NULL, NULL),
(316, 'C0217', 'Thikai dd churi saru', 2, 7, 1, NULL, NULL),
(317, 'C0218', 'Thikai dd churi', 2, 8, 1, NULL, NULL),
(318, 'C0219', 'Thokai dd churi', 2, 8, 1, NULL, NULL),
(319, 'C0220', 'thokai dd churi  soru', 2, 8, 1, NULL, NULL),
(320, 'C0221', 'thokai dd mena churi soru ', 2, 7, 1, NULL, NULL),
(321, 'C0222', 'PLAZA', 2, 8, 1, NULL, NULL),
(322, 'C0223', 'thokai dd mena churi  soru', 2, 6, 1, NULL, NULL),
(323, 'C0224', 'thokai dd mena churi  soru', 2, 6, 1, NULL, NULL),
(324, 'C0225', 'thokai dd mena churi  soru', 2, 6, 1, NULL, NULL),
(325, 'C0226', 'thokai dd mena churi  soru', 2, 6, 1, NULL, NULL),
(326, 'C0227', 'thokai dd mena churi  soru', 2, 6, 1, NULL, NULL),
(327, 'C0228', 'thokai dd mena churi soru', 2, 6, 1, NULL, NULL),
(328, 'C0229', 'thokai dd mena churi  soru', 2, 6, 1, NULL, NULL),
(329, 'C0230', 'thokai dd mena churi  soru', 2, 6, 1, NULL, NULL),
(330, 'C0231', 'thokai dd mena churi  soru', 2, 6, 1, NULL, NULL),
(331, 'C0232', 'thokai dd mena churi  soru', 2, 6, 1, NULL, NULL),
(332, 'C0233', 'thokai dd mena churi  soru', 2, 6, 1, NULL, NULL),
(333, 'C0234', 'thokai dd mena churi  soru', 2, 6, 1, NULL, NULL),
(334, 'C0235', 'thokai dd mena churi  soru', 2, 8, 1, NULL, NULL),
(335, 'C0236', 'thokai dd churi  maghari', 2, 8, 1, NULL, NULL),
(336, 'C0237', 'thokai dd churi  maghari', 2, 8, 1, NULL, NULL),
(337, 'C0238', 'thokai dd churi  maghari', 2, 6, 1, NULL, NULL),
(338, 'C0239', 'thokai dd churi  maghari', 2, 6, 1, NULL, NULL),
(339, 'C0240', 'thokai dd churi  maghari', 2, 6, 1, NULL, NULL),
(340, 'C0241', 'Thokai dd churi  maghari', 2, 7, 1, NULL, NULL),
(341, 'C0242', 'thokai dd churi  maghari', 2, 8, 1, NULL, NULL),
(342, 'C0243', 'thokai dd churi  maghari', 2, 7, 1, NULL, NULL),
(343, 'C0244', 'thokai dd churi  maghari', 2, 6, 1, NULL, NULL),
(344, 'C0245', 'thokai dd churi  maghari', 2, 8, 1, NULL, NULL),
(345, 'C0246', 'thokai dd churi  maghari', 2, 6, 1, NULL, NULL),
(346, 'C0247', 'thokai dd churi  maghari', 2, 6, 1, NULL, NULL),
(347, 'C0248', 'thokai dd churi  maghari', 2, 7, 1, NULL, NULL),
(348, 'C0249', 'thokai dd churi  maghari', 2, 8, 1, NULL, NULL),
(349, 'C0250', 'thokai dd churi  maghari', 2, 7, 1, NULL, NULL),
(350, 'C0251', 'thokai dd churi  maghari', 2, 8, 1, NULL, NULL),
(351, 'C0252', 'thokai dd churi  maghari', 2, 7, 1, NULL, NULL),
(352, 'C0253', 'thokai dd churi  maghari', 2, 6, 1, NULL, NULL),
(353, 'C0254', 'thokai dd churi  maghari', 2, 6, 1, NULL, NULL),
(354, 'C0255', 'thokai dd churi  maghari', 2, 8, 1, NULL, NULL),
(355, 'C0256', 'Thokai DD mina Churi Majhari', 2, 8, 1, NULL, NULL),
(356, 'C0257', 'Thokai DD Churi  Majhari', 2, 8, 1, NULL, NULL),
(357, 'C0258', 'Thokai DD Churi  Majhari', 2, 8, 1, NULL, NULL),
(358, 'C0259', 'Thokai DD Mina Churi  Majhari', 2, 7, 1, NULL, NULL),
(359, 'C0260', 'Thokai DD Churi  Majhari', 2, 9, 1, NULL, NULL),
(360, 'C0262', 'Thokai dd mena churi majhari', 2, 7, 1, NULL, NULL),
(361, 'C0267', 'Thokai dd mena churi majhari', 2, 7, 1, NULL, NULL),
(362, 'C0268', 'Thokai dd mena churi majhari', 2, 7, 1, NULL, NULL),
(363, 'C0269', 'Thokai dd mena churi majhari', 2, 8, 1, NULL, NULL),
(364, 'C0270', 'Thokai dd mena churi majhari', 2, 9, 1, NULL, NULL),
(365, 'C0271', 'thokai dd churi chowrah', 2, 9, 1, NULL, NULL),
(366, 'C0272', 'thokai dd churi chowrah', 2, 7, 1, NULL, NULL),
(367, 'C0273', 'thokai dd churi chowrah', 2, 7, 1, NULL, NULL),
(368, 'C0274', 'thokai dd churi chowrah', 2, 7, 1, NULL, NULL),
(369, 'C0275', 'thokai dd churi chowrah', 2, 7, 1, NULL, NULL),
(370, 'C0276', 'thokai dd churi chowrah', 2, 7, 1, NULL, NULL),
(371, 'C0277', 'thokai dd churi chowrah', 2, 8, 1, NULL, NULL),
(372, 'C0278', 'thokai dd churi chowrah', 2, 8, 1, NULL, NULL),
(373, 'C0279', 'thokai dd churi chowrah', 2, 7, 1, NULL, NULL),
(374, 'C0280', 'thokai dd churi chowrah', 2, 7, 1, NULL, NULL),
(375, 'C0287', 'THOKAI DD CHURI', 2, 8, 1, NULL, NULL),
(376, 'C0288', 'THOKAI DD CHURI', 2, 9, 1, NULL, NULL),
(377, 'C0289', 'THOKAI DD CHURI', 2, 8, 1, NULL, NULL),
(378, 'C0290', 'THOKAI DD CHURI MAJHARI', 2, 8, 1, NULL, NULL),
(379, 'C0291', 'thokai dd churi chowrah', 2, 6, 1, NULL, NULL),
(380, 'C0292', 'THOKAI DD CHURI', 2, 8, 1, NULL, NULL),
(381, 'C0293', 'Thokai DD Churi', 2, 8, 1, NULL, NULL),
(382, 'C0296', 'THOKAI PLAZA', 2, 8, 1, NULL, NULL),
(383, 'C0297', 'DD PLAZA', 2, 8, 1, NULL, NULL),
(384, 'C0298', 'dd plaza', 2, 8, 1, NULL, NULL),
(385, 'C0299', 'D.D CHURI', 2, 9, 1, NULL, NULL),
(386, 'C0301', 'Thokai joy puri churi soru ', 2, 7, 1, NULL, NULL),
(387, 'C0302', 'Thokai joy puri churi soru ', 2, 7, 1, NULL, NULL),
(388, 'C0303', 'Thokai joy puri churi soru ', 2, 7, 1, NULL, NULL),
(389, 'C0304', 'Thokai joy puri churi soru ', 2, 7, 1, NULL, NULL),
(390, 'C0305', 'Thokai joy puri churi soru ', 2, 7, 1, NULL, NULL),
(391, 'C0306', 'Thokai joy puri churi soru ', 2, 7, 1, NULL, NULL),
(392, 'C0307', 'Thokai joy puri churi soru ', 2, 7, 1, NULL, NULL),
(393, 'C0308', 'Thokai joy puri churi soru ', 2, 7, 1, NULL, NULL),
(394, 'C0309', 'Thokai joy puri churi soru ', 2, 7, 1, NULL, NULL),
(395, 'C0310', 'Thokai joy puri churi soru ', 2, 7, 1, NULL, NULL),
(396, 'C0311', 'Thokai joy puri churi soru ', 2, 7, 1, NULL, NULL),
(397, 'C0312', 'Thokai joy puri churi soru ', 2, 7, 1, NULL, NULL),
(398, 'C0313', 'Thokai joy puri churi soru ', 2, 7, 1, NULL, NULL),
(399, 'C0314', 'Thokai joy puri churi soru ', 2, 7, 1, NULL, NULL),
(400, 'C0315', 'Thokai joy puri churi soru ', 2, 7, 1, NULL, NULL),
(401, 'C0316', 'Thokai joy puri churi soru ', 2, 7, 1, NULL, NULL),
(402, 'C0317', 'Thokai joy puri churi soru ', 2, 7, 1, NULL, NULL),
(403, 'C0318', 'Thokai joy puri churi soru ', 2, 7, 1, NULL, NULL),
(404, 'C0319', 'Thokai joypuri Plaza churi', 2, 8, 1, NULL, NULL),
(405, 'C0320', 'Thokai joy puri churi soru ', 2, 8, 1, NULL, NULL),
(406, 'C0321', 'Thokai joypuri mena churi soru', 2, 8, 1, NULL, NULL),
(407, 'C0322', 'Thokai joypuri mena churi soru', 2, 8, 1, NULL, NULL),
(408, 'C0323', 'Thokai joypuri mena churi soru', 2, 8, 1, NULL, NULL),
(409, 'C0324', 'Thokai joypuri mena churi soru', 2, 8, 1, NULL, NULL),
(410, 'C0325', 'Thokai joypuri mena churi soru', 2, 8, 1, NULL, NULL),
(411, 'C0326', 'Thokai joypuri mena churi soru', 2, 8, 1, NULL, NULL),
(412, 'C0327', 'Thokai joypuri mena churi soru', 2, 8, 1, NULL, NULL),
(413, 'C0328', 'Thokai joypuri mena churi soru', 2, 8, 1, NULL, NULL),
(414, 'C0329', 'Thokai joypuri mena churi soru', 2, 8, 1, NULL, NULL),
(415, 'C0330', 'Thokai joypuri mena churi soru', 2, 8, 1, NULL, NULL),
(416, 'C0331', 'Thokai joypuri mena churi soru', 2, 8, 1, NULL, NULL),
(417, 'C0332', 'Thokai joypuri mena churi soru', 2, 8, 1, NULL, NULL),
(418, 'C0333', 'Thokai joypuri mena churi soru', 2, 8, 1, NULL, NULL),
(419, 'C0334', 'Thokai joypuri mena churi soru', 2, 8, 1, NULL, NULL),
(420, 'C0335', 'Thokai joypuri mena churi soru', 2, 8, 1, NULL, NULL),
(421, 'C0336', 'Thokai joypuri churi maghari', 2, 8, 1, NULL, NULL),
(422, 'C0337', 'Thokai joypuri churi maghari', 2, 8, 1, NULL, NULL),
(423, 'C0338', 'Thokai joypuri churi maghari', 2, 8, 1, NULL, NULL),
(424, 'C0339', 'Thokai joypuri churi maghari', 2, 8, 1, NULL, NULL),
(425, 'C0340', 'Thokai joypuri churi maghari', 2, 8, 1, NULL, NULL),
(426, 'C0341', 'Thokai joypuri churi maghari', 2, 8, 1, NULL, NULL),
(427, 'C0342', 'Thokai joypuri churi maghari', 2, 8, 1, NULL, NULL),
(428, 'C0343', 'Thokai joypuri churi maghari', 2, 8, 1, NULL, NULL),
(429, 'C0344', 'Thokai joypuri churi maghari', 2, 8, 1, NULL, NULL),
(430, 'C0345', 'Thokai joypuri churi maghari', 2, 8, 1, NULL, NULL),
(431, 'C0346', 'Thokai joypuri churi maghari', 2, 8, 1, NULL, NULL),
(432, 'C0347', 'Thokai joypuri churi maghari', 2, 8, 1, NULL, NULL),
(433, 'C0348', 'Thokai joypuri churi maghari', 2, 8, 1, NULL, NULL),
(434, 'C0349', 'Thokai joypuri churi maghari', 2, 8, 1, NULL, NULL),
(435, 'C0350', 'Thokai joypuri churi maghari', 2, 8, 1, NULL, NULL),
(436, 'C0351', 'Thokai joypuri churi maghari', 2, 8, 1, NULL, NULL),
(437, 'C0352', 'Thokai joypuri churi maghari', 2, 8, 1, NULL, NULL),
(438, 'C0353', 'Thokai joypuri churi maghari', 2, 8, 1, NULL, NULL),
(439, 'C0354', 'Thokai joypuri churi maghari', 2, 8, 1, NULL, NULL),
(440, 'C0355', 'Thokai joypuri churi maghari', 2, 8, 1, NULL, NULL),
(441, 'C0356', 'Thokai joypuri churi maghari', 2, 8, 1, NULL, NULL),
(442, 'C0357', 'Thokai joypuri churi maghari', 2, 8, 1, NULL, NULL),
(443, 'C0358', 'Thokai joypuri churi maghari', 2, 8, 1, NULL, NULL),
(444, 'C0359', 'Thokai joypuri churi maghari', 2, 8, 1, NULL, NULL),
(445, 'C0360', 'Thokai joypuri churi maghari', 2, 8, 1, NULL, NULL),
(446, 'C0363', 'Thokai joypuri meena churi maghari', 2, 7, 1, NULL, NULL),
(447, 'C0365', 'Thokai joypuri meena churi maghari', 2, 9, 1, NULL, NULL),
(448, 'C0368', 'Thokai joypuri meena churi maghari', 2, 8, 1, NULL, NULL),
(449, 'C0369', 'Thokai joypuri meena churi maghari', 2, 8, 1, NULL, NULL),
(450, 'C0370', 'Thokai joypuri meena churi maghari', 2, 8, 1, NULL, NULL),
(451, 'C0371', 'Thokai joypuri  churi chowrah', 2, 8, 1, NULL, NULL),
(452, 'C0372', 'Thokai joypuri  churi chowrah', 2, 8, 1, NULL, NULL),
(453, 'C0373', 'Thokai joypuri  churi chowrah', 2, 8, 1, NULL, NULL),
(454, 'C0374', 'Thokai joypuri  churi chowrah', 2, 8, 1, NULL, NULL),
(455, 'C0375', 'Thokai joypuri  churi chowrah', 2, 8, 1, NULL, NULL),
(456, 'C0376', 'Thokai joypuri  churi chowrah', 2, 7, 1, NULL, NULL),
(457, 'C0377', 'Thokai joypuri  churi chowrah', 2, 8, 1, NULL, NULL),
(458, 'C0378', 'Thokai joypuri  churi chowrah', 2, 8, 1, NULL, NULL),
(459, 'C0379', 'Thokai joypuri  churi chowrah', 2, 9, 1, NULL, NULL),
(460, 'C0380', 'Thokai joypuri  churi chowrah', 2, 9, 1, NULL, NULL),
(461, 'C0381', 'Thokai joypuri  churi chowrah', 2, 8, 1, NULL, NULL),
(462, 'C0382', 'Thokai joypuri  churi chowrah', 2, 8, 1, NULL, NULL),
(463, 'C0383', 'Thokai joypuri  churi chowrah', 2, 9, 1, NULL, NULL),
(464, 'C0384', 'Thokai joypuri  churi chowrah', 2, 8, 1, NULL, NULL),
(465, 'C0385', 'Thokai joypuri  churi chowrah', 2, 9, 1, NULL, NULL),
(466, 'C0387', 'PLAZA', 2, 7, 1, NULL, NULL),
(467, 'C0388', 'Thokai joypuri meena churi chowrah', 2, 10, 1, NULL, NULL),
(468, 'C0389', 'Thokai joypuri meena churi chowrah', 2, 8, 1, NULL, NULL),
(469, 'C0390', 'Thokai joypuri meena churi chowrah', 2, 8, 1, NULL, NULL),
(470, 'C0391', 'Thokai joypuri meena churi chowrah', 2, 8, 1, NULL, NULL),
(471, 'C0392', 'Thokai joypuri meena churi chowrah', 2, 8, 1, NULL, NULL),
(472, 'C0393', 'Thokai joypuri meena churi chowrah', 2, 8, 1, NULL, NULL),
(473, 'C0394', 'Thokai joypuri meena churi chowrah', 2, 8, 1, NULL, NULL),
(474, 'C0395', 'Thokai joypuri meena churi chowrah', 2, 8, 1, NULL, NULL),
(475, 'C0396', 'Thokai dd mena churi chowrah', 2, 8, 1, NULL, NULL),
(476, 'C0397', 'Thokai Plaja churi', 2, 9, 1, NULL, NULL),
(477, 'C0398', 'Thokai Plaja churi', 2, 8, 1, NULL, NULL),
(478, 'C0399', 'Thokai Plaja churi', 2, 8, 1, NULL, NULL),
(479, 'C0400', 'Thokai churi', 2, 8, 1, NULL, NULL),
(480, 'C0401', 'flat panching churi saru', 2, 13, 1, NULL, NULL),
(481, 'C0402', 'flat panching churi saru', 2, 13, 1, NULL, NULL),
(482, 'C0403', 'flat panching churi saru', 2, 13, 1, NULL, NULL),
(483, 'C0404', 'flat panching churi saru', 2, 9, 1, NULL, NULL),
(484, 'C0405', 'flat panching churi saru', 2, 13, 1, NULL, NULL),
(485, 'C0406', 'flat panching churi saru', 2, 13, 1, NULL, NULL),
(486, 'C0407', 'flat panching churi saru', 2, 13, 1, NULL, NULL),
(487, 'C0408', 'flat panching churi saru', 2, 13, 1, NULL, NULL),
(488, 'C0409', 'flat panching churi saru', 2, 9, 1, NULL, NULL),
(489, 'C0410', 'flat panching churi saru', 2, 13, 1, NULL, NULL),
(490, 'C0411', 'flat panching churi saru', 2, 13, 1, NULL, NULL),
(491, 'C0412', 'flat panching churi saru', 2, 13, 1, NULL, NULL),
(492, 'C0413', 'flat panching churi saru', 2, 13, 1, NULL, NULL),
(493, 'C0414', 'flat panching churi saru', 2, 13, 1, NULL, NULL),
(494, 'C0415', 'flat panching churi saru', 2, 13, 1, NULL, NULL),
(495, 'C0416', 'flat panching churi saru', 2, 15, 1, NULL, NULL),
(496, 'C0417', 'flat panching churi saru', 2, 14, 1, NULL, NULL),
(497, 'C0418', 'flat panching churi saru', 2, 13, 1, NULL, NULL),
(498, 'C0419', 'Churi', 2, 13, 1, NULL, NULL),
(499, 'C0420', 'flat panching churi saru', 2, 13, 1, NULL, NULL),
(500, 'C0428', 'flat panching mena churi soru', 2, 14, 1, NULL, NULL),
(501, 'C0430', 'flat panching mena churi soru', 2, 14, 1, NULL, NULL),
(502, 'C0431', 'flat panching mena churi soru', 2, 15, 1, NULL, NULL),
(503, 'C0432', 'flat panching mena churi soru', 2, 14, 1, NULL, NULL),
(504, 'C0433', 'flat panching mena churi soru', 2, 14, 1, NULL, NULL),
(505, 'C0434', 'flat panching mena churi soru', 2, 14, 1, NULL, NULL),
(506, 'C0435', 'flat panching mena churi soru', 2, 14, 1, NULL, NULL),
(507, 'C0436', 'flat panching churi maghri ', 2, 14, 1, NULL, NULL),
(508, 'C0437', 'flat panching churi maghri ', 2, 14, 1, NULL, NULL),
(509, 'C0438', 'flat panching churi maghri ', 2, 14, 1, NULL, NULL),
(510, 'C0439', 'flat panching churi maghri ', 2, 14, 1, NULL, NULL),
(511, 'C0440', 'flat panching churi maghri ', 2, 14, 1, NULL, NULL),
(512, 'C0441', 'flat panching churi maghri ', 2, 14, 1, NULL, NULL),
(513, 'C0442', 'flat panching churi maghri ', 2, 14, 1, NULL, NULL),
(514, 'C0443', 'flat panching churi maghri ', 2, 14, 1, NULL, NULL),
(515, 'C0444', 'flat panching churi maghri ', 2, 14, 1, NULL, NULL),
(516, 'C0445', 'flat panching churi maghri ', 2, 14, 1, NULL, NULL),
(517, 'C0446', 'flat panching churi maghri ', 2, 14, 1, NULL, NULL),
(518, 'C0447', 'flat panching churi maghri ', 2, 14, 1, NULL, NULL),
(519, 'C0448', 'flat panching churi maghri ', 2, 14, 1, NULL, NULL),
(520, 'C0449', 'flat panching churi maghri ', 2, 14, 1, NULL, NULL),
(521, 'C0450', 'flat panching churi maghri ', 2, 14, 1, NULL, NULL),
(522, 'C0451', 'churi', 2, 14, 1, NULL, NULL),
(523, 'C0452', 'flat panching churi maghri ', 2, 14, 1, NULL, NULL),
(524, 'C0453', 'flat panching churi maghri ', 2, 14, 1, NULL, NULL),
(525, 'C0454', 'flat panching churi maghri ', 2, 14, 1, NULL, NULL),
(526, 'C0455', 'churi', 2, 14, 1, NULL, NULL),
(527, 'C0457', 'flat panching churi maghri ', 2, 14, 1, NULL, NULL),
(528, 'C0458', 'flat panching churi maghri ', 2, 14, 1, NULL, NULL),
(529, 'C0459', 'flat panching churi maghri ', 2, 14, 1, NULL, NULL),
(530, 'C0460', 'flat panching churi maghri ', 2, 14, 1, NULL, NULL),
(531, 'C0461', 'flat panching mena churi soru', 2, 14, 1, NULL, NULL),
(532, 'C0463', 'flat panching mena churi maghri ', 2, 15, 1, NULL, NULL),
(533, 'C0465', 'flat panching mena churi maghri ', 2, 15, 1, NULL, NULL),
(534, 'C0466', 'flat panching mena churi maghri ', 2, 15, 1, NULL, NULL),
(535, 'C0468', 'flat panching mena churi maghri ', 2, 15, 1, NULL, NULL),
(536, 'C0469', 'flat panching mena churi maghri ', 2, 15, 1, NULL, NULL),
(537, 'C0470', 'flat panching mena churi maghri ', 2, 15, 1, NULL, NULL),
(538, 'C0471', 'flat panching churi chowrah', 2, 16, 1, NULL, NULL),
(539, 'C0472', 'flat panching churi chowrah', 2, 16, 1, NULL, NULL),
(540, 'C0473', 'flat panching churi chowrah', 2, 16, 1, NULL, NULL),
(541, 'C0474', 'flat panching churi chowrah', 2, 16, 1, NULL, NULL),
(542, 'C0475', 'flat panching churi chowrah', 2, 16, 1, NULL, NULL),
(543, 'C0476', 'flat panching churi chowrah', 2, 16, 1, NULL, NULL),
(544, 'C0477', 'flat panching churi chowrah', 2, 14, 1, NULL, NULL),
(545, 'C0478', 'flat panching churi chowrah', 2, 14, 1, NULL, NULL),
(546, 'C0479', 'flat panching churi chowrah', 2, 16, 1, NULL, NULL),
(547, 'C0480', 'flat panching churi chowrah', 2, 16, 1, NULL, NULL),
(548, 'C0481', 'flat panching churi chowrah', 2, 16, 1, NULL, NULL),
(549, 'C0482', 'flat panching churi chowrah', 2, 16, 1, NULL, NULL),
(550, 'C0483', 'flat panching churi chowrah', 2, 16, 1, NULL, NULL),
(551, 'C0484', 'flat panching churi chowrah', 2, 16, 1, NULL, NULL),
(552, 'C0485', 'flat panching churi chowrah', 2, 16, 1, NULL, NULL),
(553, 'C0486', 'flat panching mena churi chowrah', 2, 17, 1, NULL, NULL),
(554, 'C0489', 'flat panching mena churi chowrah', 2, 17, 1, NULL, NULL),
(555, 'C0490', 'flat panching mena churi chowrah', 2, 17, 1, NULL, NULL),
(556, 'C0491', 'flat panching mena churi chowrah', 2, 17, 1, NULL, NULL),
(557, 'C0492', 'flat panching mena churi chowrah', 2, 17, 1, NULL, NULL),
(558, 'C0493', 'flat panching mena churi chowrah', 2, 17, 1, NULL, NULL),
(559, 'C0494', 'flat panching mena churi chowrah', 2, 17, 1, NULL, NULL),
(560, 'C0495', 'flat panching mena churi chowrah', 2, 17, 1, NULL, NULL),
(561, 'C0501', 'Half round panching churi soru', 2, 13, 1, NULL, NULL),
(562, 'C0502', 'Half round panching churi soru', 2, 13, 1, NULL, NULL),
(563, 'C0503', 'Half round panching churi soru', 2, 13, 1, NULL, NULL),
(564, 'C0504', 'Half round panching churi soru', 2, 13, 1, NULL, NULL),
(565, 'C0505', 'Half round panching churi soru', 2, 13, 1, NULL, NULL),
(566, 'C0506', 'Half round panching churi soru', 2, 13, 1, NULL, NULL),
(567, 'C0507', 'Half round panching churi soru', 2, 13, 1, NULL, NULL),
(568, 'C0508', 'Half round panching churi soru', 2, 13, 1, NULL, NULL),
(569, 'C0509', 'Half round panching churi soru', 2, 13, 1, NULL, NULL),
(570, 'C0510', 'Half round panching churi soru', 2, 13, 1, NULL, NULL),
(571, 'C0511', 'Half round panching churi soru', 2, 13, 1, NULL, NULL),
(572, 'C0512', 'Half round panching churi soru', 2, 13, 1, NULL, NULL),
(573, 'C0513', 'Half round panching churi soru', 2, 13, 1, NULL, NULL),
(574, 'C0514', 'Half round panching churi soru', 2, 13, 1, NULL, NULL),
(575, 'C0515', 'Half round panching churi soru', 2, 13, 1, NULL, NULL),
(576, 'C0516', 'Half round panching mena churi soru', 2, 14, 1, NULL, NULL),
(577, 'C0517', 'Half round panching mena churi soru', 2, 14, 1, NULL, NULL),
(578, 'C0518', 'Half round panching mena churi soru', 2, 14, 1, NULL, NULL),
(579, 'C0519', 'Half round panching mena churi soru', 2, 14, 1, NULL, NULL),
(580, 'C0520', 'Half round panching mena churi soru', 2, 14, 1, NULL, NULL),
(581, 'C0521', 'Half round panching churi maghri', 2, 14, 1, NULL, NULL),
(582, 'C0522', 'Half round panching churi maghari', 2, 14, 1, NULL, NULL),
(583, 'C0523', 'Half round panching churi maghari', 2, 14, 1, NULL, NULL),
(584, 'C0524', 'Half round panching churi maghari', 2, 14, 1, NULL, NULL),
(585, 'C0525', 'Half round panching churi maghari', 2, 14, 1, NULL, NULL),
(586, 'C0526', 'Half round panching churi maghari', 2, 14, 1, NULL, NULL),
(587, 'C0527', 'Half round panching churi maghari', 2, 14, 1, NULL, NULL),
(588, 'C0528', 'Half round panching churi maghari', 2, 14, 1, NULL, NULL),
(589, 'C0529', 'Half round panching churi maghari', 2, 14, 1, NULL, NULL),
(590, 'C0530', 'Half round panching churi maghari', 2, 14, 1, NULL, NULL),
(591, 'C0531', 'Half round panching churi maghari', 2, 14, 1, NULL, NULL),
(592, 'C0532', 'Half round panching churi maghari', 2, 14, 1, NULL, NULL),
(593, 'C0533', 'Half round panching churi maghari', 2, 14, 1, NULL, NULL),
(594, 'C0534', 'Half round panching churi maghari', 2, 14, 1, NULL, NULL),
(595, 'C0535', 'Half round panching churi maghari', 2, 14, 1, NULL, NULL),
(596, 'C0536', 'Half round panching churi maghari', 2, 14, 1, NULL, NULL),
(597, 'C0537', 'Half round panching churi maghari', 2, 14, 1, NULL, NULL),
(598, 'C0538', 'Half round panching churi maghari', 2, 14, 1, NULL, NULL),
(599, 'C0539', 'Half round panching churi maghari', 2, 14, 1, NULL, NULL),
(600, 'C0540', 'Half round panching churi maghari', 2, 15, 1, NULL, NULL),
(601, 'C0541', 'Half round panching mena churi maghari', 2, 15, 1, NULL, NULL),
(602, 'C0542', 'Half round panching mena churi maghari', 2, 15, 1, NULL, NULL),
(603, 'C0544', 'Half round panching mena churi maghari', 2, 15, 1, NULL, NULL),
(604, 'C0545', 'flat panching churi maghri ', 2, 14, 1, NULL, NULL),
(605, 'C0546', 'Half round panching mena churi maghari', 2, 15, 1, NULL, NULL),
(606, 'C0547', 'Half round panching mena churi maghari', 2, 15, 1, NULL, NULL),
(607, 'C0548', 'Half round panching mena churi maghari', 2, 15, 1, NULL, NULL),
(608, 'C0549', 'Half round panching mena churi maghari', 2, 15, 1, NULL, NULL),
(609, 'C0550', 'Half round panching mena churi maghari', 2, 15, 1, NULL, NULL),
(610, 'C0551', 'tashir panching churi soru', 2, 13, 1, NULL, NULL),
(611, 'C0552', 'tashir panching churi soru', 2, 13, 1, NULL, NULL),
(612, 'C0553', 'tashir panching churi soru', 2, 13, 1, NULL, NULL),
(613, 'C0554', 'tashir panching churi soru', 2, 13, 1, NULL, NULL),
(614, 'C0555', 'tashir panching churi soru', 2, 13, 1, NULL, NULL),
(615, 'C0556', 'tashir panching churi soru', 2, 13, 1, NULL, NULL),
(616, 'C0557', 'tashir panching churi soru', 2, 13, 1, NULL, NULL),
(617, 'C0558', 'tashir panching churi soru', 2, 13, 1, NULL, NULL),
(618, 'C0559', 'tashir panching churi soru', 2, 13, 1, NULL, NULL),
(619, 'C0560', 'tashir panching churi soru', 2, 13, 1, NULL, NULL),
(620, 'C0561', 'tashir panching churi soru', 2, 13, 1, NULL, NULL),
(621, 'C0562', 'tashir panching churi soru', 2, 13, 1, NULL, NULL),
(622, 'C0563', 'tashir panching churi soru', 2, 13, 1, NULL, NULL),
(623, 'C0564', 'tashir panching churi soru', 2, 13, 1, NULL, NULL),
(624, 'C0565', 'tashir panching churi soru', 2, 13, 1, NULL, NULL),
(625, 'C0566', 'tashir panching churi soru', 2, 13, 1, NULL, NULL),
(626, 'C0567', 'tashir panching churi soru', 2, 13, 1, NULL, NULL),
(627, 'C0568', 'tashir panching churi soru', 2, 13, 1, NULL, NULL),
(628, 'C0569', 'tashir panching churi soru', 2, 13, 1, NULL, NULL),
(629, 'C0570', 'tashir panching churi soru', 2, 14, 1, NULL, NULL),
(630, 'C0572', 'tashir panchin gmena churi soru', 2, 14, 1, NULL, NULL),
(631, 'C0573', 'tashir panchin gmena churi soru', 2, 14, 1, NULL, NULL),
(632, 'C0574', 'tashir panchin gmena churi soru', 2, 14, 1, NULL, NULL),
(633, 'C0575', 'tashir panchin gmena churi soru', 2, 14, 1, NULL, NULL),
(634, 'C0576', 'tashir panching churi maghari', 2, 14, 1, NULL, NULL),
(635, 'C0577', 'tashir panching churi maghari', 2, 14, 1, NULL, NULL),
(636, 'C0578', 'tashir panching churi maghari', 2, 14, 1, NULL, NULL),
(637, 'C0579', 'tashir panching churi maghari', 2, 14, 1, NULL, NULL),
(638, 'C0580', 'tashir panching churi maghari', 2, 14, 1, NULL, NULL),
(639, 'C0581', 'tashir panching churi maghari', 2, 14, 1, NULL, NULL),
(640, 'C0582', 'tashir panching churi maghari', 2, 14, 1, NULL, NULL),
(641, 'C0583', 'tashir panching churi maghari', 2, 14, 1, NULL, NULL),
(642, 'C0584', 'tashir panching churi maghari', 2, 14, 1, NULL, NULL),
(643, 'C0585', 'tashir panching churi maghari', 2, 14, 1, NULL, NULL),
(644, 'C0586', 'tashir panching mena churi maghari', 2, 15, 1, NULL, NULL),
(645, 'C0587', 'tashir panching mena churi maghari', 2, 15, 1, NULL, NULL),
(646, 'C0588', 'tashir panching mena churi maghari', 2, 15, 1, NULL, NULL),
(647, 'C0589', 'tashir panching mena churi maghari', 2, 15, 1, NULL, NULL),
(648, 'C0590', 'tashir panching mena churi maghari', 2, 15, 1, NULL, NULL),
(649, 'C0601', 'Machin chala khal mini bowti soru', 2, 9, 1, NULL, NULL),
(650, 'C0602', 'Machin chala khal mini bowti soru', 2, 9, 1, NULL, NULL),
(651, 'C0603', 'Machin chala khal mini bowti soru', 2, 9, 1, NULL, NULL),
(652, 'C0604', 'Machin chala khal mini bowti soru', 2, 9, 1, NULL, NULL),
(653, 'C0605', 'Machin chala khal mini bowti soru', 2, 9, 1, NULL, NULL),
(654, 'C0606', 'Machin chala khal mena decaration mini bowti soru', 2, 10, 1, NULL, NULL),
(655, 'C0607', 'Machin chala khal mena decaration mini bowti soru', 2, 10, 1, NULL, NULL),
(656, 'C0608', 'Machin chala khal mena decaration mini bowti soru', 2, 10, 1, NULL, NULL),
(657, 'C0609', 'Machin chala khal mena decaration mini bowti soru', 2, 10, 1, NULL, NULL),
(658, 'C0610', 'Machin chala khal mena decaration mini bowti soru', 2, 10, 1, NULL, NULL),
(659, 'C0611', 'Machin chala khal mini  bowti maghari', 2, 10, 1, NULL, NULL),
(660, 'C0612', 'Machin chala khal mini  bowti maghari', 2, 10, 1, NULL, NULL),
(661, 'C0613', 'Machin chala khal mini  bowti maghari', 2, 10, 1, NULL, NULL),
(662, 'C0614', 'Machin chala khal mini  bowti maghari', 2, 10, 1, NULL, NULL),
(663, 'C0615', 'Machin chala khal mini  bowti maghari', 2, 10, 1, NULL, NULL),
(664, 'C0616', 'Machin chala khal mena decaration mini bowti maghari', 2, 11, 1, NULL, NULL),
(665, 'C0617', 'Machin chala khal mena decaration mini bowti maghari', 2, 11, 1, NULL, NULL),
(666, 'C0618', 'Machin chala khal mena decaration mini bowti maghari', 2, 11, 1, NULL, NULL),
(667, 'C0619', 'Machin chala khal mena decaration mini bowti maghari', 2, 11, 1, NULL, NULL),
(668, 'C0620', 'Machin chala khal mena decaration mini bowti maghari', 2, 11, 1, NULL, NULL),
(669, 'C0621', 'Machin chala khal mini bowti chowah', 2, 11, 1, NULL, NULL),
(670, 'C0622', 'Machin chala khal mini bowti chowah', 2, 11, 1, NULL, NULL),
(671, 'C0623', 'Machin chala khal mini bowti chowah', 2, 11, 1, NULL, NULL),
(672, 'C0624', 'Machin chala khal mini bowti chowah', 2, 11, 1, NULL, NULL),
(673, 'C0625', 'Machin chala khal mini bowti chowah', 2, 11, 1, NULL, NULL),
(674, 'C0626', 'Machin chala khal mena decaration mini bowti chowah', 2, 12, 1, NULL, NULL),
(675, 'C0627', 'Machin chala khal mena decaration mini bowti chowah', 2, 12, 1, NULL, NULL),
(676, 'C0628', 'Machin chala khal  decaration mini bowti chowah', 2, 11, 1, NULL, NULL),
(677, 'C0629', 'Machin chala khal mena decaration mini bowti chowah', 2, 12, 1, NULL, NULL),
(678, 'C0630', 'Machin chala khal mena decaration mini bowti chowah', 2, 12, 1, NULL, NULL),
(679, 'C0631', 'Machin chala khal panching mini bowti soru', 2, 12, 1, NULL, NULL),
(680, 'C0632', 'Machin chala khal panching mini bowti soru', 2, 12, 1, NULL, NULL),
(681, 'C0633', 'Machin chala khal panching mini bowti soru', 2, 12, 1, NULL, NULL),
(682, 'C0634', 'Machin chala khal panching mini bowti soru', 2, 12, 1, NULL, NULL),
(683, 'C0635', 'Machin chala khal panching mini bowti soru', 2, 12, 1, NULL, NULL),
(684, 'C0636', 'Machin chala khal panching mena decaration mini bowti soru', 2, 12, 1, NULL, NULL),
(685, 'C0637', 'Machin chala khal panching mena decaration mini bowti soru', 2, 12, 1, NULL, NULL),
(686, 'C0638', 'Machin chala khal panching mena decaration mini bowti soru', 2, 12, 1, NULL, NULL),
(687, 'C0639', 'Machin chala khal panching mena decaration mini bowti soru', 2, 12, 1, NULL, NULL),
(688, 'C0640', 'Machin chala khal panching mena decaration mini bowti soru', 2, 12, 1, NULL, NULL),
(689, 'C0641', 'Machin chala khal panching  mini bowti maghari', 2, 12, 1, NULL, NULL),
(690, 'C0642', 'Machin chala khal panching  mini bowti maghari', 2, 12, 1, NULL, NULL),
(691, 'C0643', 'Machin chala khal panching  mini bowti maghari', 2, 12, 1, NULL, NULL),
(692, 'C0644', 'Machin chala khal panching  mini bowti maghari', 2, 12, 1, NULL, NULL),
(693, 'C0645', 'Machin chala khal panching  mini bowti maghari', 2, 12, 1, NULL, NULL),
(694, 'C0647', 'Machin chala khal panching mena decaration mini bowti maghari', 2, 13, 1, NULL, NULL),
(695, 'C0648', 'Machin chala khal panching mena decaration mini bowti maghari', 2, 13, 1, NULL, NULL),
(696, 'C0649', 'Machin chala khal panching mena decaration mini bowti maghari', 2, 13, 1, NULL, NULL),
(697, 'C0650', 'Machin chala khal panching mena decaration mini bowti maghari', 2, 13, 1, NULL, NULL),
(698, 'C0651', 'Machin chala khal panching mini bowti chowrah', 2, 13, 1, NULL, NULL),
(699, 'C0652', 'Machin chala khal panching mini bowti chowrah', 2, 13, 1, NULL, NULL),
(700, 'C0653', 'Machin chala khal panching mini bowti chowrah', 2, 13, 1, NULL, NULL),
(701, 'C0654', 'Machin chala khal panching mini bowti chowrah', 2, 13, 1, NULL, NULL),
(702, 'C0655', 'Machin chala khal panching mini bowti chowrah', 2, 13, 1, NULL, NULL),
(703, 'C0657', 'Machin chala khal panching mena decaration mini bowti chowrah', 2, 14, 1, NULL, NULL),
(704, 'C0658', 'Machin chala khal panching mena decaration mini bowti chowrah', 2, 14, 1, NULL, NULL),
(705, 'C0659', 'Machin chala khal panching mena decaration mini bowti chowrah', 2, 14, 1, NULL, NULL),
(706, 'C0660', 'Machin chala khal panching mena decaration mini bowti chowrah', 2, 14, 1, NULL, NULL),
(707, 'C0661', 'Machin chala khal panching mena decaration mini bowti chowrah', 2, 10, 1, NULL, NULL),
(708, 'C0662', 'Machin chala khal panching mena decaration mini bowti chowrah', 2, 9, 1, NULL, NULL),
(709, 'C0663', 'Machin chala khal panching mena decaration mini bowti chowrah', 2, 10, 1, NULL, NULL),
(710, 'C0665', 'Machin chala khal panching mena decaration mini bowti chowrah', 2, 10, 1, NULL, NULL),
(711, 'C0666', 'Thokai dd mini bowti ', 2, 12, 1, NULL, NULL),
(712, 'C0667', 'Thokai dd mini bowti ', 2, 12, 1, NULL, NULL),
(713, 'C0668', 'Thokai dd mini bowti ', 2, 12, 1, NULL, NULL),
(714, 'C0669', 'Thokai dd mini bowti ', 2, 12, 1, NULL, NULL),
(715, 'C0670', 'Thokai dd mini bowti ', 2, 12, 1, NULL, NULL),
(716, 'C0671', 'Thokai Bowti', 2, 12, 1, NULL, NULL),
(717, 'C0672', 'Thokai dd mini meena bowti ', 2, 13, 1, NULL, NULL),
(718, 'C0673', 'Thokai dd mini meena bowti ', 2, 13, 1, NULL, NULL),
(719, 'C0674', 'Thokai dd mini meena bowti ', 2, 13, 1, NULL, NULL),
(720, 'C0675', 'Thokai dd mini meena bowti ', 2, 13, 1, NULL, NULL),
(721, 'C0676', 'Thokai bangla mini bowti', 2, 11, 1, NULL, NULL),
(722, 'C0677', 'Thokai bangla mini bowti', 2, 11, 1, NULL, NULL),
(723, 'C0678', 'Thokai bangla mini bowti', 2, 11, 1, NULL, NULL),
(724, 'C0679', 'Thokai bangla mini bowti', 2, 11, 1, NULL, NULL),
(725, 'C0680', 'Thokai bangla mini bowti', 2, 11, 1, NULL, NULL),
(726, 'C0681', 'Thokai bangla mini meeena  bowti', 2, 12, 1, NULL, NULL),
(727, 'C0682', 'Thokai bangla mini meeena  bowti', 2, 12, 1, NULL, NULL),
(728, 'C0683', 'Thokai bangla mini meeena  bowti', 2, 12, 1, NULL, NULL),
(729, 'C0684', 'Thokai bangla mini meeena  bowti', 2, 12, 1, NULL, NULL),
(730, 'C0685', 'Thokai bangla mini meeena  bowti', 2, 12, 1, NULL, NULL),
(731, 'C0686', 'Thokai joypuri mini bowti', 2, 12, 1, NULL, NULL),
(732, 'C0687', 'Thokai joypuri mini bowti', 2, 11, 1, NULL, NULL),
(733, 'C0688', 'Thokai joypuri mini bowti', 2, 11, 1, NULL, NULL),
(734, 'C0689', 'Thokai joypuri mini bowti', 2, 11, 1, NULL, NULL),
(735, 'C0690', 'Thokai joypuri mini bowti', 2, 11, 1, NULL, NULL),
(736, 'C0691', 'Thokai joypuri mena decaration mini bowti', 2, 12, 1, NULL, NULL),
(737, 'C0692', 'Thokai joypuri mena decaration mini bowti', 2, 12, 1, NULL, NULL),
(738, 'C0693', 'Thokai joypuri mena decaration mini bowti', 2, 12, 1, NULL, NULL),
(739, 'C0694', 'Thokai joypuri mena decaration mini bowti', 2, 12, 1, NULL, NULL),
(740, 'C0695', 'Thokai joypuri mena decaration mini bowti', 2, 12, 1, NULL, NULL),
(741, 'C0741', 'Thokai joypuri mena patla soru', 2, 14, 1, NULL, NULL),
(742, 'C0742', 'Thokai joypuri mena patla soru', 2, 13, 1, NULL, NULL),
(743, 'C0743', 'Thokai joypuri patla soru', 2, 12, 1, NULL, NULL),
(744, 'C0744', 'Thokai joypuri patla soru', 2, 12, 1, NULL, NULL),
(745, 'C0745', 'Thokai joypuri mena patla soru', 2, 13, 1, NULL, NULL),
(746, 'C0751', 'Thokai joypuri mena patla maghari', 2, 14, 1, NULL, NULL),
(747, 'C0753', 'Thokai joypuri mena patla maghari', 2, 14, 1, NULL, NULL),
(748, 'C0755', 'Thokai joypuri mena patla maghari', 2, 14, 1, NULL, NULL),
(749, 'C0760', 'Thokai joypuri patla chowrah', 2, 14, 1, NULL, NULL),
(750, 'C0765', 'Thokai joypuri mena patla chowrah', 2, 15, 1, NULL, NULL),
(751, 'C0805', 'churi', 2, 13, 1, NULL, NULL),
(752, 'C0806', 'flat panching patla soru', 2, 13, 1, NULL, NULL),
(753, 'C0807', 'flat panching patla soru', 2, 13, 1, NULL, NULL),
(754, 'C0808', 'flat panching patla soru', 2, 13, 1, NULL, NULL),
(755, 'C0809', 'flat panching patla soru', 2, 13, 1, NULL, NULL),
(756, 'C0810', 'flat panching patla soru', 2, 13, 1, NULL, NULL);
INSERT INTO `products` (`id`, `model_number`, `product_name`, `product_category_id`, `price_code_id`, `inforced`, `created_at`, `updated_at`) VALUES
(757, 'C0811', 'flat panching decaration mena patla soru', 2, 15, 1, NULL, NULL),
(758, 'C0812', 'flat panching decaration mena patla soru', 2, 15, 1, NULL, NULL),
(759, 'C0813', 'flat panching decaration mena patla soru', 2, 15, 1, NULL, NULL),
(760, 'C0814', 'flat panching decaration mena patla soru', 2, 15, 1, NULL, NULL),
(761, 'C0815', 'flat panching decaration mena patla soru', 2, 15, 1, NULL, NULL),
(762, 'C0816', 'flat panching  patla maghari', 2, 14, 1, NULL, NULL),
(763, 'C0817', 'flat panching  patla maghari', 2, 14, 1, NULL, NULL),
(764, 'C0818', 'flat panching  patla maghari', 2, 14, 1, NULL, NULL),
(765, 'C0819', 'flat panching  patla maghari', 2, 14, 1, NULL, NULL),
(766, 'C0820', 'flat panching  patla maghari', 2, 14, 1, NULL, NULL),
(767, 'C0821', 'flat panching  patla maghari', 2, 14, 1, NULL, NULL),
(768, 'C0822', 'flat panching  patla maghari', 2, 14, 1, NULL, NULL),
(769, 'C0823', 'flat panching  patla maghari', 2, 14, 1, NULL, NULL),
(770, 'C0824', 'flat panching  patla maghari', 2, 14, 1, NULL, NULL),
(771, 'C0825', 'flat panching  patla maghari', 2, 14, 1, NULL, NULL),
(772, 'C0826', 'flat panching decaration mena patla maghari', 2, 16, 1, NULL, NULL),
(773, 'C0827', 'flat panching decaration mena patla maghari', 2, 16, 1, NULL, NULL),
(774, 'C0828', 'flat panching decaration mena patla maghari', 2, 16, 1, NULL, NULL),
(775, 'C0829', 'flat panching decaration mena patla maghari', 2, 16, 1, NULL, NULL),
(776, 'C0830', 'flat panching decaration mena patla maghari', 2, 16, 1, NULL, NULL),
(777, 'C0831', 'flat panching decaration mena patla maghari', 2, 16, 1, NULL, NULL),
(778, 'C0832', 'flat panching decaration mena patla maghari', 2, 16, 1, NULL, NULL),
(779, 'C0833', 'flat panching decaration mena patla maghari', 2, 16, 1, NULL, NULL),
(780, 'C0834', 'flat panching decaration mena patla maghari', 2, 16, 1, NULL, NULL),
(781, 'C0835', 'flat panching decaration mena patla maghari', 2, 16, 1, NULL, NULL),
(782, 'C0836', 'flat panching patla chowrah', 2, 15, 1, NULL, NULL),
(783, 'C0837', 'flat panching patla chowrah', 2, 15, 1, NULL, NULL),
(784, 'C0838', 'flat panching patla chowrah', 2, 15, 1, NULL, NULL),
(785, 'C0839', 'flat panching patla chowrah', 2, 15, 1, NULL, NULL),
(786, 'C0840', 'flat panching patla chowrah', 2, 15, 1, NULL, NULL),
(787, 'C0841', 'flat panching patla chowrah', 2, 15, 1, NULL, NULL),
(788, 'C0842', 'flat panching patla chowrah', 2, 15, 1, NULL, NULL),
(789, 'C0843', 'flat panching patla chowrah', 2, 15, 1, NULL, NULL),
(790, 'C0844', 'flat panching patla chowrah', 2, 15, 1, NULL, NULL),
(791, 'C0845', 'flat panching patla chowrah', 2, 15, 1, NULL, NULL),
(792, 'C0846', 'flat panching decaration mena  patla chowrah', 2, 17, 1, NULL, NULL),
(793, 'C0847', 'flat panching decaration mena  patla chowrah', 2, 17, 1, NULL, NULL),
(794, 'C0848', 'flat panching decaration mena  patla chowrah', 2, 17, 1, NULL, NULL),
(795, 'C0849', 'flat panching decaration mena  patla chowrah', 2, 17, 1, NULL, NULL),
(796, 'C0850', 'flat panching decaration mena  patla chowrah', 2, 17, 1, NULL, NULL),
(797, 'C0861', 'Thokai bangal churi chowrah', 2, 8, 1, NULL, NULL),
(798, 'C0862', 'Thokai bangal churi chowrah', 2, 8, 1, NULL, NULL),
(799, 'C0863', 'Thokai bangal churi chowrah', 2, 8, 1, NULL, NULL),
(800, 'C0864', 'Thokai bangal churi chowrah', 2, 8, 1, NULL, NULL),
(801, 'C0865', 'Thokai bangal churi chowrah', 2, 8, 1, NULL, NULL),
(802, 'C0866', 'Thokai bangal churi chowrah', 2, 8, 1, NULL, NULL),
(803, 'C0867', 'Thokai bangal churi chowrah', 2, 8, 1, NULL, NULL),
(804, 'C0868', 'Thokai bangal churi chowrah', 2, 8, 1, NULL, NULL),
(805, 'C0869', 'Thokai bangal churi chowrah', 2, 8, 1, NULL, NULL),
(806, 'C0870', 'Thokai bangal churi chowrah', 2, 9, 1, NULL, NULL),
(807, 'C0871', 'Thokai bangal churi chowrah', 2, 8, 1, NULL, NULL),
(808, 'C0872', 'Thokai bangal churi chowrah', 2, 8, 1, NULL, NULL),
(809, 'C0873', 'Thokai bangal churi chowrah', 2, 8, 1, NULL, NULL),
(810, 'C0874', 'Thokai bangal churi chowrah', 2, 8, 1, NULL, NULL),
(811, 'C0875', 'Thokai bangal churi chowrah', 2, 8, 1, NULL, NULL),
(812, 'C0876', 'Thokai bangal churi chowrah', 2, 8, 1, NULL, NULL),
(813, 'C0877', 'Thokai bangal churi chowrah', 2, 8, 1, NULL, NULL),
(814, 'C0878', 'Thokai bangal churi chowrah', 2, 8, 1, NULL, NULL),
(815, 'C0879', 'Thokai bangal churi chowrah', 2, 8, 1, NULL, NULL),
(816, 'C0880', 'Thokai bangal churi chowrah', 2, 8, 1, NULL, NULL),
(817, 'C0881', 'Thokai bangal mena churi chowrah', 2, 9, 1, NULL, NULL),
(818, 'C0883', 'Thokai bangal mena churi chowrah', 2, 9, 1, NULL, NULL),
(819, 'C0884', 'Thokai bangal mena churi chowrah', 2, 9, 1, NULL, NULL),
(820, 'C0885', 'Thokai bangal mena churi chowrah', 2, 9, 1, NULL, NULL),
(821, 'C0886', 'Thokai bangal mena churi chowrah', 2, 9, 1, NULL, NULL),
(822, 'C0887', 'Thokai bangal mena churi chowrah', 2, 9, 1, NULL, NULL),
(823, 'C0888', 'Thokai bangal mena churi chowrah', 2, 9, 1, NULL, NULL),
(824, 'C0889', 'Thokai bangal mena churi chowrah', 2, 9, 1, NULL, NULL),
(825, 'C0890', 'Thokai bangal mena churi chowrah', 2, 9, 1, NULL, NULL),
(826, 'C0900', 'flat panching patla soru', 2, 11, 1, NULL, NULL),
(827, 'C1251', 'hand chala churi soru', 2, 13, 1, NULL, NULL),
(828, 'C1252', 'hand chala churi soru', 2, 13, 1, NULL, NULL),
(829, 'C1253', 'hand chala churi soru', 2, 13, 1, NULL, NULL),
(830, 'C1254', 'hand chala churi soru', 2, 13, 1, NULL, NULL),
(831, 'C1255', 'hand chala churi soru', 2, 13, 1, NULL, NULL),
(832, 'C1256', 'hand chala churi maghari', 2, 14, 1, NULL, NULL),
(833, 'C1257', 'hand chala churi maghari', 2, 14, 1, NULL, NULL),
(834, 'C1258', 'hand chala churi maghari', 2, 14, 1, NULL, NULL),
(835, 'C1259', 'hand chala churi maghari', 2, 14, 1, NULL, NULL),
(836, 'C1260', 'hand chala churi maghari', 2, 14, 1, NULL, NULL),
(837, 'C1261', 'hand chala churi chowrah', 2, 15, 1, NULL, NULL),
(838, 'C1262', 'hand chala churi chowrah', 2, 15, 1, NULL, NULL),
(839, 'C1263', 'hand chala churi chowrah', 2, 15, 1, NULL, NULL),
(840, 'C1264', 'hand chala churi chowrah', 2, 15, 1, NULL, NULL),
(841, 'C1265', 'hand chala churi chowrah', 2, 15, 1, NULL, NULL),
(842, 'C1266', 'hand chala mini bowti soru ', 2, 14, 1, NULL, NULL),
(843, 'C1267', 'hand chala mini bowti soru ', 2, 14, 1, NULL, NULL),
(844, 'C1268', 'hand chala mini bowti soru ', 2, 14, 1, NULL, NULL),
(845, 'C1269', 'hand chala mini bowti soru ', 2, 14, 1, NULL, NULL),
(846, 'C1270', 'hand chala mini bowti soru ', 2, 14, 1, NULL, NULL),
(847, 'C1271', 'hand chala mini bowti maghari', 2, 15, 1, NULL, NULL),
(848, 'C1272', 'hand chala mini bowti maghari', 2, 15, 1, NULL, NULL),
(849, 'C1273', 'hand chala mini bowti maghari', 2, 15, 1, NULL, NULL),
(850, 'C1274', 'hand chala mini bowti maghari', 2, 15, 1, NULL, NULL),
(851, 'C1275', 'hand chala mini bowti maghari', 2, 15, 1, NULL, NULL),
(852, 'C1276', 'hand chala mini bowti chowrah', 2, 16, 1, NULL, NULL),
(853, 'C1277', 'hand chala mini bowti chowrah', 2, 16, 1, NULL, NULL),
(854, 'C1278', 'hand chala mini bowti chowrah', 2, 16, 1, NULL, NULL),
(855, 'C1279', 'hand chala mini bowti chowrah', 2, 16, 1, NULL, NULL),
(856, 'C1280', 'hand chala mini bowti chowrah', 2, 16, 1, NULL, NULL),
(857, 'C1281', 'hand chala decaration churi', 2, 16, 1, NULL, NULL),
(858, 'C1282', 'hand chala decaration churi', 2, 16, 1, NULL, NULL),
(859, 'C1283', 'hand chala decaration churi', 2, 16, 1, NULL, NULL),
(860, 'C1284', 'hand chala decaration churi', 2, 16, 1, NULL, NULL),
(861, 'C1285', 'hand chala decaration churi', 2, 16, 1, NULL, NULL),
(862, 'C1286', 'hand chala decaration mini bowti', 2, 17, 1, NULL, NULL),
(863, 'C1287', 'hand chala decaration mini bowti', 2, 17, 1, NULL, NULL),
(864, 'C1288', 'hand chala decaration mini bowti', 2, 17, 1, NULL, NULL),
(865, 'C1289', 'hand chala decaration mini bowti', 2, 17, 1, NULL, NULL),
(866, 'C1290', 'hand chala decaration mini bowti', 2, 17, 1, NULL, NULL),
(867, 'C1301', 'taser khal churi soru', 2, 9, 1, NULL, NULL),
(868, 'C1302', 'taser khal churi soru', 2, 9, 1, NULL, NULL),
(869, 'C1303', 'taser khal churi soru', 2, 9, 1, NULL, NULL),
(870, 'C1304', 'taser khal churi soru', 2, 9, 1, NULL, NULL),
(871, 'C1305', 'taser khal churi soru', 2, 9, 1, NULL, NULL),
(872, 'C1306', 'taser khal mena churi soru', 2, 10, 1, NULL, NULL),
(873, 'C1307', 'taser khal mena churi soru', 2, 10, 1, NULL, NULL),
(874, 'C1308', 'taser khal mena churi soru', 2, 10, 1, NULL, NULL),
(875, 'C1309', 'taser khal mena churi soru', 2, 10, 1, NULL, NULL),
(876, 'C1310', 'taser khal mena churi soru', 2, 10, 1, NULL, NULL),
(877, 'C1311', 'taser khal panching churi soru', 2, 10, 1, NULL, NULL),
(878, 'C1312', 'taser khal panching churi soru', 2, 10, 1, NULL, NULL),
(879, 'C1313', 'taser khal panching churi soru', 2, 10, 1, NULL, NULL),
(880, 'C1314', 'taser khal panching churi soru', 2, 10, 1, NULL, NULL),
(881, 'C1315', 'taser khal panching churi soru', 2, 10, 1, NULL, NULL),
(882, 'C1316', 'taser khal churi maghari', 2, 10, 1, NULL, NULL),
(883, 'C1317', 'taser khal churi maghari', 2, 10, 1, NULL, NULL),
(884, 'C1318', 'taser khal churi maghari', 2, 10, 1, NULL, NULL),
(885, 'C1319', 'taser khal churi maghari', 2, 10, 1, NULL, NULL),
(886, 'C1320', 'Tesire Khal Churi Majhari', 2, 12, 1, NULL, NULL),
(887, 'C1321', 'taser khal mena churi maghari', 2, 11, 1, NULL, NULL),
(888, 'C1322', 'taser khal mena churi maghari', 2, 11, 1, NULL, NULL),
(889, 'C1323', 'taser khal mena churi maghari', 2, 11, 1, NULL, NULL),
(890, 'C1324', 'khal bauty', 2, 11, 1, NULL, NULL),
(891, 'C1325', 'taser khal mena churi maghari', 2, 11, 1, NULL, NULL),
(892, 'C1326', 'taser khal panching churi maghari', 2, 11, 1, NULL, NULL),
(893, 'C1327', 'taser khal panching churi maghari', 2, 11, 1, NULL, NULL),
(894, 'C1328', 'taser khal panching churi maghari', 2, 11, 1, NULL, NULL),
(895, 'C1329', 'taser khal panching churi maghari', 2, 11, 1, NULL, NULL),
(896, 'C1330', 'taser khal panching churi maghari', 2, 11, 1, NULL, NULL),
(897, 'C1331', 'taser khal churi chowrah', 2, 11, 1, NULL, NULL),
(898, 'C1332', 'taser khal churi chowrah', 2, 11, 1, NULL, NULL),
(899, 'C1333', 'taser khal churi chowrah', 2, 11, 1, NULL, NULL),
(900, 'C1334', 'taser khal churi chowrah', 2, 11, 1, NULL, NULL),
(901, 'C1335', 'taser khal churi chowrah', 2, 11, 1, NULL, NULL),
(902, 'C1336', 'taser khal mena  churi chowrah', 2, 12, 1, NULL, NULL),
(903, 'C1337', 'taser khal mena  churi chowrah', 2, 12, 1, NULL, NULL),
(904, 'C1338', 'taser khal mena  churi chowrah', 2, 12, 1, NULL, NULL),
(905, 'C1339', 'taser khal mena  churi chowrah', 2, 12, 1, NULL, NULL),
(906, 'C1340', 'taser khal mena  churi chowrah', 2, 12, 1, NULL, NULL),
(907, 'C1341', 'taser khal panching churi chowrah', 2, 12, 1, NULL, NULL),
(908, 'C1342', 'taser khal panching churi chowrah', 2, 12, 1, NULL, NULL),
(909, 'C1343', 'taser khal panching churi chowrah', 2, 12, 1, NULL, NULL),
(910, 'C1344', 'taser khal panching churi chowrah', 2, 12, 1, NULL, NULL),
(911, 'C1345', 'taser khal panching churi chowrah', 2, 12, 1, NULL, NULL),
(912, 'C1346', 'taser khal panching churi chowrah', 2, 12, 1, NULL, NULL),
(913, 'C1347', 'taser khal panching churi chowrah', 2, 12, 1, NULL, NULL),
(914, 'C1348', 'taser khal panching churi chowrah', 2, 12, 1, NULL, NULL),
(915, 'C1349', 'taser khal panching churi chowrah', 2, 12, 1, NULL, NULL),
(916, 'C1350', 'taser khal panching churi chowrah', 2, 12, 1, NULL, NULL),
(917, 'C1356', 'half round khal churi soru', 2, 9, 1, NULL, NULL),
(918, 'C1357', 'half round khal churi soru', 2, 9, 1, NULL, NULL),
(919, 'C1358', 'half round khal churi soru', 2, 9, 1, NULL, NULL),
(920, 'C1359', 'half round khal churi soru', 2, 9, 1, NULL, NULL),
(921, 'C1360', 'half round khal churi soru', 2, 9, 1, NULL, NULL),
(922, 'C1361', 'half round khal mena churi soru', 2, 10, 1, NULL, NULL),
(923, 'C1362', 'half round khal mena churi soru', 2, 10, 1, NULL, NULL),
(924, 'C1363', 'half round khal mena churi soru', 2, 10, 1, NULL, NULL),
(925, 'C1364', 'half round khal mena churi soru', 2, 10, 1, NULL, NULL),
(926, 'C1365', 'half round khal mena churi soru', 2, 10, 1, NULL, NULL),
(927, 'C1366', 'half round khal panching mena churi soru', 2, 10, 1, NULL, NULL),
(928, 'C1367', 'half round khal panching mena churi soru', 2, 10, 1, NULL, NULL),
(929, 'C1368', 'half round khal panching mena churi soru', 2, 10, 1, NULL, NULL),
(930, 'C1369', 'half round khal panching mena churi soru', 2, 10, 1, NULL, NULL),
(931, 'C1370', 'half round khal panching mena churi soru', 2, 10, 1, NULL, NULL),
(932, 'C1371', 'half round khal churi maghari ', 2, 10, 1, NULL, NULL),
(933, 'C1372', 'half round khal churi maghari ', 2, 11, 1, NULL, NULL),
(934, 'C1373', 'half round khal churi maghari ', 2, 11, 1, NULL, NULL),
(935, 'C1374', 'half round khal churi maghari ', 2, 10, 1, NULL, NULL),
(936, 'C1375', 'half round khal churi maghari ', 2, 10, 1, NULL, NULL),
(937, 'C1376', 'half round khal mena churi maghari ', 2, 11, 1, NULL, NULL),
(938, 'C1377', 'half round khal mena churi maghari ', 2, 11, 1, NULL, NULL),
(939, 'C1378', 'half round khal mena churi maghari ', 2, 11, 1, NULL, NULL),
(940, 'C1379', 'half round khal mena churi maghari ', 2, 11, 1, NULL, NULL),
(941, 'C1380', 'half round khal mena churi maghari ', 2, 11, 1, NULL, NULL),
(942, 'C1381', 'half round khal panching mena churi maghari ', 2, 11, 1, NULL, NULL),
(943, 'C1382', 'half round khal panching mena churi maghari ', 2, 11, 1, NULL, NULL),
(944, 'C1383', 'half round khal panching mena churi maghari ', 2, 11, 1, NULL, NULL),
(945, 'C1384', 'half round khal panching mena churi maghari ', 2, 11, 1, NULL, NULL),
(946, 'C1385', 'half round khal panching mena churi maghari ', 2, 11, 1, NULL, NULL),
(947, 'C1386', 'half round khal churi chowrah', 2, 11, 1, NULL, NULL),
(948, 'C1387', 'half round khal churi chowrah', 2, 11, 1, NULL, NULL),
(949, 'C1388', 'half round khal churi chowrah', 2, 11, 1, NULL, NULL),
(950, 'C1389', 'half round khal churi chowrah', 2, 11, 1, NULL, NULL),
(951, 'C1390', 'half round khal churi chowrah', 2, 11, 1, NULL, NULL),
(952, 'C1391', 'half round khal mean churi chowrah', 2, 12, 1, NULL, NULL),
(953, 'C1392', 'half round khal mean churi chowrah', 2, 12, 1, NULL, NULL),
(954, 'C1393', 'half round khal mean churi chowrah', 2, 12, 1, NULL, NULL),
(955, 'C1394', 'half round khal mean churi chowrah', 2, 12, 1, NULL, NULL),
(956, 'C1395', 'half round khal mean churi chowrah', 2, 12, 1, NULL, NULL),
(957, 'C1396', 'half round khal mean churi chowrah', 2, 12, 1, NULL, NULL),
(958, 'C1397', 'half round khal mean churi chowrah', 2, 12, 1, NULL, NULL),
(959, 'C1398', 'half round khal mean churi chowrah', 2, 12, 1, NULL, NULL),
(960, 'C1399', 'half round khal mean churi chowrah', 2, 12, 1, NULL, NULL),
(961, 'C1400', 'half round khal mean churi chowrah', 2, 12, 1, NULL, NULL),
(962, 'C1401', 'half round khal panching mean churi chowrah', 2, 12, 1, NULL, NULL),
(963, 'C1402', 'half round khal panching mean churi chowrah', 2, 12, 1, NULL, NULL),
(964, 'C1403', 'half round khal panching mean churi chowrah', 2, 7, 1, NULL, NULL),
(965, 'C1404', 'half round khal panching mean churi chowrah', 2, 8, 1, NULL, NULL),
(966, 'C1405', 'THOKAI CHURI', 2, 8, 1, NULL, NULL),
(967, 'C1406', 'Thokai Churi', 2, 7, 1, NULL, NULL),
(968, 'C1407', 'Thokai Churi', 2, 7, 1, NULL, NULL),
(969, 'C1408', 'Thokai Churi', 2, 7, 1, NULL, NULL),
(970, 'C1409', 'Thokai Churi', 2, 7, 1, NULL, NULL),
(971, 'C1410', 'Thokai Churi', 2, 7, 1, NULL, NULL),
(972, 'C1411', '3pol  khal churi soru', 2, 9, 1, NULL, NULL),
(973, 'C1412', 'Thokai Churi', 2, 7, 1, NULL, NULL),
(974, 'C1413', 'Thokai Churi', 2, 7, 1, NULL, NULL),
(975, 'C1414', 'THOKAI CHURI', 2, 7, 1, NULL, NULL),
(976, 'C1415', 'Thokai Churi', 2, 7, 1, NULL, NULL),
(977, 'C1416', 'Thokai Churi', 2, 7, 1, NULL, NULL),
(978, 'C1417', 'Thokai Churi', 2, 7, 1, NULL, NULL),
(979, 'C1418', 'Thokai Churi', 2, 7, 1, NULL, NULL),
(980, 'C1419', 'CHURI', 2, 7, 1, NULL, NULL),
(981, 'C1420', '3pol  khal mena churi soru', 2, 10, 1, NULL, NULL),
(982, 'C1421', '3pol  khal panching churi soru', 2, 8, 1, NULL, NULL),
(983, 'C1422', 'CHURI', 2, 7, 1, NULL, NULL),
(984, 'C1423', 'CHURI', 2, 7, 1, NULL, NULL),
(985, 'C1424', 'CHURI', 2, 7, 1, NULL, NULL),
(986, 'C1425', '3pol  khal panching churi soru', 2, 7, 1, NULL, NULL),
(987, 'C1426', 'CHURI', 2, 7, 1, NULL, NULL),
(988, 'C1427', 'CHURI', 2, 7, 1, NULL, NULL),
(989, 'C1428', 'CHURI', 2, 7, 1, NULL, NULL),
(990, 'C1429', 'CHURI', 2, 7, 1, NULL, NULL),
(991, 'C1430', 'CHURI', 2, 7, 1, NULL, NULL),
(992, 'C1431', 'churi', 2, 7, 1, NULL, NULL),
(993, 'C1432', 'churi', 2, 7, 1, NULL, NULL),
(994, 'C1433', 'churi', 2, 7, 1, NULL, NULL),
(995, 'C1434', 'churi', 2, 7, 1, NULL, NULL),
(996, 'C1435', 'churi', 2, 7, 1, NULL, NULL),
(997, 'C1436', 'churi', 2, 7, 1, NULL, NULL),
(998, 'C1437', '3pol  khal panching churi maghari', 2, 7, 1, NULL, NULL),
(999, 'C1438', '3pol  khal panching churi maghari', 2, 7, 1, NULL, NULL),
(1000, 'C1439', '3pol  khal panching churi maghari', 2, 8, 1, NULL, NULL),
(1001, 'C1440', '3pol  khal panching churi maghari', 2, 7, 1, NULL, NULL),
(1002, 'C1441', '3pol  khal churi chowrah ', 2, 11, 1, NULL, NULL),
(1003, 'C1442', '3pol  khal churi chowrah ', 2, 11, 1, NULL, NULL),
(1004, 'C1443', '3pol  khal churi chowrah ', 2, 7, 1, NULL, NULL),
(1005, 'C1444', 'THOKAI CHURI ', 2, 7, 1, NULL, NULL),
(1006, 'C1445', '3pol  khal churi chowrah ', 2, 7, 1, NULL, NULL),
(1007, 'C1446', 'CHURI ', 2, 7, 1, NULL, NULL),
(1008, 'C1447', '3pol  khal churi chowrah ', 2, 8, 1, NULL, NULL),
(1009, 'C1448', '3pol  khal churi chowrah ', 2, 7, 1, NULL, NULL),
(1010, 'C1449', '3pol  khal churi chowrah ', 2, 7, 1, NULL, NULL),
(1011, 'C1450', '3pol  khal churi chowrah ', 2, 7, 1, NULL, NULL),
(1012, 'C1451', '3pol  khal mena churi chowrah ', 2, 8, 1, NULL, NULL),
(1013, 'C1452', '3pol  khal mena churi chowrah ', 2, 7, 1, NULL, NULL),
(1014, 'C1453', '3pol  khal mena churi chowrah ', 2, 7, 1, NULL, NULL),
(1015, 'C1454', '3pol  khal mena churi chowrah ', 2, 12, 1, NULL, NULL),
(1016, 'C1455', '3pol  khal mena churi chowrah ', 2, 12, 1, NULL, NULL),
(1017, 'C1456', '3pol  khal panching churi chowrah ', 2, 12, 1, NULL, NULL),
(1018, 'C1457', '3pol  khal panching churi chowrah ', 2, 12, 1, NULL, NULL),
(1019, 'C1458', '3pol  khal panching churi chowrah ', 2, 12, 1, NULL, NULL),
(1020, 'C1459', '3pol  khal panching churi chowrah ', 2, 12, 1, NULL, NULL),
(1021, 'C1460', '3pol  khal panching churi chowrah ', 2, 12, 1, NULL, NULL),
(1022, 'C1466', 'chowrah khal bowti 15mm', 2, 15, 1, NULL, NULL),
(1023, 'C1467', 'chowrah khal bowti 15mm', 2, 15, 1, NULL, NULL),
(1024, 'C1468', 'chowrah khal mena  bowti 15mm', 2, 16, 1, NULL, NULL),
(1025, 'C1469', 'chowrah khal mena  bowti 15mm', 2, 16, 1, NULL, NULL),
(1026, 'C1470', 'chowrah khal panching mena bowti 15mm', 2, 17, 1, NULL, NULL),
(1027, 'C1471', 'chowrah khal panching mena bowti 15mm', 2, 17, 1, NULL, NULL),
(1028, 'C1472', 'chowrah khal decaration bowti 15mm', 2, 18, 1, NULL, NULL),
(1029, 'C1473', 'chowrah khal decaration bowti 15mm', 2, 18, 1, NULL, NULL),
(1030, 'C1474', 'chowrah khal decaration mena bowti 15mm', 2, 19, 1, NULL, NULL),
(1031, 'C1475', 'chowrah khal decaration mena bowti 15mm', 2, 19, 1, NULL, NULL),
(1032, 'C1476', 'chowrah khal bowti 20mm', 2, 16, 1, NULL, NULL),
(1033, 'C1477', 'chowrah khal bowti 20mm', 2, 16, 1, NULL, NULL),
(1034, 'C1478', 'chowrah khal mena bowti 20mm', 2, 17, 1, NULL, NULL),
(1035, 'C1479', 'chowrah khal mena bowti 20mm', 2, 17, 1, NULL, NULL),
(1036, 'C1480', 'chowrah khal panching mena bowti 20mm', 2, 18, 1, NULL, NULL),
(1037, 'C1481', 'chowrah khal panching mena bowti 20mm', 2, 18, 1, NULL, NULL),
(1038, 'C1482', 'chowrah khal decaration bowti 20mm', 2, 19, 1, NULL, NULL),
(1039, 'C1483', 'chowrah khal decaration bowti 20mm', 2, 19, 1, NULL, NULL),
(1040, 'C1484', 'chowrah khal decaration mena bowti 20mm', 2, 20, 1, NULL, NULL),
(1041, 'C1485', 'chowrah khal decaration mena bowti 20mm', 2, 20, 1, NULL, NULL),
(1042, 'C1486', 'chowrah khal bowti 25mm', 2, 17, 1, NULL, NULL),
(1043, 'C1487', 'chowrah khal bowti 25mm', 2, 17, 1, NULL, NULL),
(1044, 'C1488', 'chowrah khal mena bowti 25mm', 2, 18, 1, NULL, NULL),
(1045, 'C1489', 'chowrah khal mena bowti 25mm', 2, 18, 1, NULL, NULL),
(1046, 'C1490', 'chowrah khal panching mena bowti 25mm', 2, 19, 1, NULL, NULL),
(1047, 'C1491', 'chowrah khal panching mena bowti 25mm', 2, 19, 1, NULL, NULL),
(1048, 'C1492', 'chowrah khal decaration bowti 25mm', 2, 20, 1, NULL, NULL),
(1049, 'C1493', 'chowrah khal decaration bowti 25mm', 2, 20, 1, NULL, NULL),
(1050, 'C1494', 'chowrah khal decaration mena bowti 25mm', 2, 21, 1, NULL, NULL),
(1051, 'C1495', 'chowrah khal decaration mena bowti 25mm', 2, 21, 1, NULL, NULL),
(1052, 'C1501', '1 tarar baki churi', 2, 8, 1, NULL, NULL),
(1053, 'C1502', '1 tarar baki churi', 2, 7, 1, NULL, NULL),
(1054, 'C1503', '1 tarar baki churi', 2, 8, 1, NULL, NULL),
(1055, 'C1504', '1 tarar baki churi', 2, 8, 1, NULL, NULL),
(1056, 'C1505', '1 tarar baki churi', 2, 6, 1, NULL, NULL),
(1057, 'C1506', '1 tarar panching baki churi', 2, 8, 1, NULL, NULL),
(1058, 'C1507', '1 tarar panching baki churi', 2, 7, 1, NULL, NULL),
(1059, 'C1508', '1 tarar panching baki churi', 2, 8, 1, NULL, NULL),
(1060, 'C1509', '1 tarar panching baki churi', 2, 7, 1, NULL, NULL),
(1061, 'C1510', '1 tarar panching baki churi', 2, 8, 1, NULL, NULL),
(1062, 'C1511', '1 tarar mena baki churi', 2, 7, 1, NULL, NULL),
(1063, 'C1512', '1 tarer  beki  churi', 2, 7, 1, NULL, NULL),
(1064, 'C1513', '1 tarar mena baki churi', 2, 7, 1, NULL, NULL),
(1065, 'C1514', '1 tarar mena baki churi', 2, 7, 1, NULL, NULL),
(1066, 'C1515', '1 tarar mena baki churi', 2, 6, 1, NULL, NULL),
(1067, 'C1516', '2 tarar baki churi', 2, 14, 1, NULL, NULL),
(1068, 'C1517', '2 tarar baki churi', 2, 14, 1, NULL, NULL),
(1069, 'C1518', '2 tarar baki churi', 2, 14, 1, NULL, NULL),
(1070, 'C1519', '2 tarar baki churi', 2, 14, 1, NULL, NULL),
(1071, 'C1520', '2 tarar baki churi', 2, 14, 1, NULL, NULL),
(1072, 'C1521', '2 tarar baki churi', 2, 14, 1, NULL, NULL),
(1073, 'C1522', '2 tarar baki churi', 2, 14, 1, NULL, NULL),
(1074, 'C1523', '2 tarar baki churi', 2, 14, 1, NULL, NULL),
(1075, 'C1524', '2 tarar baki churi', 2, 14, 1, NULL, NULL),
(1076, 'C1525', '2 tarar baki churi', 2, 14, 1, NULL, NULL),
(1077, 'C1526', '2 tarar baki churi', 2, 14, 1, NULL, NULL),
(1078, 'C1527', '2 tarar baki churi', 2, 14, 1, NULL, NULL),
(1079, 'C1528', '2 tarar baki churi', 2, 14, 1, NULL, NULL),
(1080, 'C1529', '2 tarar baki churi', 2, 14, 1, NULL, NULL),
(1081, 'C1530', '2 tarar baki churi', 2, 14, 1, NULL, NULL),
(1082, 'C1531', '2 tarar baki churi', 2, 14, 1, NULL, NULL),
(1083, 'C1532', '2 tarar baki churi', 2, 14, 1, NULL, NULL),
(1084, 'C1533', '2 tarar baki churi', 2, 14, 1, NULL, NULL),
(1085, 'C1534', '2 tarar baki churi', 2, 14, 1, NULL, NULL),
(1086, 'C1535', '2 tarar baki churi', 2, 14, 1, NULL, NULL),
(1087, 'C1536', '2 tarar panching baki churi', 2, 15, 1, NULL, NULL),
(1088, 'C1537', '2 tarar panching baki churi', 2, 15, 1, NULL, NULL),
(1089, 'C1538', '2 tarar panching baki churi', 2, 14, 1, NULL, NULL),
(1090, 'C1539', '2 tarar panching baki churi', 2, 14, 1, NULL, NULL),
(1091, 'C1540', '2 tarar panching baki churi', 2, 13, 1, NULL, NULL),
(1092, 'C1541', '2 tarar panching baki churi', 2, 13, 1, NULL, NULL),
(1093, 'C1542', '2 tarar panching baki churi', 2, 7, 1, NULL, NULL),
(1094, 'C1543', '2 tarar panching baki churi', 2, 7, 1, NULL, NULL),
(1095, 'C1544', '2 tarar panching baki churi', 2, 14, 1, NULL, NULL),
(1096, 'C1545', '2 tarar panching baki churi', 2, 14, 1, NULL, NULL),
(1097, 'C1546', '2 tarar mena baki churi', 2, 18, 1, NULL, NULL),
(1098, 'C1547', '2 tarar mena baki churi', 2, 6, 1, NULL, NULL),
(1099, 'C1548', '2 tarar mena baki churi', 2, 6, 1, NULL, NULL),
(1100, 'C1549', '2 tarar mena baki churi', 2, 6, 1, NULL, NULL),
(1101, 'C1550', '2 tarar mena baki churi', 2, 6, 1, NULL, NULL),
(1102, 'C1551', '2 tarar mena baki churi', 2, 16, 1, NULL, NULL),
(1103, 'C1552', '2 tarar mena baki churi', 2, 16, 1, NULL, NULL),
(1104, 'C1553', '2 tarar mena baki churi', 2, 14, 1, NULL, NULL),
(1105, 'C1554', '2 tarar mena baki churi', 2, 16, 1, NULL, NULL),
(1106, 'C1555', '2 tarar mena baki churi', 2, 16, 1, NULL, NULL),
(1107, 'C1556', '3 tarar baki churi', 2, 16, 1, NULL, NULL),
(1108, 'C1557', '3 tarar baki churi', 2, 16, 1, NULL, NULL),
(1109, 'C1558', '3 tarar baki churi', 2, 16, 1, NULL, NULL),
(1110, 'C1559', '3 tarar baki churi', 2, 16, 1, NULL, NULL),
(1111, 'C1560', '3 tarar baki churi', 2, 16, 1, NULL, NULL),
(1112, 'C1561', '3 tarar baki churi', 2, 16, 1, NULL, NULL),
(1113, 'C1562', '3 tarar baki churi', 2, 16, 1, NULL, NULL),
(1114, 'C1563', '3 tarar baki churi', 2, 16, 1, NULL, NULL),
(1115, 'C1564', '3 tarar baki churi', 2, 16, 1, NULL, NULL),
(1116, 'C1565', '3 tarar baki churi', 2, 16, 1, NULL, NULL),
(1117, 'C1566', '3 tarar panching  baki churi', 2, 17, 1, NULL, NULL),
(1118, 'C1567', '3 tarar panching  baki churi', 2, 17, 1, NULL, NULL),
(1119, 'C1568', '3 tarar panching  baki churi', 2, 17, 1, NULL, NULL),
(1120, 'C1569', '2 tarar panching  baki churi', 2, 20, 1, NULL, NULL),
(1121, 'C1570', '3 tarar panching  baki churi', 2, 18, 1, NULL, NULL),
(1122, 'C1571', '3 tarar mena baki churi', 2, 18, 1, NULL, NULL),
(1123, 'C1572', '3 tarar mena baki churi', 2, 18, 1, NULL, NULL),
(1124, 'C1573', '3 tarar mena baki churi', 2, 18, 1, NULL, NULL),
(1125, 'C1574', '3 tarar mena baki churi', 2, 18, 1, NULL, NULL),
(1126, 'C1575', '3 tarar mena baki churi', 2, 16, 1, NULL, NULL),
(1127, 'C1576', '4 tarar baki churi', 2, 17, 1, NULL, NULL),
(1128, 'C1577', '4 tarar baki churi', 2, 17, 1, NULL, NULL),
(1129, 'C1578', '4 tarar baki churi', 2, 17, 1, NULL, NULL),
(1130, 'C1579', '4 tarar baki churi', 2, 17, 1, NULL, NULL),
(1131, 'C1580', '4 tarar baki churi', 2, 17, 1, NULL, NULL),
(1132, 'C1581', '4 tarar panching baki churi', 2, 18, 1, NULL, NULL),
(1133, 'C1582', '4 tarar panching baki churi', 2, 18, 1, NULL, NULL),
(1134, 'C1583', '4 tarar panching baki churi', 2, 18, 1, NULL, NULL),
(1135, 'C1584', '4 tarar panching baki churi', 2, 18, 1, NULL, NULL),
(1136, 'C1585', '4 tarar panching baki churi', 2, 18, 1, NULL, NULL),
(1137, 'C1586', '4 tarar mena baki churi', 2, 19, 1, NULL, NULL),
(1138, 'C1587', '4 tarar baki churi', 2, 19, 1, NULL, NULL),
(1139, 'C1588', '4 tarar mena baki churi', 2, 19, 1, NULL, NULL),
(1140, 'C1589', '2 tarar  baki churi', 2, 13, 1, NULL, NULL),
(1141, 'C1590', '4 tarar mena baki churi', 2, 13, 1, NULL, NULL),
(1142, 'C1591', 'Bekey Churi', 2, 13, 1, NULL, NULL),
(1143, 'C1592', 'Bekey Churi', 2, 13, 1, NULL, NULL),
(1144, 'C1593', 'Bekey Churi', 2, 15, 1, NULL, NULL),
(1145, 'C1594', 'Bekey churi', 2, 13, 1, NULL, NULL),
(1146, 'C1595', 'churi', 2, 16, 1, NULL, NULL),
(1147, 'C1597', '2 tarar baki churi regi chara', 2, 14, 1, NULL, NULL),
(1148, 'C1598', 'Bekey Churi', 2, 13, 1, NULL, NULL),
(1149, 'C1599', 'churi', 2, 20, 1, NULL, NULL),
(1150, 'C1600', 'Bekey Churi', 2, 20, 1, NULL, NULL),
(1151, 'C1643', 'konkon', 2, 14, 1, NULL, NULL),
(1152, 'C1644', 'konkon', 2, 14, 1, NULL, NULL),
(1153, 'C1645', 'thokai bangala mini mena konkon', 2, 14, 1, NULL, NULL),
(1154, 'C1651', 'thokai dd  mini  konkon', 2, 13, 1, NULL, NULL),
(1155, 'C1652', 'thokai dd  mini  konkon', 2, 13, 1, NULL, NULL),
(1156, 'C1653', 'thokai dd  mini  konkon', 2, 13, 1, NULL, NULL),
(1157, 'C1654', 'thokai dd  mini  konkon', 2, 13, 1, NULL, NULL),
(1158, 'C1655', 'thokai dd  mini  konkon', 2, 13, 1, NULL, NULL),
(1159, 'C1656', 'thokai dd mena mini  konkon', 2, 14, 1, NULL, NULL),
(1160, 'C1657', 'thokai dd mena mini  konkon', 2, 14, 1, NULL, NULL),
(1161, 'C1658', 'thokai dd mena mini  konkon', 2, 14, 1, NULL, NULL),
(1162, 'C1659', 'thokai dd mena mini  konkon', 2, 14, 1, NULL, NULL),
(1163, 'C1660', 'thokai dd mena mini  konkon', 2, 14, 1, NULL, NULL),
(1164, 'C1666', 'thokai joypuri  mini  konkon', 2, 12, 1, NULL, NULL),
(1165, 'C1667', 'thokai joypuri  mini  konkon', 2, 12, 1, NULL, NULL),
(1166, 'C1668', 'thokai joypuri  mini  konkon', 2, 12, 1, NULL, NULL),
(1167, 'C1669', 'thokai joypuri  mini  konkon', 2, 12, 1, NULL, NULL),
(1168, 'C1670', 'thokai joypuri  mini  konkon', 2, 12, 1, NULL, NULL),
(1169, 'C1671', 'thokai joypuri mena mini  konkon', 2, 13, 1, NULL, NULL),
(1170, 'C1672', 'thokai joypuri mena mini  konkon', 2, 13, 1, NULL, NULL),
(1171, 'C1673', 'thokai joypuri mena mini  konkon', 2, 13, 1, NULL, NULL),
(1172, 'C1674', 'thokai joypuri mena mini  konkon', 2, 13, 1, NULL, NULL),
(1173, 'C1675', 'thokai joypuri mena mini  konkon', 2, 13, 1, NULL, NULL),
(1174, 'C1678', 'panjabi bala taser ', 2, 14, 1, NULL, NULL),
(1175, 'C1679', 'panjabi bala taser ', 2, 14, 1, NULL, NULL),
(1176, 'C1680', 'panjabi bala taser ', 2, 14, 1, NULL, NULL),
(1177, 'C1681', 'panjabi bala half round ', 2, 15, 1, NULL, NULL),
(1178, 'C1682', 'panjabi bala half round ', 2, 15, 1, NULL, NULL),
(1179, 'C1683', 'panjabi bala mena half round ', 2, 14, 1, NULL, NULL),
(1180, 'C1684', 'panjabi bala mena half round ', 2, 16, 1, NULL, NULL),
(1181, 'C1685', 'panjabi bala mena half round ', 2, 16, 1, NULL, NULL),
(1182, 'C1686', 'panjabi bala flat panching ', 2, 16, 1, NULL, NULL),
(1183, 'C1687', 'panjabi bala flat panching ', 2, 16, 1, NULL, NULL),
(1184, 'C1688', 'panjabi bala flat panching ', 2, 16, 1, NULL, NULL),
(1185, 'C1689', 'panjabi bala flat panching mena', 2, 17, 1, NULL, NULL),
(1186, 'C1690', 'panjabi bala flat panching mena', 2, 17, 1, NULL, NULL),
(1187, 'C1691', 'panjabi bala flat panching mena', 2, 17, 1, NULL, NULL),
(1188, 'C1692', 'panjabi bala flat decaration', 2, 18, 1, NULL, NULL),
(1189, 'C1693', 'panjabi bala flat decaration', 2, 18, 1, NULL, NULL),
(1190, 'C1694', 'panjabi bala flat decaration', 2, 18, 1, NULL, NULL),
(1191, 'C1695', 'panjabi bala flat decaration mena', 2, 19, 1, NULL, NULL),
(1192, 'C1696', 'panjabi bala flat decaration mena', 2, 19, 1, NULL, NULL),
(1193, 'C1697', 'panjabi bala flat decaration mena', 2, 19, 1, NULL, NULL),
(1194, 'C1699', 'Khal Bala', 2, 18, 1, NULL, NULL),
(1195, 'C1701', 'THOKAI CHURI', 2, 7, 1, NULL, NULL),
(1196, 'C1702', 'THOKAI CHURI', 2, 7, 1, NULL, NULL),
(1197, 'C1703', 'THOKAI CHURI', 2, 7, 1, NULL, NULL),
(1198, 'C1704', 'THOKAI CHURI', 2, 8, 1, NULL, NULL),
(1199, 'C1705', 'THOKAI CHURI', 2, 7, 1, NULL, NULL),
(1200, 'C1706', 'THOKAI CHURI', 2, 8, 1, NULL, NULL),
(1201, 'C1707', 'Thikai dd churi saru', 2, 7, 1, NULL, NULL),
(1202, 'C1708', 'THOKAI CHURI', 2, 7, 1, NULL, NULL),
(1203, 'C1709', 'THOKAI CHURI', 2, 8, 1, NULL, NULL),
(1204, 'C1710', 'CHURI', 2, 7, 1, NULL, NULL),
(1205, 'C1711', 'Thokai Churi', 2, 7, 1, NULL, NULL),
(1206, 'C1713', 'Thokai Churi', 2, 7, 1, NULL, NULL),
(1207, 'C1714', 'Thokai Ckuri', 2, 7, 1, NULL, NULL),
(1208, 'C1715', 'Thokai Churi', 2, 8, 1, NULL, NULL),
(1209, 'C1716', 'Thokai Churi', 2, 7, 1, NULL, NULL),
(1210, 'C1717', 'Thokai Churi', 2, 7, 1, NULL, NULL),
(1211, 'C1718', 'THOKAI CHURI', 2, 7, 1, NULL, NULL),
(1212, 'C1719', 'THOKAI CHURI', 2, 7, 1, NULL, NULL),
(1213, 'C1720', 'CHURI', 2, 7, 1, NULL, NULL),
(1214, 'C1721', 'THOKAI CHURI', 2, 7, 1, NULL, NULL),
(1215, 'C1722', 'THOKAI CHURI', 2, 7, 1, NULL, NULL),
(1216, 'C1723', 'Thokai Churi', 2, 7, 1, NULL, NULL),
(1217, 'C1724', 'CHURI', 2, 11, 1, NULL, NULL),
(1218, 'C1725', 'THOKAI CHURI', 2, 7, 1, NULL, NULL),
(1219, 'C1726', 'THOKAI CHURI', 2, 7, 1, NULL, NULL),
(1220, 'C1727', 'THOKAI CHURI', 2, 7, 1, NULL, NULL),
(1221, 'C1728', 'THOKAI CHURI', 2, 7, 1, NULL, NULL),
(1222, 'C1729', 'THOKAI CHURI', 2, 7, 1, NULL, NULL),
(1223, 'C1730', 'Thokai Churi', 2, 8, 1, NULL, NULL),
(1224, 'C1731', 'THOKAI CHURI', 2, 7, 1, NULL, NULL),
(1225, 'C1732', 'THOKAI CHURI', 2, 7, 1, NULL, NULL),
(1226, 'C1733', 'CHURI', 2, 7, 1, NULL, NULL),
(1227, 'C1735', 'Thokai Churi', 2, 8, 1, NULL, NULL),
(1228, 'C1737', 'CHURI', 2, 8, 1, NULL, NULL),
(1229, 'C1738', 'CHURI', 2, 7, 1, NULL, NULL),
(1230, 'C1741', 'CHURI', 2, 7, 1, NULL, NULL),
(1231, 'C1762', 'CHURI', 2, 7, 1, NULL, NULL),
(1232, 'C1763', 'THOKAI CHURI', 2, 7, 1, NULL, NULL),
(1233, 'C1776', 'thokai churi', 2, 7, 1, NULL, NULL),
(1234, 'C1781', 'Churi', 2, 7, 1, NULL, NULL),
(1235, 'C1782', 'Thokai Churi', 2, 7, 1, NULL, NULL),
(1236, 'C1785', 'THOKAI CHURI', 2, 7, 1, NULL, NULL),
(1237, 'C1786', 'churi', 2, 7, 1, NULL, NULL),
(1238, 'C1788', 'THOKAI CHURI', 2, 8, 1, NULL, NULL),
(1239, 'C1789', 'THOKAI CHURI', 2, 7, 1, NULL, NULL),
(1240, 'C1790', 'CHURI', 2, 7, 1, NULL, NULL),
(1241, 'C1791', 'churi', 2, 8, 1, NULL, NULL),
(1242, 'C1792', 'churi', 2, 7, 1, NULL, NULL),
(1243, 'C1793', 'churi', 2, 7, 1, NULL, NULL),
(1244, 'C1794', 'churi', 2, 7, 1, NULL, NULL),
(1245, 'C1795', 'CHURI', 2, 7, 1, NULL, NULL),
(1246, 'C1796', 'churi', 2, 7, 1, NULL, NULL),
(1247, 'C2001', '8MM panching mina patla', 2, 11, 1, NULL, NULL),
(1248, 'C2002', '8MM panching mina patla', 2, 11, 1, NULL, NULL),
(1249, 'C2003', '8MM panching mina patla', 2, 11, 1, NULL, NULL),
(1250, 'C2004', '8MM panching mina patla', 2, 11, 1, NULL, NULL),
(1251, 'C2005', '8MM panching mina patla', 2, 11, 1, NULL, NULL),
(1252, 'C2006', '9MM panching mina patla', 2, 14, 1, NULL, NULL),
(1253, 'C2007', '9MM panching mina patla', 2, 12, 1, NULL, NULL),
(1254, 'C2008', '9MM panching mina patla', 2, 12, 1, NULL, NULL),
(1255, 'C2009', '9MM panching mina patla', 2, 12, 1, NULL, NULL),
(1256, 'C2010', '9MM panching mina patla', 2, 12, 1, NULL, NULL),
(1257, 'C2011', '10MM panching mina patla', 2, 13, 1, NULL, NULL),
(1258, 'C2012', '10MM panching mina patla', 2, 13, 1, NULL, NULL),
(1259, 'C2013', '10MM panching mina patla', 2, 13, 1, NULL, NULL),
(1260, 'C2014', '10MM panching mina patla', 2, 13, 1, NULL, NULL),
(1261, 'C2015', '10MM panching mina patla', 2, 13, 1, NULL, NULL),
(1262, 'C2016', '11MM panching mina patla', 2, 14, 1, NULL, NULL),
(1263, 'C2017', '11MM panching mina patla', 2, 14, 1, NULL, NULL),
(1264, 'C2018', '11MM panching mina patla', 2, 14, 1, NULL, NULL),
(1265, 'C2019', '11MM panching mina patla', 2, 14, 1, NULL, NULL),
(1266, 'C2020', '11MM panching mina patla', 2, 14, 1, NULL, NULL),
(1267, 'C2021', '12MM panching mina patla', 2, 15, 1, NULL, NULL),
(1268, 'C2022', '12MM panching mina patla', 2, 15, 1, NULL, NULL),
(1269, 'C2023', '12MM panching mina patla', 2, 15, 1, NULL, NULL),
(1270, 'C2024', '12MM panching mina patla', 2, 15, 1, NULL, NULL),
(1271, 'C2025', '12MM panching mina patla', 2, 15, 1, NULL, NULL),
(1272, 'C2027', '13MM panching mina patla', 2, 16, 1, NULL, NULL),
(1273, 'C2028', '13MM panching mina patla', 2, 16, 1, NULL, NULL),
(1274, 'C2029', '13MM panching mina patla', 2, 16, 1, NULL, NULL),
(1275, 'C2030', '13MM panching mina patla', 2, 16, 1, NULL, NULL),
(1276, 'C2031', '14MM panching mina patla', 2, 17, 1, NULL, NULL),
(1277, 'C2032', '14MM panching mina patla', 2, 17, 1, NULL, NULL),
(1278, 'C2033', '14MM panching mina patla', 2, 17, 1, NULL, NULL),
(1279, 'C2034', '14MM panching mina patla', 2, 17, 1, NULL, NULL),
(1280, 'C2035', '14MM panching mina patla', 2, 17, 1, NULL, NULL),
(1281, 'C2036', '15MM panching mina patla', 2, 18, 1, NULL, NULL),
(1282, 'C2037', '15MM panching mina patla', 2, 18, 1, NULL, NULL),
(1283, 'C2038', '15MM panching mina patla', 2, 18, 1, NULL, NULL),
(1284, 'C2039', '15MM panching mina patla', 2, 18, 1, NULL, NULL),
(1285, 'C2040', '15MM panching mina patla', 2, 18, 1, NULL, NULL),
(1286, 'C2041', '16MM panching mina patla', 2, 19, 1, NULL, NULL),
(1287, 'C2042', '16MM panching mina patla', 2, 19, 1, NULL, NULL),
(1288, 'C2043', '16MM panching mina patla', 2, 19, 1, NULL, NULL),
(1289, 'C2044', '16MM panching mina patla', 2, 19, 1, NULL, NULL),
(1290, 'C2045', '16MM panching mina patla', 2, 19, 1, NULL, NULL),
(1291, 'C2046', '17MM panching mina patla', 2, 20, 1, NULL, NULL),
(1292, 'C2047', '17MM panching mina patla', 2, 20, 1, NULL, NULL),
(1293, 'C2048', '17MM panching mina patla', 2, 20, 1, NULL, NULL),
(1294, 'C2049', '17MM panching mina patla', 2, 20, 1, NULL, NULL),
(1295, 'C2050', '17MM panching mina patla', 2, 20, 1, NULL, NULL),
(1296, 'C2051', '18MM panching mina patla', 2, 21, 1, NULL, NULL),
(1297, 'C2052', '18MM panching mina patla', 2, 21, 1, NULL, NULL),
(1298, 'C2053', '18MM panching mina patla', 2, 21, 1, NULL, NULL),
(1299, 'C2054', '18MM panching mina patla', 2, 21, 1, NULL, NULL),
(1300, 'C2055', '18MM panching mina patla', 2, 21, 1, NULL, NULL),
(1301, 'C2056', '19MM panching mina patla', 2, 22, 1, NULL, NULL),
(1302, 'C2057', '19MM panching mina patla', 2, 22, 1, NULL, NULL),
(1303, 'C2058', '19MM panching mina patla', 2, 22, 1, NULL, NULL),
(1304, 'C2059', '19MM panching mina patla', 2, 22, 1, NULL, NULL),
(1305, 'C2060', '19MM panching mina patla', 2, 22, 1, NULL, NULL),
(1306, 'C2061', '20MM panching mina patla', 2, 23, 1, NULL, NULL),
(1307, 'C2062', '20MM panching mina patla', 2, 23, 1, NULL, NULL),
(1308, 'C2063', '20MM panching mina patla', 2, 23, 1, NULL, NULL),
(1309, 'C2064', '20MM panching mina patla', 2, 23, 1, NULL, NULL),
(1310, 'C2065', '20MM panching mina patla', 2, 23, 1, NULL, NULL),
(1311, 'C2071', 'half round panching churi  chowrah ', 2, 15, 1, NULL, NULL),
(1312, 'C2072', 'half round panching churi  chowrah ', 2, 15, 1, NULL, NULL),
(1313, 'C2073', 'half round panching churi  chowrah ', 2, 15, 1, NULL, NULL),
(1314, 'C2074', 'half round panching churi  chowrah ', 2, 15, 1, NULL, NULL),
(1315, 'C2075', 'half round panching churi  chowrah ', 2, 15, 1, NULL, NULL),
(1316, 'C2076', 'half round panching  mena churi  chowrah ', 2, 16, 1, NULL, NULL),
(1317, 'C2077', 'half round panching  mena churi  chowrah ', 2, 16, 1, NULL, NULL),
(1318, 'C2078', 'half round panching  mena churi  chowrah ', 2, 16, 1, NULL, NULL),
(1319, 'C2079', 'half round panching  mena churi  chowrah ', 2, 16, 1, NULL, NULL),
(1320, 'C2080', 'half round panching  mena churi  chowrah ', 2, 16, 1, NULL, NULL),
(1321, 'C2081', 'taser panching churi  chowrah ', 2, 16, 1, NULL, NULL),
(1322, 'C2082', 'taser panching churi  chowrah ', 2, 16, 1, NULL, NULL),
(1323, 'C2083', 'taser panching churi  chowrah ', 2, 16, 1, NULL, NULL),
(1324, 'C2084', 'taser panching churi  chowrah ', 2, 16, 1, NULL, NULL),
(1325, 'C2085', 'taser panching churi  chowrah ', 2, 16, 1, NULL, NULL),
(1326, 'C2086', 'taser panching mena churi  chowrah ', 2, 17, 1, NULL, NULL),
(1327, 'C2087', 'taser panching mena churi  chowrah ', 2, 17, 1, NULL, NULL),
(1328, 'C2088', 'taser panching mena churi  chowrah ', 2, 17, 1, NULL, NULL),
(1329, 'C2089', 'taser panching mena churi  chowrah ', 2, 17, 1, NULL, NULL),
(1330, 'C2090', 'taser panching mena churi  chowrah ', 2, 17, 1, NULL, NULL),
(1331, 'C2101', 'half round khal panching soru ', 2, 10, 1, NULL, NULL),
(1332, 'C2102', 'half round khal panching soru ', 2, 10, 1, NULL, NULL),
(1333, 'C2103', 'half round khal panching soru ', 2, 10, 1, NULL, NULL),
(1334, 'C2104', 'half round khal panching soru ', 2, 10, 1, NULL, NULL),
(1335, 'C2105', 'half round khal panching soru ', 2, 10, 1, NULL, NULL),
(1336, 'C2106', 'half round khal panching decaration mina ', 2, 17, 1, NULL, NULL),
(1337, 'C2107', 'half round khal panching decaration mina ', 2, 17, 1, NULL, NULL),
(1338, 'C2108', 'half round khal panching decaration mina ', 2, 17, 1, NULL, NULL),
(1339, 'C2109', 'half round khal panching decaration mina ', 2, 17, 1, NULL, NULL),
(1340, 'C2110', 'half round khal panching decaration mina ', 2, 17, 1, NULL, NULL),
(1341, 'C2111', 'half round khal panching maghari ', 2, 11, 1, NULL, NULL),
(1342, 'C2112', 'half round khal panching maghari ', 2, 17, 1, NULL, NULL),
(1343, 'C2113', 'half round khal panching maghari ', 2, 17, 1, NULL, NULL),
(1344, 'C2114', 'half round khal panching maghari ', 2, 17, 1, NULL, NULL),
(1345, 'C2115', 'half round khal panching maghari ', 2, 17, 1, NULL, NULL),
(1346, 'C2116', 'half round khal panching decaration mena maghari ', 2, 13, 1, NULL, NULL),
(1347, 'C2117', 'half round khal panching decaration mena maghari ', 2, 13, 1, NULL, NULL),
(1348, 'C2118', 'half round khal panching decaration mena maghari ', 2, 13, 1, NULL, NULL),
(1349, 'C2119', 'half round khal panching decaration mena maghari ', 2, 13, 1, NULL, NULL),
(1350, 'C2120', 'half round khal panching decaration mena maghari ', 2, 13, 1, NULL, NULL),
(1351, 'C2121', 'half round khal panching chowrah ', 2, 12, 1, NULL, NULL),
(1352, 'C2122', 'half round khal panching chowrah ', 2, 12, 1, NULL, NULL),
(1353, 'C2123', 'half round khal panching chowrah ', 2, 12, 1, NULL, NULL),
(1354, 'C2124', 'half round khal panching chowrah ', 2, 12, 1, NULL, NULL),
(1355, 'C2125', 'half round khal panching chowrah ', 2, 12, 1, NULL, NULL),
(1356, 'C2126', 'half round khal panching chowrah ', 2, 12, 1, NULL, NULL),
(1357, 'C2127', 'half round khal panching decaration mena chowrah ', 2, 14, 1, NULL, NULL),
(1358, 'C2128', 'half round khal panching decaration mena chowrah ', 2, 14, 1, NULL, NULL),
(1359, 'C2129', 'half round khal panching decaration mena chowrah ', 2, 14, 1, NULL, NULL),
(1360, 'C2130', 'half round khal panching decaration mena chowrah ', 2, 14, 1, NULL, NULL),
(1361, 'C2136', '9MM chowrah khal bowti ', 2, 10, 1, NULL, NULL),
(1362, 'C2137', '9MM chowrah khal bowti ', 2, 10, 1, NULL, NULL),
(1363, 'C2138', '9MM chowrah khal panching ', 2, 11, 1, NULL, NULL),
(1364, 'C2139', '9MM chowrah khal panching ', 2, 11, 1, NULL, NULL),
(1365, 'C2140', '9MM chowrah panching mena', 2, 12, 1, NULL, NULL),
(1366, 'C2141', '9MM chowrah panching mena', 2, 12, 1, NULL, NULL),
(1367, 'C2142', '9MM panching decaration mena', 2, 13, 1, NULL, NULL),
(1368, 'C2143', '9MM panching decaration mena', 2, 13, 1, NULL, NULL),
(1369, 'C2144', '10MM chowrah  khal bowti ', 2, 11, 1, NULL, NULL),
(1370, 'C2145', '10MM chowrah  khal bowti ', 2, 11, 1, NULL, NULL),
(1371, 'C2146', '10MM chowrah  khal panching', 2, 12, 1, NULL, NULL),
(1372, 'C2147', '10MM chowrah  khal panching', 2, 12, 1, NULL, NULL),
(1373, 'C2148', '10MM chowrah panching mena ', 2, 13, 1, NULL, NULL),
(1374, 'C2149', '10MM chowrah panching mena ', 2, 13, 1, NULL, NULL),
(1375, 'C2150', '10MM panching decaration  mena ', 2, 14, 1, NULL, NULL),
(1376, 'C2151', '10MM panching decaration  mena ', 2, 14, 1, NULL, NULL),
(1377, 'C2152', '11MM chowrah khal bowti ', 2, 12, 1, NULL, NULL),
(1378, 'C2153', '11MM chowrah khal bowti ', 2, 12, 1, NULL, NULL),
(1379, 'C2154', '11MM chowrah khal panching ', 2, 13, 1, NULL, NULL),
(1380, 'C2155', '11MM chowrah khal panching ', 2, 13, 1, NULL, NULL),
(1381, 'C2156', '11MM chowrah panching mena  ', 2, 14, 1, NULL, NULL),
(1382, 'C2157', '11MM chowrah panching mena  ', 2, 14, 1, NULL, NULL),
(1383, 'C2158', '11MM panching decaration mena  ', 2, 15, 1, NULL, NULL),
(1384, 'C2159', '11MM panching decaration mena  ', 2, 15, 1, NULL, NULL),
(1385, 'C2160', '12MM chowrah khal bowti ', 2, 13, 1, NULL, NULL),
(1386, 'C2161', '12MM chowrah khal bowti ', 2, 13, 1, NULL, NULL),
(1387, 'C2162', '12MM chowrah khal panching ', 2, 14, 1, NULL, NULL),
(1388, 'C2163', '12MM chowrah khal panching ', 2, 14, 1, NULL, NULL),
(1389, 'C2164', '12MM chowrah panching mena', 2, 15, 1, NULL, NULL),
(1390, 'C2165', '12MM chowrah panching mena', 2, 15, 1, NULL, NULL),
(1391, 'C2166', '12MM panching decaration mena', 2, 16, 1, NULL, NULL),
(1392, 'C2167', '12MM panching decaration mena', 2, 16, 1, NULL, NULL),
(1393, 'C2168', '13MM chowrah khal bowti ', 2, 14, 1, NULL, NULL),
(1394, 'C2169', '13MM chowrah khal bowti ', 2, 14, 1, NULL, NULL),
(1395, 'C2170', '13MM chowrah khal panching', 2, 15, 1, NULL, NULL),
(1396, 'C2171', '13MM chowrah khal panching', 2, 15, 1, NULL, NULL),
(1397, 'C2172', '13MM chowrah panching mena', 2, 16, 1, NULL, NULL),
(1398, 'C2174', '13MM chowrah panching mena', 2, 16, 1, NULL, NULL),
(1399, 'C2175', '13MM panching decaration mena', 2, 17, 1, NULL, NULL),
(1400, 'C2178', '14MM chowrah khal panching ', 2, 16, 1, NULL, NULL),
(1401, 'C2179', '14MM chowrah khal panching ', 2, 16, 1, NULL, NULL),
(1402, 'C2180', '14MM chowrah panching mena', 2, 17, 1, NULL, NULL),
(1403, 'C2181', '14MM chowrah panching mena', 2, 17, 1, NULL, NULL),
(1404, 'C2182', '14MM panching decaration mena', 2, 18, 1, NULL, NULL),
(1405, 'C2183', '14MM panching decaration mena', 2, 18, 1, NULL, NULL),
(1406, 'C2404', 'Thokai Churi Plaza', 2, 7, 1, NULL, NULL),
(1407, 'C2407', 'Thokai Churi Plaza', 2, 7, 1, NULL, NULL),
(1408, 'C2408', 'CHURI', 2, 7, 1, NULL, NULL),
(1409, 'C2410', 'Thokai churi', 2, 8, 1, NULL, NULL),
(1410, 'C2413', 'Thokai churi', 2, 7, 1, NULL, NULL),
(1411, 'C2416', 'churi', 2, 7, 1, NULL, NULL),
(1412, 'C2417', 'churi', 2, 7, 1, NULL, NULL),
(1413, 'C2418', 'PLAZA', 2, 8, 1, NULL, NULL),
(1414, 'C2419', 'Thokai Churi', 2, 7, 1, NULL, NULL),
(1415, 'C2420', 'Thokai Churi Plaza', 2, 7, 1, NULL, NULL),
(1416, 'C2421', 'Thokai Churi Plaza', 2, 7, 1, NULL, NULL),
(1417, 'C2422', 'Thokai Churi Plaza', 2, 7, 1, NULL, NULL),
(1418, 'C2423', 'Thokai Churi Plaza', 2, 7, 1, NULL, NULL),
(1419, 'C2424', 'Thokai Churi Plaza', 2, 7, 1, NULL, NULL),
(1420, 'C2425', 'Thokai Churi Plaza', 2, 7, 1, NULL, NULL),
(1421, 'C2426', 'Thokai Churi Plaza', 2, 7, 1, NULL, NULL),
(1422, 'C2427', 'Thokai Churi Plaza', 2, 7, 1, NULL, NULL),
(1423, 'C2428', 'Thokai Churi Plaza', 2, 7, 1, NULL, NULL),
(1424, 'C2429', 'churi', 2, 8, 1, NULL, NULL),
(1425, 'C2430', 'churi', 2, 7, 1, NULL, NULL),
(1426, 'C2431', 'Thokai churi', 2, 8, 1, NULL, NULL),
(1427, 'C2432', 'Thokai churi', 2, 7, 1, NULL, NULL),
(1428, 'C2433', 'Thokai churi', 2, 7, 1, NULL, NULL),
(1429, 'C2434', 'churi', 2, 7, 1, NULL, NULL),
(1430, 'C2435', 'Thokai Churi Bangla', 2, 7, 1, NULL, NULL),
(1431, 'C2436', 'Thokai churi', 2, 7, 1, NULL, NULL),
(1432, 'C2437', 'Thokai Churi Bangla', 2, 7, 1, NULL, NULL),
(1433, 'C2438', 'Thokai churi', 2, 7, 1, NULL, NULL),
(1434, 'C2439', 'Thokai churi', 2, 7, 1, NULL, NULL),
(1435, 'C2440', 'Thokai Churi Bangla', 2, 7, 1, NULL, NULL),
(1436, 'C2442', 'Thokai Churi Bangla', 2, 7, 1, NULL, NULL),
(1437, 'C2443', 'Thokai Churi Bangla', 2, 7, 1, NULL, NULL),
(1438, 'C2444', 'Thokai Churi', 2, 7, 1, NULL, NULL),
(1439, 'C2445', 'Thokai Churi', 2, 7, 1, NULL, NULL),
(1440, 'C2446', 'Thokai churi', 2, 7, 1, NULL, NULL),
(1441, 'C2447', 'Thokai churi', 2, 7, 1, NULL, NULL),
(1442, 'C2448', 'Thokai churi', 2, 7, 1, NULL, NULL),
(1443, 'C2449', 'Thokai Churi Bangla', 2, 7, 1, NULL, NULL),
(1444, 'C2451', 'Thokai Churi Bangla', 2, 6, 1, NULL, NULL),
(1445, 'C2452', 'Thokai Churi Bangla', 2, 7, 1, NULL, NULL),
(1446, 'C2453', 'Thokai churi', 2, 7, 1, NULL, NULL),
(1447, 'C2454', 'Thokai Churi Bangla', 2, 6, 1, NULL, NULL),
(1448, 'C2455', 'churi', 2, 7, 1, NULL, NULL),
(1449, 'C2456', 'Thokai Churi Bangla', 2, 7, 1, NULL, NULL),
(1450, 'C2457', 'Thokai Churi Bangla', 2, 6, 1, NULL, NULL),
(1451, 'C2458', 'Thokai Churi Bangla', 2, 6, 1, NULL, NULL),
(1452, 'C2459', 'Thokai Churi Bangla', 2, 7, 1, NULL, NULL),
(1453, 'C2460', 'Thokai Churi Bangla', 2, 7, 1, NULL, NULL),
(1454, 'C2461', 'Thokai Churi Bangla', 2, 7, 1, NULL, NULL),
(1455, 'C2462', 'Thokai Churi Bangla', 2, 7, 1, NULL, NULL),
(1456, 'C2463', 'Thokai Churi Bangla', 2, 7, 1, NULL, NULL),
(1457, 'C2464', 'Thokai Churi Bangla', 2, 7, 1, NULL, NULL),
(1458, 'C2465', 'Thokai churi', 2, 7, 1, NULL, NULL),
(1459, 'C2466', 'Thokai churi', 2, 7, 1, NULL, NULL),
(1460, 'C2467', 'churi', 2, 7, 1, NULL, NULL),
(1461, 'C2468', 'Thokai Churi Bangla', 2, 7, 1, NULL, NULL),
(1462, 'C2469', 'churi', 2, 7, 1, NULL, NULL),
(1463, 'C2470', 'churi', 2, 7, 1, NULL, NULL),
(1464, 'C2471', 'Thokai churi', 2, 7, 1, NULL, NULL),
(1465, 'C2472', 'Thokai churi', 2, 7, 1, NULL, NULL),
(1466, 'C2473', 'Thokai Churi Bangla', 2, 7, 1, NULL, NULL),
(1467, 'C2474', 'thokai bangla churi', 2, 7, 1, NULL, NULL),
(1468, 'C2475', 'Thokai Churi Bangla', 2, 7, 1, NULL, NULL),
(1469, 'C2476', 'Thokai Churi', 2, 7, 1, NULL, NULL),
(1470, 'C2477', 'churi', 2, 7, 1, NULL, NULL),
(1471, 'C2478', 'Thokai churi', 2, 7, 1, NULL, NULL),
(1472, 'C2479', 'Thokai Churi', 2, 7, 1, NULL, NULL),
(1473, 'C2480', 'Thokai churi', 2, 7, 1, NULL, NULL),
(1474, 'C2481', 'Thokai Churi Bangla', 2, 8, 1, NULL, NULL),
(1475, 'C2482', 'Thokai Churi', 2, 8, 1, NULL, NULL),
(1476, 'C2483', 'Thokai Churi Bangla', 2, 7, 1, NULL, NULL),
(1477, 'C2484', 'Thokai Churi Bangla', 2, 7, 1, NULL, NULL),
(1478, 'C2485', 'Thokai Churi', 2, 7, 1, NULL, NULL),
(1479, 'C2487', 'Thokai Churi Bangla', 2, 7, 1, NULL, NULL),
(1480, 'C2489', 'Thokai Churi', 2, 7, 1, NULL, NULL),
(1481, 'C2490', 'Thokai churi', 2, 7, 1, NULL, NULL),
(1482, 'C2491', 'Thokai Churi Bangla', 2, 7, 1, NULL, NULL),
(1483, 'C2492', 'Thokai churi', 2, 7, 1, NULL, NULL),
(1484, 'C2493', 'Thokai Churi Bangla', 2, 7, 1, NULL, NULL),
(1485, 'C2494', 'Thokai Churi Bangla', 2, 7, 1, NULL, NULL),
(1486, 'C2495', 'churi', 2, 7, 1, NULL, NULL),
(1487, 'C2497', 'Thokai Churi', 2, 7, 1, NULL, NULL),
(1488, 'C2498', 'Thokai Churi', 2, 7, 1, NULL, NULL),
(1489, 'C2499', 'Thokai Churi Bangla', 2, 7, 1, NULL, NULL),
(1490, 'C2500', 'Thokai Churi Bangla', 2, 7, 1, NULL, NULL),
(1491, 'C3001', 'Thokai churi', 2, 7, 1, NULL, NULL),
(1492, 'C3002', 'CHURI', 2, 8, 1, NULL, NULL),
(1493, 'C3003', 'Thokai Churi', 2, 7, 1, NULL, NULL),
(1494, 'C3004', 'churi', 2, 7, 1, NULL, NULL),
(1495, 'C3005', 'Churi', 2, 7, 1, NULL, NULL),
(1496, 'C3006', 'Thokai churi', 2, 8, 1, NULL, NULL),
(1497, 'C3008', 'Thokai churi', 2, 6, 1, NULL, NULL),
(1498, 'C3009', 'Thokai churi', 2, 7, 1, NULL, NULL),
(1499, 'C3010', 'Thokai churi', 2, 7, 1, NULL, NULL),
(1500, 'C3011', 'Thokai churi', 2, 7, 1, NULL, NULL),
(1501, 'C3014', 'Thokai churi', 2, 7, 1, NULL, NULL),
(1502, 'C3015', 'Thokai churi', 2, 7, 1, NULL, NULL),
(1503, 'C3016', 'Thokai churi', 2, 7, 1, NULL, NULL),
(1504, 'C3020', 'Thokai churi Plaza', 2, 8, 1, NULL, NULL),
(1505, 'C3021', 'Thokai Plaza', 2, 8, 1, NULL, NULL),
(1506, 'C3022', 'Thokai Churi', 2, 8, 1, NULL, NULL),
(1507, 'C3023', 'churi', 2, 7, 1, NULL, NULL),
(1508, 'C3024', 'churi', 2, 7, 1, NULL, NULL),
(1509, 'C3025', 'Churi', 2, 7, 1, NULL, NULL),
(1510, 'C3026', 'churi', 2, 7, 1, NULL, NULL),
(1511, 'C3027', 'churi', 2, 6, 1, NULL, NULL),
(1512, 'C3028', 'Thokai Churi', 2, 8, 1, NULL, NULL),
(1513, 'C3029', 'churi', 2, 7, 1, NULL, NULL),
(1514, 'C3030', 'Thokai Plaza churi', 2, 8, 1, NULL, NULL),
(1515, 'C3032', 'churi', 2, 7, 1, NULL, NULL),
(1516, 'C3033', 'Thokai churi', 2, 8, 1, NULL, NULL),
(1517, 'C3034', 'churi', 2, 7, 1, NULL, NULL),
(1518, 'C3035', 'Thokai churi', 2, 8, 1, NULL, NULL),
(1519, 'C3036', '', 2, 6, 1, NULL, NULL),
(1520, 'C3037', 'Thokai Churi', 2, 7, 1, NULL, NULL),
(1521, 'C3038', 'churi', 2, 7, 1, NULL, NULL),
(1522, 'C3039', 'churi', 2, 7, 1, NULL, NULL),
(1523, 'C3040', 'Thokai churi', 2, 7, 1, NULL, NULL),
(1524, 'C3041', 'Thokai churi', 2, 9, 1, NULL, NULL),
(1525, 'C3042', 'Thokai Churi', 2, 8, 1, NULL, NULL),
(1526, 'C3043', 'CHURI', 2, 7, 1, NULL, NULL),
(1527, 'C3044', 'churi', 2, 7, 1, NULL, NULL),
(1528, 'C3046', 'churi', 2, 7, 1, NULL, NULL),
(1529, 'C3047', 'churi', 2, 7, 1, NULL, NULL),
(1530, 'C3049', 'Thokai churi', 2, 8, 1, NULL, NULL),
(1531, 'C3050', 'churi', 2, 9, 1, NULL, NULL),
(1532, 'C3051', 'Thokai churi', 2, 9, 1, NULL, NULL),
(1533, 'C3052', 'churi', 2, 9, 1, NULL, NULL),
(1534, 'C3053', 'Thokai churi', 2, 9, 1, NULL, NULL),
(1535, 'C3054', 'Thokai churi', 2, 8, 1, NULL, NULL),
(1536, 'C3056', 'Thokai churi', 2, 6, 1, NULL, NULL),
(1537, 'C3057', 'Thokai churi', 2, 8, 1, NULL, NULL);
INSERT INTO `products` (`id`, `model_number`, `product_name`, `product_category_id`, `price_code_id`, `inforced`, `created_at`, `updated_at`) VALUES
(1538, 'C3059', 'Thokai churi', 2, 9, 1, NULL, NULL),
(1539, 'C3060', 'Thokai churi', 2, 8, 1, NULL, NULL),
(1540, 'C3061', 'Thokai Churi', 2, 8, 1, NULL, NULL),
(1541, 'C3062', 'Thokai churi', 2, 7, 1, NULL, NULL),
(1542, 'C3063', 'Thokai Churi', 2, 7, 1, NULL, NULL),
(1543, 'C3064', 'Thokai churi', 2, 7, 1, NULL, NULL),
(1544, 'C3065', 'Thokai churi', 2, 7, 1, NULL, NULL),
(1545, 'C3066', 'Thokai Joypuri Churi', 2, 8, 1, NULL, NULL),
(1546, 'C3067', 'Thokai Joypuri Churi', 2, 7, 1, NULL, NULL),
(1547, 'C3068', 'Thokai Joypuri plaza Churi', 2, 8, 1, NULL, NULL),
(1548, 'C3069', 'churi', 2, 8, 1, NULL, NULL),
(1549, 'C3070', 'churi', 2, 8, 1, NULL, NULL),
(1550, 'C3071', 'churi', 2, 8, 1, NULL, NULL),
(1551, 'C3072', 'Thokai Joypuri plaza Churi', 2, 8, 1, NULL, NULL),
(1552, 'C3077', 'Thokai Churi Plaza', 2, 8, 1, NULL, NULL),
(1553, 'C3078', 'PLAZA', 2, 8, 1, NULL, NULL),
(1554, 'C3079', 'PLAZA', 2, 8, 1, NULL, NULL),
(1555, 'C3080', 'Thokai Plaza', 2, 9, 1, NULL, NULL),
(1556, 'C3081', 'THOKAI PLAZA', 2, 9, 1, NULL, NULL),
(1557, 'C3082', 'THOKAI CHURI', 2, 9, 1, NULL, NULL),
(1558, 'C3083', 'THOKAI CHURI', 2, 9, 1, NULL, NULL),
(1559, 'C3084', 'THOKAI PLAZA', 2, 9, 1, NULL, NULL),
(1560, 'C3085', 'THOKAI PLAZA', 2, 9, 1, NULL, NULL),
(1561, 'C3086', 'Thokai Plaza', 2, 9, 1, NULL, NULL),
(1562, 'C3089', 'New Model', 2, 8, 1, NULL, NULL),
(1563, 'C4001', 'curi', 2, 7, 1, NULL, NULL),
(1564, 'C4002', 'CHURI', 2, 7, 1, NULL, NULL),
(1565, 'C4003', 'CHURI', 2, 7, 1, NULL, NULL),
(1566, 'C4004', 'CHURI', 2, 7, 1, NULL, NULL),
(1567, 'C4005', 'CHURI', 2, 7, 1, NULL, NULL),
(1568, 'C4008', 'CHURI', 2, 8, 1, NULL, NULL),
(1569, 'I3101', 'THAKAI CHURI', 2, 7, 1, NULL, NULL),
(1570, 'I3102', 'churi', 2, 7, 1, NULL, NULL),
(1571, 'I3103', 'churi', 2, 7, 1, NULL, NULL),
(1572, 'I3104', 'churi', 2, 8, 1, NULL, NULL),
(1573, 'I3105', 'churi', 2, 7, 1, NULL, NULL),
(1574, 'I3106', 'churi', 2, 7, 1, NULL, NULL),
(1575, 'L0029', 'BALA', 2, 24, 1, NULL, NULL),
(1576, 'L0030', 'BALA', 2, 24, 1, NULL, NULL),
(1577, 'L0031', 'BALA', 2, 24, 1, NULL, NULL),
(1578, 'M0268', 'MINA', 2, 8, 1, NULL, NULL),
(1579, 'M0269', 'Thokai dd mena churi majhari', 2, 9, 1, NULL, NULL),
(1580, 'M0300', 'MINA CHURI', 2, 8, 1, NULL, NULL),
(1581, 'M0462', 'Flat Panching Mina Churi Majhri ', 2, 15, 1, NULL, NULL),
(1582, 'M0467', 'flat panching mena churi maghri ', 2, 15, 1, NULL, NULL),
(1583, 'M0488', 'flat panching mena churi chowrah', 2, 17, 1, NULL, NULL),
(1584, 'M0571', 'tashir panchin gmena churi soru', 2, 14, 1, NULL, NULL),
(1585, 'M0656', 'mechine chela panching mini bowti', 2, 14, 1, NULL, NULL),
(1586, 'N6001', 'NOA', 2, 6, 1, NULL, NULL),
(1587, 'N6002', 'NOA', 2, 6, 1, NULL, NULL),
(1588, 'N6003', 'NOA', 2, 6, 1, NULL, NULL),
(1589, 'N6004', 'NOA', 2, 6, 1, NULL, NULL),
(1590, 'N6005', 'Noa', 2, 6, 1, NULL, NULL),
(1591, 'N6006', 'NOA', 2, 6, 1, NULL, NULL),
(1592, 'N6007', 'NOA', 2, 6, 1, NULL, NULL),
(1593, 'N6008', 'NOA', 2, 6, 1, NULL, NULL),
(1594, 'N6009', 'NOA', 2, 6, 1, NULL, NULL),
(1595, 'N6010', 'NOA', 2, 6, 1, NULL, NULL),
(1596, 'N6011', 'NOA', 2, 6, 1, NULL, NULL),
(1597, 'N6012', 'NOA', 2, 6, 1, NULL, NULL),
(1598, 'N6013', 'NOA', 2, 6, 1, NULL, NULL),
(1599, 'N6014', 'NOA', 2, 6, 1, NULL, NULL),
(1600, 'N6015', 'NOA', 2, 6, 1, NULL, NULL),
(1601, 'N6016', 'NOA', 2, 6, 1, NULL, NULL),
(1602, 'N6017', 'NOA', 2, 6, 1, NULL, NULL),
(1603, 'N6018', 'NOA', 2, 6, 1, NULL, NULL),
(1604, 'N6019', 'NOA', 2, 6, 1, NULL, NULL),
(1605, 'N6020', 'NOA', 2, 6, 1, NULL, NULL),
(1606, 'N6021', 'NOA', 2, 6, 1, NULL, NULL),
(1607, 'N6022', 'NOA', 2, 6, 1, NULL, NULL),
(1608, 'N6023', 'NOA', 2, 6, 1, NULL, NULL),
(1609, 'N6024', 'NOA', 2, 6, 1, NULL, NULL),
(1610, 'N6025', 'NOA', 2, 6, 1, NULL, NULL),
(1611, 'N6026', 'NOA', 2, 6, 1, NULL, NULL),
(1612, 'N6027', 'NOA', 2, 6, 1, NULL, NULL),
(1613, 'N6038', 'BANGALE', 2, 6, 1, NULL, NULL),
(1614, 'N6040', 'bangale', 2, 6, 1, NULL, NULL),
(1615, 'T3101', 'thokai churi', 2, 7, 1, NULL, NULL),
(1616, 'T3107', 'THOKAI CHURI', 2, 7, 1, NULL, NULL),
(1617, 'T3108', 'THOKAI CHURI', 2, 7, 1, NULL, NULL),
(1618, 'T3109', 'THOKAI CHURI', 2, 7, 1, NULL, NULL),
(1619, 'T3110', 'THOKAI CHURI', 2, 7, 1, NULL, NULL),
(1620, 'T3111', 'THOKAI CHURI', 2, 7, 1, NULL, NULL),
(1621, 'T3113', 'Thokai Churi', 2, 7, 1, NULL, NULL),
(1622, 'T3114', 'CHURI', 2, 7, 1, NULL, NULL),
(1623, 'T3115', 'CHURI', 2, 7, 1, NULL, NULL),
(1624, 'T3116', 'CHURI', 2, 7, 1, NULL, NULL),
(1625, 'T3117', 'CHURI', 2, 7, 1, NULL, NULL),
(1626, 'T3118', 'CHURI', 2, 7, 1, NULL, NULL),
(1627, 'T3119', 'CHURI', 2, 7, 1, NULL, NULL),
(1628, 'T3120', 'CHURI', 2, 8, 1, NULL, NULL),
(1629, 'T3121', 'CHURI', 2, 8, 1, NULL, NULL),
(1630, 'T3122', 'CHURI', 2, 7, 1, NULL, NULL),
(1631, 'T3123', 'CHURI', 2, 7, 1, NULL, NULL),
(1632, 'T3136', 'THOKAI CHURI', 2, 8, 1, NULL, NULL),
(1633, 'T3137', 'THOKAI', 2, 8, 1, NULL, NULL),
(1634, 'T3138', 'THOKAI', 2, 8, 1, NULL, NULL),
(1635, 'T3139', 'THOKAI', 2, 7, 1, NULL, NULL),
(1636, 'T4907', 'churi', 2, 7, 1, NULL, NULL),
(1637, 'T4916', 'churi', 2, 7, 1, NULL, NULL),
(1638, 'T4917', 'Churi', 2, 7, 1, NULL, NULL),
(1639, 'T4926', 'churi', 2, 7, 1, NULL, NULL),
(1640, 'T4929', 'churi', 2, 7, 1, NULL, NULL),
(1641, 'T4930', 'churi', 2, 8, 1, NULL, NULL),
(1642, 'T4931', 'churi', 2, 7, 1, NULL, NULL),
(1643, 'T4932', 'Thokai Churi', 2, 7, 1, NULL, NULL),
(1644, 'T4933', 'churi', 2, 8, 1, NULL, NULL),
(1645, 'T4934', 'Churi', 2, 8, 1, NULL, NULL),
(1646, 'T4935', 'churi', 2, 7, 1, NULL, NULL),
(1647, 'T4936', 'churi', 2, 7, 1, NULL, NULL),
(1648, 'T4937', 'Thokai Churi', 2, 7, 1, NULL, NULL),
(1649, 'T4938', 'churi', 2, 7, 1, NULL, NULL),
(1650, 'T4939', 'Thokai Churi', 2, 7, 1, NULL, NULL),
(1651, 'T4940', 'Thokai Churi', 2, 7, 1, NULL, NULL),
(1652, 'T4941', 'Thokai Churi', 2, 7, 1, NULL, NULL),
(1653, 'T4942', 'Thokai Churi', 2, 7, 1, NULL, NULL),
(1654, 'T4943', 'Thokai Churi', 2, 7, 1, NULL, NULL),
(1655, 'T4944', 'Thokai Churi', 2, 7, 1, NULL, NULL),
(1656, 'T4945', 'Thokai Churi', 2, 7, 1, NULL, NULL),
(1657, 'T4946', 'Thokai Churi', 2, 7, 1, NULL, NULL),
(1658, 'T4947', 'Thokai Churi', 2, 7, 1, NULL, NULL),
(1659, 'T4948', 'THOKAI  CHURI', 2, 8, 1, NULL, NULL),
(1660, 'T4949', 'Thokai Churi', 2, 7, 1, NULL, NULL),
(1661, 'T4951', 'churi', 2, 7, 1, NULL, NULL),
(1662, 'T4952', 'Thokai Churi', 2, 7, 1, NULL, NULL),
(1663, 'T4953', 'Thokai Churi', 2, 7, 1, NULL, NULL),
(1664, 'T4954', 'THOKAI CHURI', 2, 7, 1, NULL, NULL),
(1665, 'T4956', 'Thokai Churi', 2, 7, 1, NULL, NULL),
(1666, 'T4957', 'Thokai Churi', 2, 7, 1, NULL, NULL),
(1667, 'T4958', 'THOKAI CHURI', 2, 7, 1, NULL, NULL),
(1668, 'T4959', 'thokai Churi', 2, 7, 1, NULL, NULL),
(1669, 'T4960', 'Thokai Churi', 2, 7, 1, NULL, NULL),
(1670, 'T4961', 'Thokai Churi', 2, 8, 1, NULL, NULL),
(1671, 'T4962', 'Thokai Churi', 2, 8, 1, NULL, NULL),
(1672, 'T4963', 'Thokai Churi', 2, 8, 1, NULL, NULL),
(1673, 'T4964', 'Thokai Churi', 2, 8, 1, NULL, NULL),
(1674, 'T4965', 'Thokai Churi', 2, 8, 1, NULL, NULL),
(1675, 'T4966', 'Thokai Churi', 2, 8, 1, NULL, NULL),
(1676, 'T4967', 'Thokai Churi', 2, 8, 1, NULL, NULL),
(1677, 'T4968', 'Thokai Churi', 2, 8, 1, NULL, NULL),
(1678, 'T4972', 'THOKAI CHURI', 2, 8, 1, NULL, NULL),
(1679, 'T4973', 'THOKAI CHURI', 2, 7, 1, NULL, NULL),
(1680, 'T4974', 'THOKAI CHURI', 2, 7, 1, NULL, NULL),
(1681, 'T4975', 'Thokai Churi', 2, 7, 1, NULL, NULL),
(1682, 'T4976', 'THOKAI CHURI', 2, 7, 1, NULL, NULL),
(1683, 'T4977', 'Thokai Churi', 2, 7, 1, NULL, NULL),
(1684, 'T4978', 'Thokai Churi', 2, 7, 1, NULL, NULL),
(1685, 'T4979', 'churi', 2, 7, 1, NULL, NULL),
(1686, 'T4980', 'churi', 2, 7, 1, NULL, NULL),
(1687, 'T4981', 'churi', 2, 7, 1, NULL, NULL),
(1688, 'T4990', 'New Model', 2, 8, 1, NULL, NULL),
(1689, 'T4992', 'THOKAI CHURI', 2, 7, 1, NULL, NULL),
(1690, 'T4993', 'THOKAI CHURI', 2, 7, 1, NULL, NULL),
(1691, 'T4994', 'THOKAI CHURI', 2, 7, 1, NULL, NULL),
(1692, 'T4995', 'THOKAI CHURI', 2, 7, 1, NULL, NULL),
(1693, 'T4996', 'THOKAI CHURI', 2, 8, 1, NULL, NULL),
(1694, 'T4997', 'THOKAI CHURI', 2, 8, 1, NULL, NULL),
(1695, 'X0002', 'Thokai Bangla Churi Soru ', 2, 7, 1, NULL, NULL),
(1696, 'X0033', 'Thokai Bangla Churi Soru ', 2, 9, 1, NULL, NULL),
(1697, 'X0040', 'Thokai bangla churi majhari', 2, 8, 1, NULL, NULL),
(1698, 'X0051', 'Thokai bangal churi majhari', 2, 8, 1, NULL, NULL),
(1699, 'X0070', 'Thokai bangal churi majhari', 2, 9, 1, NULL, NULL),
(1700, 'X0088', 'Thokai Churi', 2, 8, 1, NULL, NULL),
(1701, 'X0097', 'BOTHSIDE Thokai churi', 2, 12, 1, NULL, NULL),
(1702, 'X0100', 'FLAT CHURI', 2, 9, 1, NULL, NULL),
(1703, 'X0112', 'Machain chela khal bouty', 2, 14, 1, NULL, NULL),
(1704, 'X0170', 'Machin chala flat churi chowrah', 2, 10, 1, NULL, NULL),
(1705, 'X0196', 'Both Machin chala flat mena churi chowrah', 2, 10, 1, NULL, NULL),
(1706, 'X0219', 'BOTH SIDE', 2, 9, 1, NULL, NULL),
(1707, 'X0242', 'PLAZA BOTH SIDE', 2, 9, 1, NULL, NULL),
(1708, 'X0248', 'thokai dd churi  maghari', 2, 9, 1, NULL, NULL),
(1709, 'X0257', 'PLAZA', 2, 9, 1, NULL, NULL),
(1710, 'X0271', 'thokai dd churi chowrah', 2, 10, 1, NULL, NULL),
(1711, 'X0278', 'DD PLAZA', 2, 9, 1, NULL, NULL),
(1712, 'X0287', 'New Model', 2, 9, 1, NULL, NULL),
(1713, 'X0293', 'PLAZA BOTH SIDE', 2, 9, 1, NULL, NULL),
(1714, 'X0299', 'D.D CHURI', 2, 10, 1, NULL, NULL),
(1715, 'X0324', 'CHURI', 2, 9, 1, NULL, NULL),
(1716, 'X0336', 'Thokai joypuri churi maghari', 2, 9, 1, NULL, NULL),
(1717, 'X0339', 'Thokai joypuri churi maghari', 2, 9, 1, NULL, NULL),
(1718, 'X0346', 'both side thokai churi', 2, 9, 1, NULL, NULL),
(1719, 'X0378', 'Thokai joypuri  churi chowrah', 2, 9, 1, NULL, NULL),
(1720, 'X0436', 'FLAT CHURI', 2, 15, 1, NULL, NULL),
(1721, 'X0861', 'CHURI', 2, 9, 1, NULL, NULL),
(1722, 'X0868', 'churi', 2, 11, 1, NULL, NULL),
(1723, 'X1000', 'sample', 2, 9, 1, NULL, NULL),
(1724, 'X1421', '3pol  khal panching churi soru', 2, 9, 1, NULL, NULL),
(1725, 'X1430', 'CHURI', 2, 8, 1, NULL, NULL),
(1726, 'X1502', '1 tarar baki churi', 2, 8, 1, NULL, NULL),
(1727, 'X1504', '1 tarar baki churi', 2, 10, 1, NULL, NULL),
(1728, 'X1514', '1 tarar mena baki churi', 2, 8, 1, NULL, NULL),
(1729, 'X1516', 'BOTH SIDE BEKI', 2, 15, 1, NULL, NULL),
(1730, 'X1532', '3 tarar baki churi', 2, 15, 1, NULL, NULL),
(1731, 'X1549', '2 tarar mena baki churi', 2, 15, 1, NULL, NULL),
(1732, 'X1564', '3 tarar baki churi', 2, 17, 1, NULL, NULL),
(1733, 'X1566', 'BANKI', 2, 18, 1, NULL, NULL),
(1734, 'X1567', 'BANKI', 2, 18, 1, NULL, NULL),
(1735, 'X1591', 'Bekey Churi', 2, 15, 1, NULL, NULL),
(1736, 'X1592', 'CHURI', 2, 14, 1, NULL, NULL),
(1737, 'X1593', 'BANKI', 2, 16, 1, NULL, NULL),
(1738, 'X1599', 'CHURI', 2, 20, 1, NULL, NULL),
(1739, 'X1679', 'panjabi bala taser ', 2, 15, 1, NULL, NULL),
(1740, 'X1699', 'Khal Bala', 2, 16, 1, NULL, NULL),
(1741, 'X1701', 'THOKAI CHURI', 2, 8, 1, NULL, NULL),
(1742, 'X1735', 'CHURI', 2, 9, 1, NULL, NULL),
(1743, 'X1752', 'CHURI', 2, 9, 1, NULL, NULL),
(1744, 'X1788', 'churi', 2, 9, 1, NULL, NULL),
(1745, 'X2429', 'churi', 2, 10, 1, NULL, NULL),
(1746, 'X2487', 'Thokai Churi Bangla', 2, 8, 1, NULL, NULL),
(1747, 'X3026', 'churi', 2, 8, 1, NULL, NULL),
(1748, 'X3053', 'Thokai churi', 2, 10, 1, NULL, NULL),
(1749, 'X3082', 'THOKAI CHURI', 2, 10, 1, NULL, NULL),
(1750, 'X3084', 'THOKAI PLAZA', 2, 10, 1, NULL, NULL),
(1751, 'X3103', 'THOKAI CHURI', 2, 8, 1, NULL, NULL),
(1752, 'X3104', 'Bothside churi', 2, 9, 1, NULL, NULL),
(1753, 'X3111', 'THOKAI CHURI', 2, 8, 1, NULL, NULL),
(1754, 'X3113', 'Thokai Churi', 2, 8, 1, NULL, NULL),
(1755, 'X3115', 'CHURI', 2, 8, 1, NULL, NULL),
(1756, 'X4003', 'CHURI', 2, 8, 1, NULL, NULL),
(1757, 'X4006', 'PLAZA', 2, 9, 1, NULL, NULL),
(1758, 'X4913', 'CHURI', 2, 9, 1, NULL, NULL),
(1759, 'X4938', 'churi', 2, 8, 1, NULL, NULL),
(1760, 'X4947', 'Thokai churi', 2, 8, 1, NULL, NULL),
(1761, 'X4965', 'CHURI', 2, 9, 1, NULL, NULL),
(1762, 'X7021', 'baby ', 2, 15, 1, NULL, NULL),
(1763, 'S0088', 'Solid Churi', 3, 1, 1, NULL, NULL),
(1764, 'S8001', 'Solid Churi', 3, 5, 1, NULL, NULL),
(1765, 'S8002', 'Solid Churi', 3, 6, 1, NULL, NULL),
(1766, 'S8003', 'Solid Churi', 3, 7, 1, NULL, NULL),
(1767, 'S8004', 'Solid Churi', 3, 5, 1, NULL, NULL),
(1768, 'S8005', 'Solid Churi', 3, 6, 1, NULL, NULL),
(1769, 'S8007', 'Solid Churi', 3, 7, 1, NULL, NULL),
(1770, 'S8009', 'Solid Churi', 3, 6, 1, NULL, NULL),
(1771, 'S8010', 'Solid Churi', 3, 7, 1, NULL, NULL),
(1772, 'S8011', 'Solid Churi', 3, 4, 1, NULL, NULL),
(1773, 'S8012', 'Solid Churi', 3, 7, 1, NULL, NULL),
(1774, 'S8013', 'Solid Churi', 3, 7, 1, NULL, NULL),
(1775, 'S8014', 'Solid Churi', 3, 7, 1, NULL, NULL),
(1776, 'S8015', 'Solid Churi', 3, 5, 1, NULL, NULL),
(1777, 'S8016', 'Solid Churi', 3, 10, 1, NULL, NULL),
(1778, 'S8017', 'Solid Churi', 3, 10, 1, NULL, NULL),
(1779, 'S8018', 'Solid Churi', 3, 7, 1, NULL, NULL),
(1780, 'S8019', 'Solid Churi', 3, 10, 1, NULL, NULL),
(1781, 'S8020', 'Solid Churi', 3, 8, 1, NULL, NULL),
(1782, 'S8021', 'Solid Churi', 3, 8, 1, NULL, NULL),
(1783, 'S8022', 'Solid Churi', 3, 8, 1, NULL, NULL),
(1784, 'S8023', 'Solid Churi', 3, 8, 1, NULL, NULL),
(1785, 'S8024', 'Solid Churi', 3, 8, 1, NULL, NULL),
(1786, 'S8025', 'Solid Churi', 3, 5, 1, NULL, NULL),
(1787, 'S8026', 'Solid Churi', 3, 7, 1, NULL, NULL),
(1788, 'S8027', 'Solid Churi', 3, 9, 1, NULL, NULL),
(1789, 'S8029', 'Solid Churi', 3, 8, 1, NULL, NULL),
(1790, 'S8031', 'Solid Churi', 3, 5, 1, NULL, NULL),
(1791, 'S8032', 'Solid Churi', 3, 7, 1, NULL, NULL),
(1792, 'S8034', 'Solid Churi', 3, 7, 1, NULL, NULL),
(1793, 'S8035', 'Solid Churi', 3, 7, 1, NULL, NULL),
(1794, 'C0799', 'Thokai dd mena patla chowrah', 4, 17, 1, NULL, NULL),
(1795, 'C2384', 'mina patla', 4, 14, 1, NULL, NULL),
(1796, 'C2394', 'PATLA', 4, 13, 1, NULL, NULL),
(1797, 'C2395', 'patla', 4, 15, 1, NULL, NULL),
(1798, 'M0716', 'Mina Thokai patla', 4, 14, 1, NULL, NULL),
(1799, 'M0717', 'Mina Thokai patla', 4, 14, 1, NULL, NULL),
(1800, 'M0718', 'Mina thokai Patla ', 4, 14, 1, NULL, NULL),
(1801, 'M0719', 'Mina Thokai patla', 4, 14, 1, NULL, NULL),
(1802, 'M0727', 'Mina Thokai patla', 4, 15, 1, NULL, NULL),
(1803, 'M0728', 'Thokai bangala patla mena chowrah', 4, 15, 1, NULL, NULL),
(1804, 'M0729', 'Mina Thokai patla', 4, 15, 1, NULL, NULL),
(1805, 'M0741', 'Mina Thokai patla', 4, 14, 1, NULL, NULL),
(1806, 'M0752', 'Thokai joypuri mena patla maghari', 4, 14, 1, NULL, NULL),
(1807, 'M0753', 'Thokai joypuri mena patla maghari', 4, 14, 1, NULL, NULL),
(1808, 'M0754', 'Thokai joypuri mena patla maghari', 4, 14, 1, NULL, NULL),
(1809, 'M0761', 'Thokai joypuri mena patla maghari', 4, 15, 1, NULL, NULL),
(1810, 'M0762', 'Thokai joypuri mena patla chowrah', 4, 15, 1, NULL, NULL),
(1811, 'M0765', 'Thokai joypuri mena patla chowrah', 4, 15, 1, NULL, NULL),
(1812, 'M0776', 'Thokai dd mena patla soru', 4, 15, 1, NULL, NULL),
(1813, 'M0786', 'Mina Thokai patla', 4, 16, 1, NULL, NULL),
(1814, 'M0787', 'Thokai dd mena patla soru', 4, 16, 1, NULL, NULL),
(1815, 'M0788', 'Thokai joypuri mena patla maghari', 4, 16, 1, NULL, NULL),
(1816, 'M0790', 'Mina Thokai patla', 4, 13, 1, NULL, NULL),
(1817, 'M0796', 'Mina Thokai patla', 4, 17, 1, NULL, NULL),
(1818, 'M0797', 'Thokai dd mena patla chowrah', 4, 17, 1, NULL, NULL),
(1819, 'M0798', 'Thokai dd mena patla chowrah', 4, 17, 1, NULL, NULL),
(1820, 'M0851', 'Thokai Chowra Patla', 4, 24, 1, NULL, NULL),
(1821, 'M0852', 'Thokai Chowra Patla', 4, 24, 1, NULL, NULL),
(1822, 'M0853', 'Mina Patla', 4, 24, 1, NULL, NULL),
(1823, 'M2400', 'MINA PATLA', 4, 14, 1, NULL, NULL),
(1824, 'C0088', 'Thokai Churi', 5, 6, 1, NULL, NULL),
(1825, 'C0783', 'Thokai dd  patla maghari', 5, 15, 1, NULL, NULL),
(1826, 'C0784', 'Thokai dd  patla maghari', 5, 15, 1, NULL, NULL),
(1827, 'C0785', 'Thokai dd  patla maghari', 5, 15, 1, NULL, NULL),
(1828, 'C1734', 'Thokai Churi', 5, 7, 1, NULL, NULL),
(1829, 'C1739', 'thokai churi', 5, 7, 1, NULL, NULL),
(1830, 'C1740', 'thokai churi', 5, 7, 1, NULL, NULL),
(1831, 'C1742', 'Churi', 5, 7, 1, NULL, NULL),
(1832, 'C1746', 'thokai churi', 5, 11, 1, NULL, NULL),
(1833, 'C1748', 'thokai churi', 5, 11, 1, NULL, NULL),
(1834, 'C1749', 'Thokai Churi', 5, 11, 1, NULL, NULL),
(1835, 'C1750', 'THOKAI CHURI', 5, 8, 1, NULL, NULL),
(1836, 'C1751', 'Thokai Churi', 5, 9, 1, NULL, NULL),
(1837, 'C1752', 'Thokai Churi', 5, 8, 1, NULL, NULL),
(1838, 'C1754', 'churi', 5, 7, 1, NULL, NULL),
(1839, 'C1755', 'THOKAI CHURI', 5, 8, 1, NULL, NULL),
(1840, 'C1756', 'Thokai Churi', 5, 8, 1, NULL, NULL),
(1841, 'C1757', 'thokai churi', 5, 7, 1, NULL, NULL),
(1842, 'C1758', 'THOKAI CHURI', 5, 9, 1, NULL, NULL),
(1843, 'C1759', 'Thokai Churi', 5, 7, 1, NULL, NULL),
(1844, 'C1760', 'Thokai Churi', 5, 7, 1, NULL, NULL),
(1845, 'C1761', 'Thokai Churi', 5, 7, 1, NULL, NULL),
(1846, 'C1769', 'thokai churi', 5, 11, 1, NULL, NULL),
(1847, 'C1770', 'churi', 5, 7, 1, NULL, NULL),
(1848, 'C1771', 'TKOKAI CHURI', 5, 9, 1, NULL, NULL),
(1849, 'C1773', 'thokai churi', 5, 8, 1, NULL, NULL),
(1850, 'C1774', 'Thokai Churi', 5, 7, 1, NULL, NULL),
(1851, 'C1779', 'Thokai Churi', 5, 7, 1, NULL, NULL),
(1852, 'C1780', 'Thokai Churi', 5, 7, 1, NULL, NULL),
(1853, 'C1784', 'thokai churi', 5, 7, 1, NULL, NULL),
(1854, 'C2368', 'PATLA', 5, 12, 1, NULL, NULL),
(1855, 'C2403', 'Thokai Churi', 5, 7, 1, NULL, NULL),
(1856, 'C2406', 'Thokai Churi', 5, 7, 1, NULL, NULL),
(1857, 'C2409', 'Thokai churi', 5, 8, 1, NULL, NULL),
(1858, 'C2415', 'Thokai Churi', 5, 7, 1, NULL, NULL),
(1859, 'C2441', 'Thokai Churi', 5, 7, 1, NULL, NULL),
(1860, 'C2450', 'Thokai Churi', 5, 7, 1, NULL, NULL),
(1861, 'C2486', 'Thokai Churi', 5, 7, 1, NULL, NULL),
(1862, 'C2488', 'Thokai Churi', 5, 7, 1, NULL, NULL),
(1863, 'C2496', 'Thokai Churi', 5, 7, 1, NULL, NULL),
(1864, 'C3018', 'Thokai Churi', 5, 6, 1, NULL, NULL),
(1865, 'C3031', 'Thokai Churi', 5, 7, 1, NULL, NULL),
(1866, 'C3055', 'Thokai Churi', 5, 7, 1, NULL, NULL),
(1867, 'C3073', 'Thokai Churi', 5, 8, 1, NULL, NULL),
(1868, 'C3074', 'Thokai Churi', 5, 8, 1, NULL, NULL),
(1869, 'C3075', 'Thokai Churi', 5, 8, 1, NULL, NULL),
(1870, 'C3076', 'Thokai Churi', 5, 8, 1, NULL, NULL),
(1871, 'C4006', 'PLAZA', 5, 8, 1, NULL, NULL),
(1872, 'C4007', 'CHURI', 5, 8, 1, NULL, NULL),
(1873, 'C4009', 'CHURI', 5, 8, 1, NULL, NULL),
(1874, 'P111', 'PALA', 5, 15, 1, NULL, NULL),
(1875, 'P112', 'PALA', 5, 15, 1, NULL, NULL),
(1876, 'P113', 'PALA', 5, 15, 1, NULL, NULL),
(1877, 'P114', 'PALA', 5, 15, 1, NULL, NULL),
(1878, 'P115', 'PALA', 5, 15, 1, NULL, NULL),
(1879, 'P116', 'Pala', 5, 15, 1, NULL, NULL),
(1880, 'P117', 'Pala', 5, 15, 1, NULL, NULL),
(1881, 'P118', 'PALA', 5, 15, 1, NULL, NULL),
(1882, 'P119', 'PALA', 5, 15, 1, NULL, NULL),
(1883, 'P120', 'PALA', 5, 15, 1, NULL, NULL),
(1884, 'P121', 'PALA', 5, 15, 1, NULL, NULL),
(1885, 'P122', 'PALA', 5, 15, 1, NULL, NULL),
(1886, 'P123', 'PALA', 5, 15, 1, NULL, NULL),
(1887, 'P124', 'PALA', 5, 15, 1, NULL, NULL),
(1888, 'P125', 'PALA', 5, 15, 1, NULL, NULL),
(1889, 'T3102', 'THOKAI CHURI', 5, 7, 1, NULL, NULL),
(1890, 'T3103', 'THOKAI CHURI', 5, 7, 1, NULL, NULL),
(1891, 'T3104', 'THOKAI CHURI', 5, 8, 1, NULL, NULL),
(1892, 'T3105', 'THOKAI CHURI', 5, 7, 1, NULL, NULL),
(1893, 'T3106', 'THOKAI CHURI', 5, 7, 1, NULL, NULL),
(1894, 'T3112', 'New Model', 5, 7, 1, NULL, NULL),
(1895, 'T3124', 'THOKAI CHURI', 5, 7, 1, NULL, NULL),
(1896, 'T3125', 'CHURI', 5, 7, 1, NULL, NULL),
(1897, 'T3126', 'CHURI', 5, 7, 1, NULL, NULL),
(1898, 'T3129', 'churi', 5, 8, 1, NULL, NULL),
(1899, 'T3130', 'churi', 5, 7, 1, NULL, NULL),
(1900, 'T3131', 'churi', 5, 7, 1, NULL, NULL),
(1901, 'T3132', 'churi', 5, 7, 1, NULL, NULL),
(1902, 'T3133', 'churi', 5, 7, 1, NULL, NULL),
(1903, 'T3134', 'churi', 5, 8, 1, NULL, NULL),
(1904, 'T3135', 'churi', 5, 7, 1, NULL, NULL),
(1905, 'T3140', 'churi', 5, 8, 1, NULL, NULL),
(1906, 'T3141', 'churi', 5, 7, 1, NULL, NULL),
(1907, 'T3142', 'churi', 5, 7, 1, NULL, NULL),
(1908, 'T3143', 'churi', 5, 7, 1, NULL, NULL),
(1909, 'T3144', 'churi', 5, 7, 1, NULL, NULL),
(1910, 'T4901', 'Thokai Churi', 5, 7, 1, NULL, NULL),
(1911, 'T4902', 'Thokai Churi', 5, 7, 1, NULL, NULL),
(1912, 'T4903', 'Thokai Churi', 5, 8, 1, NULL, NULL),
(1913, 'T4904', 'Thokai Churi', 5, 7, 1, NULL, NULL),
(1914, 'T4905', 'Thokai Churi', 5, 7, 1, NULL, NULL),
(1915, 'T4906', 'Thokai Churi', 5, 7, 1, NULL, NULL),
(1916, 'T4908', 'Thokai Churi', 5, 7, 1, NULL, NULL),
(1917, 'T4909', 'Thokai Churi', 5, 7, 1, NULL, NULL),
(1918, 'T4910', 'Thokai Churi', 5, 7, 1, NULL, NULL),
(1919, 'T4911', 'Thokai Churi', 5, 7, 1, NULL, NULL),
(1920, 'T4912', 'Thokai Churi', 5, 7, 1, NULL, NULL),
(1921, 'T4913', 'Thokai Churi', 5, 7, 1, NULL, NULL),
(1922, 'T4914', 'Thokai Churi', 5, 7, 1, NULL, NULL),
(1923, 'T4915', 'Thokai Churi', 5, 7, 1, NULL, NULL),
(1924, 'T4918', 'Thokai Churi', 5, 7, 1, NULL, NULL),
(1925, 'T4919', 'Thokai Churi', 5, 7, 1, NULL, NULL),
(1926, 'T4920', 'Thokai Churi', 5, 7, 1, NULL, NULL),
(1927, 'T4921', 'Thokai Churi', 5, 7, 1, NULL, NULL),
(1928, 'T4922', 'Thokai Churi', 5, 7, 1, NULL, NULL),
(1929, 'T4923', 'Thokai Churi', 5, 7, 1, NULL, NULL),
(1930, 'T4924', 'Thokai Churi', 5, 7, 1, NULL, NULL),
(1931, 'T4925', 'Thokai Churi', 5, 7, 1, NULL, NULL),
(1932, 'T4927', 'THOKAI CHURI', 5, 7, 1, NULL, NULL),
(1933, 'T4971', 'Thokai Churi', 5, 7, 1, NULL, NULL),
(1934, 'T4982', 'Thokai Churi', 5, 7, 1, NULL, NULL),
(1935, 'T4983', 'Thokai Churi', 5, 8, 1, NULL, NULL),
(1936, 'T4984', 'Thokai Churi', 5, 7, 1, NULL, NULL),
(1937, 'T4985', 'Thokai Churi', 5, 7, 1, NULL, NULL),
(1938, 'T4987', 'thokai churi', 5, 11, 1, NULL, NULL),
(1939, 'X0338', 'THOKAI PLAZA', 5, 10, 1, NULL, NULL),
(1940, 'X1427', 'THOKAI CHURI', 5, 8, 1, NULL, NULL),
(1941, 'X4987', 'Thokai churi', 5, 12, 1, NULL, NULL),
(1942, 'C0697', 'Thokai Mini Bouty', 6, 12, 1, NULL, NULL),
(1943, 'C0699', 'Thokai Bouty', 6, 13, 1, NULL, NULL),
(1944, 'C0882', 'Thokai bangal mena churi chowrah', 6, 15, 1, NULL, NULL),
(1945, 'C0901', 'Thokai bangala bowti soru', 6, 12, 1, NULL, NULL),
(1946, 'C0902', 'Thokai bangala bowti soru', 6, 12, 1, NULL, NULL),
(1947, 'C0903', 'Thokai bangala bowti soru', 6, 12, 1, NULL, NULL),
(1948, 'C0904', 'Thokai bangala bowti soru', 6, 12, 1, NULL, NULL),
(1949, 'C0905', 'Bouty', 6, 13, 1, NULL, NULL),
(1950, 'C0906', 'Thokai bangala bowti mena soru', 6, 13, 1, NULL, NULL),
(1951, 'C0907', 'Thokai bangala bowti mena soru', 6, 13, 1, NULL, NULL),
(1952, 'C0908', 'Thokai bangala bowti mena soru', 6, 13, 1, NULL, NULL),
(1953, 'C0909', 'Thokai bangala bowti mena soru', 6, 13, 1, NULL, NULL),
(1954, 'C0910', 'Thokai bangala bowti mena soru', 6, 13, 1, NULL, NULL),
(1955, 'C0911', 'Thokai bangala bowti  maghri', 6, 13, 1, NULL, NULL),
(1956, 'C0912', 'Thokai bangala bowti  maghri', 6, 13, 1, NULL, NULL),
(1957, 'C0913', 'Thokai bangala bowti  maghri', 6, 13, 1, NULL, NULL),
(1958, 'C0914', 'Thokai bangala bowti  maghri', 6, 13, 1, NULL, NULL),
(1959, 'C0915', 'Thokai bangala bowti  maghri', 6, 13, 1, NULL, NULL),
(1960, 'C0917', 'Thokai bangala bowti  mena maghri', 6, 14, 1, NULL, NULL),
(1961, 'C0918', 'Thokai bangala bowti  mena maghri', 6, 14, 1, NULL, NULL),
(1962, 'C0920', 'Thokai bangala bowti  mena maghri', 6, 14, 1, NULL, NULL),
(1963, 'C0921', 'Thokai bangala bowti chowrah', 6, 14, 1, NULL, NULL),
(1964, 'C0922', 'Thokai bangala bowti chowrah', 6, 14, 1, NULL, NULL),
(1965, 'C0923', 'Thokai bangala bowti chowrah', 6, 14, 1, NULL, NULL),
(1966, 'C0924', 'Thokai bangala bowti chowrah', 6, 14, 1, NULL, NULL),
(1967, 'C0925', 'Thokai bangala bowti chowrah', 6, 14, 1, NULL, NULL),
(1968, 'C0926', 'Thokai bangala bowti mena chowrah', 6, 15, 1, NULL, NULL),
(1969, 'C0928', 'Thokai bangala bowti mena chowrah', 6, 13, 1, NULL, NULL),
(1970, 'C0929', 'Thokai bangala bowti mena chowrah', 6, 14, 1, NULL, NULL),
(1971, 'C0930', 'Thokai bangala bowti mena chowrah', 6, 13, 1, NULL, NULL),
(1972, 'C0931', 'Thokai Bouty', 6, 13, 1, NULL, NULL),
(1973, 'C0932', 'Thokai Bouty', 6, 13, 1, NULL, NULL),
(1974, 'C0933', 'Thokai Bouty', 6, 14, 1, NULL, NULL),
(1975, 'C0934', 'Thokai Bouty', 6, 14, 1, NULL, NULL),
(1976, 'C0935', 'Bouty', 6, 12, 1, NULL, NULL),
(1977, 'C0936', 'Thokai joypuri bowti soru', 6, 12, 1, NULL, NULL),
(1978, 'C0937', 'Thokai joypuri bowti soru', 6, 12, 1, NULL, NULL),
(1979, 'C0938', 'Thokai joypuri bowti soru', 6, 12, 1, NULL, NULL),
(1980, 'C0939', 'Thokai joypuri bowti soru', 6, 12, 1, NULL, NULL),
(1981, 'C0940', 'Thokai joypuri bowti soru', 6, 12, 1, NULL, NULL),
(1982, 'C0941', 'Thokai joypuri mena bowti soru', 6, 13, 1, NULL, NULL),
(1983, 'C0942', 'Thokai joypuri mena bowti soru', 6, 13, 1, NULL, NULL),
(1984, 'C0943', 'Thokai joypuri mena bowti soru', 6, 13, 1, NULL, NULL),
(1985, 'C0944', 'Thokai joypuri mena bowti soru', 6, 13, 1, NULL, NULL),
(1986, 'C0945', 'Thokai joypuri mena bowti soru', 6, 13, 1, NULL, NULL),
(1987, 'C0946', 'Thokai joypuri mena bowti soru', 6, 13, 1, NULL, NULL),
(1988, 'C0947', 'Thokai joypuri mena bowti soru', 6, 13, 1, NULL, NULL),
(1989, 'C0948', 'Thokai joypuri mena bowti soru', 6, 13, 1, NULL, NULL),
(1990, 'C0949', 'Thokai joypuri mena bowti soru', 6, 13, 1, NULL, NULL),
(1991, 'C0950', 'Thokai joypuri mena bowti soru', 6, 13, 1, NULL, NULL),
(1992, 'C0951', 'Thokai joypuri mena bowti maghari', 6, 14, 1, NULL, NULL),
(1993, 'C0953', 'Thokai Joypuri Mina Bowti Majhari', 6, 14, 1, NULL, NULL),
(1994, 'C0955', 'Thokai joypuri bowti chowrah', 6, 14, 1, NULL, NULL),
(1995, 'C0956', 'Thokai joypuri bowti chowrah', 6, 14, 1, NULL, NULL),
(1996, 'C0957', 'Thokai joypuri bowti chowrah', 6, 14, 1, NULL, NULL),
(1997, 'C0958', 'Thokai joypuri bowti chowrah', 6, 14, 1, NULL, NULL),
(1998, 'C0959', 'Thokai joypuri bowti chowrah', 6, 14, 1, NULL, NULL),
(1999, 'C0960', 'Thokai joypuri bowti chowrah', 6, 14, 1, NULL, NULL),
(2000, 'C0961', 'Thokai joypuri mena bowti chowrah', 6, 15, 1, NULL, NULL),
(2001, 'C0962', 'Thokai joypuri mena bowti chowrah', 6, 13, 1, NULL, NULL),
(2002, 'C0963', 'Thokai joypuri mena bowti chowrah', 6, 13, 1, NULL, NULL),
(2003, 'C0964', 'Thokai joypuri mena bowti chowrah', 6, 13, 1, NULL, NULL),
(2004, 'C0965', 'Thokai joypuri mena bowti chowrah', 6, 13, 1, NULL, NULL),
(2005, 'C0966', 'Thokai Bouty', 6, 13, 1, NULL, NULL),
(2006, 'C0967', 'Thokai Bouty', 6, 13, 1, NULL, NULL),
(2007, 'C0968', 'Thokai Bouty', 6, 13, 1, NULL, NULL),
(2008, 'C0969', 'Thokai Bouty', 6, 13, 1, NULL, NULL),
(2009, 'C0970', 'Bouty', 6, 13, 1, NULL, NULL),
(2010, 'C0971', 'Thokai dd bowti soru', 6, 14, 1, NULL, NULL),
(2011, 'C0972', 'Thokai dd bowti soru', 6, 14, 1, NULL, NULL),
(2012, 'C0973', 'Thokai dd bowti soru', 6, 14, 1, NULL, NULL),
(2013, 'C0974', 'Thokai dd bowti soru', 6, 15, 1, NULL, NULL),
(2014, 'C0975', 'Thokai dd bowti soru', 6, 13, 1, NULL, NULL),
(2015, 'C0976', 'Thokai dd  mena bowti soru', 6, 13, 1, NULL, NULL),
(2016, 'C0977', 'Thokai dd  mena bowti soru', 6, 13, 1, NULL, NULL),
(2017, 'C0978', 'Thokai dd  mena bowti soru', 6, 13, 1, NULL, NULL),
(2018, 'C0979', 'Thokai dd  mena bowti soru', 6, 15, 1, NULL, NULL),
(2019, 'C0980', 'Thokai dd  mena bowti soru', 6, 15, 1, NULL, NULL),
(2020, 'C0981', 'Thokai dd  mena bowti soru', 6, 15, 1, NULL, NULL),
(2021, 'C0982', 'Thokai dd  mena bowti soru', 6, 15, 1, NULL, NULL),
(2022, 'C0983', 'Thokai dd  mena bowti soru', 6, 13, 1, NULL, NULL),
(2023, 'C0984', 'Thokai dd  mena bowti soru', 6, 13, 1, NULL, NULL),
(2024, 'C0985', 'Thokai dd  mena bowti soru', 6, 13, 1, NULL, NULL),
(2025, 'C0986', 'Thokai dd Bowti Majhari', 6, 13, 1, NULL, NULL),
(2026, 'C0987', 'Thokai dd Bowti Majhari', 6, 12, 1, NULL, NULL),
(2027, 'C0988', 'Thokai dd Mena Bowti Majhari', 6, 16, 1, NULL, NULL),
(2028, 'C0989', 'Thokai dd Mena Bowti Majhari', 6, 16, 1, NULL, NULL),
(2029, 'C0990', 'Thokai dd Bowti Chowrah', 6, 16, 1, NULL, NULL),
(2030, 'C0991', 'Thokai dd Bowti Chowrah', 6, 16, 1, NULL, NULL),
(2031, 'C0992', 'Thokai dd Bowti Chowrah', 6, 16, 1, NULL, NULL),
(2032, 'C0993', 'Thokai dd Bowti Chowrah', 6, 16, 1, NULL, NULL),
(2033, 'C0994', 'Thokai dd Bowti Chowrah', 6, 17, 1, NULL, NULL),
(2034, 'C0995', 'Thokai dd Bowti Chowrah', 6, 16, 1, NULL, NULL),
(2035, 'C0996', 'Thokai dd  mena bowti chowrah', 6, 17, 1, NULL, NULL),
(2036, 'C0997', 'Thokai dd  mena bowti chowrah', 6, 17, 1, NULL, NULL),
(2037, 'C0998', 'Thokai dd  mena bowti chowrah', 6, 17, 1, NULL, NULL),
(2038, 'C0999', 'Thokai dd  mena bowti chowrah', 6, 17, 1, NULL, NULL),
(2039, 'C1000', 'Thokai dd  mena bowti chowrah', 6, 17, 1, NULL, NULL),
(2040, 'C1116', 'panching bowti soru ', 6, 14, 1, NULL, NULL),
(2041, 'C1117', 'Panching Bowti Soru ', 6, 14, 1, NULL, NULL),
(2042, 'C1118', 'Panching Bowti Soru ', 6, 14, 1, NULL, NULL),
(2043, 'C1119', 'Panching Bowti Soru ', 6, 14, 1, NULL, NULL),
(2044, 'C1120', 'Panching Bowti Soru ', 6, 14, 1, NULL, NULL),
(2045, 'C1121', 'Panching Decaration Mina Bowti Soru ', 6, 16, 1, NULL, NULL),
(2046, 'C1122', 'Panching Decaration Mina Bowti Soru ', 6, 16, 1, NULL, NULL),
(2047, 'C1123', 'Panching Decaration Mina Bowti Soru ', 6, 16, 1, NULL, NULL),
(2048, 'C1124', 'Panching Decaration Mina Bowti Soru ', 6, 16, 1, NULL, NULL),
(2049, 'C1125', 'Panching Decaration Mina Bowti Soru ', 6, 16, 1, NULL, NULL),
(2050, 'C1126', 'Panching  Bowti Majhari', 6, 15, 1, NULL, NULL),
(2051, 'C1127', 'Panching  Bowti Majhari', 6, 15, 1, NULL, NULL),
(2052, 'C1128', 'Panching  Bowti Majhari', 6, 15, 1, NULL, NULL),
(2053, 'C1129', 'Panching  Bowti Majhari', 6, 15, 1, NULL, NULL),
(2054, 'C1130', 'Panching  Bowti Majhari', 6, 15, 1, NULL, NULL),
(2055, 'C1131', 'Panching Bowti Mina Majhari', 6, 17, 1, NULL, NULL),
(2056, 'C1132', 'Panching Bowti Mina Majhari', 6, 17, 1, NULL, NULL),
(2057, 'C1133', 'Panching Bowti Mina Majhari', 6, 17, 1, NULL, NULL),
(2058, 'C1134', 'Panching Bowti Mina Majhari', 6, 17, 1, NULL, NULL),
(2059, 'C1135', 'Panching Bowti Mina Majhari', 6, 17, 1, NULL, NULL),
(2060, 'C1136', 'panching bowti chowrah', 6, 16, 1, NULL, NULL),
(2061, 'C1137', 'panching bowti chowrah', 6, 16, 1, NULL, NULL),
(2062, 'C1138', 'panching bowti chowrah', 6, 16, 1, NULL, NULL),
(2063, 'C1139', 'panching bowti chowrah', 6, 16, 1, NULL, NULL),
(2064, 'C1140', 'panching bowti chowrah', 6, 16, 1, NULL, NULL),
(2065, 'C1141', 'panching decaration mena  bowti chowrah', 6, 18, 1, NULL, NULL),
(2066, 'C1142', 'panching decaration mena  bowti chowrah', 6, 18, 1, NULL, NULL),
(2067, 'C1143', 'Panching Decaration Mena  Bowti Chowrah', 6, 18, 1, NULL, NULL),
(2068, 'C1144', 'Panching Decaration Mena  Bowti Chowrah', 6, 18, 1, NULL, NULL),
(2069, 'C1145', 'Panching Decaration Mena  Bowti Chowrah', 6, 18, 1, NULL, NULL),
(2070, 'C1151', 'Thokai dd Bijil Daya bowti Majhari', 6, 17, 1, NULL, NULL),
(2071, 'C1152', 'Thokai dd Bijil Daya bowti Majhari', 6, 17, 1, NULL, NULL),
(2072, 'C1153', 'Thokai dd Bijil Daya bowti Majhari', 6, 17, 1, NULL, NULL),
(2073, 'C1154', 'Thokai dd Bijil Daya Bowti Majhari', 6, 17, 1, NULL, NULL),
(2074, 'C1155', 'Thokai dd Bijil Daya Bowti Majhari', 6, 17, 1, NULL, NULL),
(2075, 'C1156', 'Thokai dd Bijil Daya Mina Bowti Majhari', 6, 18, 1, NULL, NULL),
(2076, 'C1157', 'Thokai dd Bijil Daya Mina Bowti Majhari', 6, 18, 1, NULL, NULL),
(2077, 'C1158', 'Thokai dd Bijil Daya Mina Bowti Majhari', 6, 18, 1, NULL, NULL),
(2078, 'C1159', 'Thokai dd Bijil Daya Mina Bowti Majhari', 6, 18, 1, NULL, NULL),
(2079, 'C1160', 'Thokai dd Bijil Daya Mina Bowti Majhari', 6, 18, 1, NULL, NULL),
(2080, 'C1161', 'Thokai dd Bijil Daya Mina Bowti Majhari', 6, 18, 1, NULL, NULL),
(2081, 'C1162', 'Thokai dd Bijil Daya Mina Bowti Majhari', 6, 18, 1, NULL, NULL),
(2082, 'C1163', 'Thokai dd Bijil Daya Mina Bowti Majhari', 6, 18, 1, NULL, NULL),
(2083, 'C1164', 'Thokai dd Bijil Daya Mina Bowti Majhari', 6, 18, 1, NULL, NULL),
(2084, 'C1165', 'Thokai dd Bijil Daya Mina Bowti Majhari', 6, 18, 1, NULL, NULL),
(2085, 'C1166', 'Thokai dd  Bijil Daya Mina Bowti Chowrah', 6, 19, 1, NULL, NULL),
(2086, 'C1167', 'Thokai dd  Bijil Daya Mina Bowti Chowrah', 6, 19, 1, NULL, NULL),
(2087, 'C1168', 'Thokai dd  Bijil Daya Mina Bowti Chowrah', 6, 19, 1, NULL, NULL),
(2088, 'C1169', 'Thokai dd  Bijil Daya Mina Bowti Chowrah', 6, 19, 1, NULL, NULL),
(2089, 'C1170', 'Thokai dd  Bijil Daya Mina Bowti Chowrah', 6, 19, 1, NULL, NULL),
(2090, 'C1171', 'Thokai Joypuri  Bijil Daya Bowti Majhari', 6, 16, 1, NULL, NULL),
(2091, 'C1172', 'Thokai Joypuri  Bijil Daya Bowti Majhari', 6, 16, 1, NULL, NULL),
(2092, 'C1173', 'Thokai Joypuri  Bijil Daya Bowti Majhari', 6, 16, 1, NULL, NULL),
(2093, 'C1174', 'Thokai Joypuri  Bijil Daya Bowti Majhari', 6, 16, 1, NULL, NULL),
(2094, 'C1175', 'Thokai Joypuri  Bijil Daya Bowti Majhari', 6, 16, 1, NULL, NULL),
(2095, 'C1176', 'Thokai Joypuri  Bijil Daya Mina Bowti Majhari', 6, 17, 1, NULL, NULL),
(2096, 'C1177', 'Thokai Joypuri  Bijil Daya Mina Bowti Majhari', 6, 17, 1, NULL, NULL),
(2097, 'C1178', 'Thikai Joypuri  Bijil Daya Mina Bowti Majhari', 6, 17, 1, NULL, NULL),
(2098, 'C1179', 'Thokai Joypuri  Bijil Daya Mina Bowti Majhari', 6, 17, 1, NULL, NULL),
(2099, 'C1180', 'Thokai Joypuri  Bijil Daya Mina Bowti Majhari', 6, 17, 1, NULL, NULL),
(2100, 'C1181', 'Thokai Joypuri  Bijil Daya Mina Bowti Majhari', 6, 17, 1, NULL, NULL),
(2101, 'C1182', 'Thokai Joypuri  Bijil Daya Mina Bowti Majhari', 6, 17, 1, NULL, NULL),
(2102, 'C1183', 'Thokai Joypuri  Bijil Daya Mina Bowti Majhari', 6, 17, 1, NULL, NULL),
(2103, 'C1184', 'Thokai Joypuri  Bijil Daya Mina Bowti Majhari', 6, 17, 1, NULL, NULL),
(2104, 'C1185', 'Thokai Joypuri  Bijil Daya Mina Bowti Majhari', 6, 17, 1, NULL, NULL),
(2105, 'C1186', 'Thokai Joypuri  Bijil Daya Mina Bowti Majhari', 6, 17, 1, NULL, NULL),
(2106, 'C1187', 'Thokai Joypuri  Bijil Daya Mina Bowti Majhari', 6, 17, 1, NULL, NULL),
(2107, 'C1188', 'Thokai Joypuri  Bijil Daya Mina Bowti Majhari', 6, 17, 1, NULL, NULL),
(2108, 'C1189', 'Thokai Joypuri  Bijil Daya Mina Bowti Majhari', 6, 17, 1, NULL, NULL),
(2109, 'C1190', 'Thokai Joypuri  Bijil Daya Mina Bowti Majhari', 6, 17, 1, NULL, NULL),
(2110, 'C2176', '14MM chowrah khal bowti ', 6, 15, 1, NULL, NULL),
(2111, 'C2177', '14MM chowrah khal bowti ', 6, 15, 1, NULL, NULL),
(2112, 'C2202', 'Thokai Bouty', 6, 13, 1, NULL, NULL),
(2113, 'C2203', 'Thokai Bouty', 6, 13, 1, NULL, NULL),
(2114, 'C2205', 'Thokai Bouty', 6, 13, 1, NULL, NULL),
(2115, 'C2206', 'Thokai Bouty', 6, 13, 1, NULL, NULL),
(2116, 'C2207', 'Thokai Bouty', 6, 13, 1, NULL, NULL),
(2117, 'C2208', 'Thokai Bouty', 6, 14, 1, NULL, NULL),
(2118, 'C2209', 'Thokai Bouty', 6, 13, 1, NULL, NULL),
(2119, 'C2210', 'Thokai Bouty', 6, 13, 1, NULL, NULL),
(2120, 'C2211', 'Thokai Bouty', 6, 13, 1, NULL, NULL),
(2121, 'C2212', 'Thokai Bouty', 6, 13, 1, NULL, NULL),
(2122, 'C2213', 'Thokai Bouty', 6, 13, 1, NULL, NULL),
(2123, 'C2214', 'Thokai Bouty', 6, 13, 1, NULL, NULL),
(2124, 'C2215', 'Thokai Bouty', 6, 13, 1, NULL, NULL),
(2125, 'C2216', 'Bouty', 6, 13, 1, NULL, NULL),
(2126, 'C2217', 'Thokai Bouty', 6, 13, 1, NULL, NULL),
(2127, 'C2218', 'Thokai Bouty', 6, 13, 1, NULL, NULL),
(2128, 'C2219', 'Thokai Bouty', 6, 13, 1, NULL, NULL),
(2129, 'C2222', 'Bouty', 6, 13, 1, NULL, NULL),
(2130, 'C2224', 'Thokai Bouty', 6, 12, 1, NULL, NULL),
(2131, 'C2228', 'Bouty', 6, 13, 1, NULL, NULL),
(2132, 'C2230', 'Thokai Bouty', 6, 13, 1, NULL, NULL),
(2133, 'C2231', 'Thokai Bouty', 6, 13, 1, NULL, NULL),
(2134, 'C2232', 'Thokai Bouty', 6, 13, 1, NULL, NULL),
(2135, 'C2233', 'Thokai Bouty', 6, 13, 1, NULL, NULL),
(2136, 'C2235', 'Thokai Bouty', 6, 13, 1, NULL, NULL),
(2137, 'C2236', 'Bouty', 6, 14, 1, NULL, NULL),
(2138, 'C2237', 'Bouty', 6, 13, 1, NULL, NULL),
(2139, 'C2238', 'Bouty', 6, 12, 1, NULL, NULL),
(2140, 'C2239', 'Thokai bouty', 6, 13, 1, NULL, NULL),
(2141, 'C2240', 'Thokai bouty', 6, 13, 1, NULL, NULL),
(2142, 'C2241', 'Thokai Bangla Bowti', 6, 13, 1, NULL, NULL),
(2143, 'C2242', 'Thokai Bangla Bowti', 6, 13, 1, NULL, NULL),
(2144, 'C2243', 'BOUTY', 6, 12, 1, NULL, NULL),
(2145, 'C2282', 'Bouty', 6, 13, 1, NULL, NULL),
(2146, 'C2286', 'Bouty', 6, 12, 1, NULL, NULL),
(2147, 'C2296', 'THOKAI BOUTY', 6, 13, 1, NULL, NULL),
(2148, 'C2363', 'bouty', 6, 13, 1, NULL, NULL),
(2149, 'C2367', 'Bouty', 6, 13, 1, NULL, NULL),
(2150, 'C2501', 'bouty', 6, 13, 1, NULL, NULL),
(2151, 'C2502', 'bouty', 6, 13, 1, NULL, NULL),
(2152, 'C2503', 'bouty', 6, 13, 1, NULL, NULL),
(2153, 'C2504', 'bouty', 6, 13, 1, NULL, NULL),
(2154, 'C2701', 'Thokai Bowty', 6, 13, 1, NULL, NULL),
(2155, 'C2702', 'Thokai Bowty', 6, 13, 1, NULL, NULL),
(2156, 'C2703', 'Thokai Bowty', 6, 14, 1, NULL, NULL),
(2157, 'C2704', 'Thokai Bowty', 6, 13, 1, NULL, NULL),
(2158, 'C2705', 'Thokai Bowty', 6, 13, 1, NULL, NULL),
(2159, 'C2706', 'Thokai Bowty', 6, 13, 1, NULL, NULL),
(2160, 'C2707', 'Thokai Bowty', 6, 13, 1, NULL, NULL),
(2161, 'C2708', 'Thokai Bowty', 6, 13, 1, NULL, NULL),
(2162, 'C2709', 'Thokai Bowty', 6, 13, 1, NULL, NULL),
(2163, 'C2710', 'Thokai Bowty', 6, 13, 1, NULL, NULL),
(2164, 'C2711', 'Thokai Bowty', 6, 13, 1, NULL, NULL),
(2165, 'C2712', 'Thokai Bowty', 6, 13, 1, NULL, NULL),
(2166, 'C2713', 'Thokai Bowty', 6, 13, 1, NULL, NULL),
(2167, 'C2714', 'Thokai Bowty', 6, 13, 1, NULL, NULL),
(2168, 'C2715', 'Thokai Bowty', 6, 13, 1, NULL, NULL),
(2169, 'C2716', 'Thokai Bowty', 6, 13, 1, NULL, NULL),
(2170, 'C2717', 'Thokai Bowty', 6, 13, 1, NULL, NULL),
(2171, 'C2718', 'Thokai Bowty', 6, 13, 1, NULL, NULL),
(2172, 'C2719', 'Thokai Bowty', 6, 13, 1, NULL, NULL),
(2173, 'C2720', 'Thokai Bowty', 6, 13, 1, NULL, NULL),
(2174, 'C2721', 'Thokai Bowty', 6, 13, 1, NULL, NULL),
(2175, 'C2722', 'Thokai Bowty', 6, 13, 1, NULL, NULL),
(2176, 'C2723', 'Thokai Bowty', 6, 13, 1, NULL, NULL),
(2177, 'C2724', 'Thokai Bowty', 6, 13, 1, NULL, NULL),
(2178, 'C2725', 'Thokai Bowty', 6, 13, 1, NULL, NULL),
(2179, 'C2726', 'Bouty', 6, 13, 1, NULL, NULL),
(2180, 'C2727', 'Thokai Bowty', 6, 13, 1, NULL, NULL),
(2181, 'C2728', 'Bouty', 6, 13, 1, NULL, NULL),
(2182, 'C2729', 'Bouty', 6, 13, 1, NULL, NULL),
(2183, 'C2730', 'Bouty', 6, 13, 1, NULL, NULL),
(2184, 'C2731', 'BOUTY', 6, 13, 1, NULL, NULL),
(2185, 'C2732', 'THOKAI BAUTY', 6, 13, 1, NULL, NULL),
(2186, 'C2733', 'THOKAI BOUTY', 6, 13, 1, NULL, NULL),
(2187, 'C2734', 'THOKAI BOUTY', 6, 13, 1, NULL, NULL),
(2188, 'C2735', 'THOKAI BOUTY', 6, 13, 1, NULL, NULL),
(2189, 'C2736', 'THOKAI BOUTY', 6, 13, 1, NULL, NULL),
(2190, 'C2738', 'BOUTY', 6, 13, 1, NULL, NULL),
(2191, 'C2739', 'BOUTY', 6, 13, 1, NULL, NULL),
(2192, 'C2740', 'Thokai Bouty', 6, 14, 1, NULL, NULL),
(2193, 'C2741', 'Thokai Bouty', 6, 14, 1, NULL, NULL),
(2194, 'C2742', 'Thokai Bouty', 6, 14, 1, NULL, NULL),
(2195, 'C2743', 'Thokai Bouty', 6, 14, 1, NULL, NULL),
(2196, 'C2744', 'Thokai Bouty', 6, 14, 1, NULL, NULL),
(2197, 'C2745', 'Thokai Bouty', 6, 14, 1, NULL, NULL),
(2198, 'C2746', 'Thokai Bouty', 6, 14, 1, NULL, NULL),
(2199, 'C2747', 'Thokai Bouty', 6, 14, 1, NULL, NULL),
(2200, 'C2748', 'Thokai Bouty', 6, 14, 1, NULL, NULL),
(2201, 'C2749', 'Thokai Bouty', 6, 14, 1, NULL, NULL),
(2202, 'C2751', 'Bouty', 6, 14, 1, NULL, NULL),
(2203, 'C2753', 'BOUTY', 6, 15, 1, NULL, NULL),
(2204, 'C2754', 'BOUTY', 6, 13, 1, NULL, NULL),
(2205, 'C2755', 'Thokai Bouty', 6, 13, 1, NULL, NULL),
(2206, 'C2756', 'THOKAI BOUTY', 6, 13, 1, NULL, NULL),
(2207, 'C2757', 'BOUTY', 6, 13, 1, NULL, NULL),
(2208, 'C2758', 'THOKAI BOUTY', 6, 13, 1, NULL, NULL),
(2209, 'C2759', 'THOKAI BOUTY', 6, 13, 1, NULL, NULL),
(2210, 'C2760', 'BOUTY', 6, 13, 1, NULL, NULL),
(2211, 'C2761', 'Thokai Bouty', 6, 13, 1, NULL, NULL),
(2212, 'C2762', 'BOUTY', 6, 13, 1, NULL, NULL),
(2213, 'C2763', 'BOUTY', 6, 13, 1, NULL, NULL),
(2214, 'C2764', 'Thokai Bouty', 6, 13, 1, NULL, NULL),
(2215, 'C2765', 'BOUTY', 6, 13, 1, NULL, NULL),
(2216, 'C2766', 'BOUTY', 6, 13, 1, NULL, NULL),
(2217, 'C2767', 'THOKAI BOUTY', 6, 13, 1, NULL, NULL),
(2218, 'C2768', 'Thokai Bouty', 6, 13, 1, NULL, NULL),
(2219, 'C2769', 'BOUTY', 6, 13, 1, NULL, NULL),
(2220, 'C2770', 'Thokai Bouty', 6, 12, 1, NULL, NULL),
(2221, 'C2774', 'bouty', 6, 12, 1, NULL, NULL),
(2222, 'C2775', 'THOKAI BAUTY', 6, 13, 1, NULL, NULL),
(2223, 'C2776', 'BOUTY', 6, 12, 1, NULL, NULL),
(2224, 'C2780', 'BOUTY', 6, 12, 1, NULL, NULL),
(2225, 'C2782', 'Thokai Bauty', 6, 12, 1, NULL, NULL),
(2226, 'C2783', 'Thokai Bauty', 6, 12, 1, NULL, NULL),
(2227, 'C2785', 'bouty', 6, 13, 1, NULL, NULL),
(2228, 'C2786', 'Thokai Bouty', 6, 13, 1, NULL, NULL),
(2229, 'C2787', 'Bauti', 6, 13, 1, NULL, NULL),
(2230, 'C2788', 'BOUTY', 6, 13, 1, NULL, NULL),
(2231, 'C2789', 'bouty', 6, 13, 1, NULL, NULL),
(2232, 'C2790', 'THOKAI BOWTY', 6, 13, 1, NULL, NULL),
(2233, 'C2791', 'Thokai Bouty', 6, 13, 1, NULL, NULL),
(2234, 'C2792', 'THOKAI BOUTY', 6, 13, 1, NULL, NULL),
(2235, 'C2793', 'BOUTY', 6, 14, 1, NULL, NULL),
(2236, 'C2794', 'Bouty', 6, 13, 1, NULL, NULL),
(2237, 'C2795', 'Bouty', 6, 13, 1, NULL, NULL),
(2238, 'C2796', 'Bouty', 6, 13, 1, NULL, NULL),
(2239, 'C2797', 'bouty', 6, 14, 1, NULL, NULL),
(2240, 'C2798', 'Bouty', 6, 13, 1, NULL, NULL),
(2241, 'C2799', 'BOUTY', 6, 13, 1, NULL, NULL),
(2242, 'C2800', 'Bouty', 6, 14, 1, NULL, NULL),
(2243, 'M0916', 'Thokai bangala bowti  mena maghri', 6, 14, 1, NULL, NULL),
(2244, 'M0917', 'Thokai bangala bowti  mena maghri', 6, 14, 1, NULL, NULL),
(2245, 'M0918', 'Thokai bangala bowti  mena maghri', 6, 14, 1, NULL, NULL),
(2246, 'M0919', 'Thokai bangala bowti  mena maghri', 6, 14, 1, NULL, NULL),
(2247, 'M0927', 'Thokai bangala bowti mena chowrah', 6, 15, 1, NULL, NULL),
(2248, 'M0952', 'Thokai joypuri mena bowti maghari', 6, 14, 1, NULL, NULL),
(2249, 'M0954', 'Thokai joypuri mena bowti maghari', 6, 15, 1, NULL, NULL),
(2250, 'X0774', 'Thokai dd BOUTY soru', 6, 13, 1, NULL, NULL),
(2251, 'X1116', 'panching bowti soru', 6, 15, 1, NULL, NULL),
(2252, 'C0701', 'Thokai bangala patla soru', 7, 12, 1, NULL, NULL),
(2253, 'C0702', 'Thokai bangala patla soru', 7, 12, 1, NULL, NULL),
(2254, 'C0703', 'Thokai bangala patla soru', 7, 12, 1, NULL, NULL),
(2255, 'C0704', 'Thokai bangala patla soru', 7, 12, 1, NULL, NULL),
(2256, 'C0705', 'Thokai bangala patla soru', 7, 12, 1, NULL, NULL),
(2257, 'C0706', 'Thokai bangala patla soru', 7, 13, 1, NULL, NULL),
(2258, 'C0707', 'Thokai bangala patla soru', 7, 13, 1, NULL, NULL),
(2259, 'C0708', 'Thokai bangala patla mena soru', 7, 13, 1, NULL, NULL),
(2260, 'C0709', 'Thokai bangala patla mena soru', 7, 13, 1, NULL, NULL),
(2261, 'C0710', 'Thokai bangala patla mena soru', 7, 13, 1, NULL, NULL),
(2262, 'C0711', 'Thokai bangala patla mena soru', 7, 13, 1, NULL, NULL),
(2263, 'C0712', 'Thokai bangala patla mena soru', 7, 13, 1, NULL, NULL),
(2264, 'C0713', 'Thokai bangala patla mena soru', 7, 13, 1, NULL, NULL),
(2265, 'C0714', 'Thokai bangala patla mena soru', 7, 13, 1, NULL, NULL),
(2266, 'C0715', 'Thokai bangala patla mena soru', 7, 13, 1, NULL, NULL),
(2267, 'C0716', 'Thokai bangala patla mena maghari', 7, 14, 1, NULL, NULL),
(2268, 'C0720', 'Thokai bangala patla mena maghari', 7, 14, 1, NULL, NULL),
(2269, 'C0721', 'Thokai bangala patla mena maghari', 7, 14, 1, NULL, NULL),
(2270, 'C0722', 'Thokai bangala patla mena maghari', 7, 14, 1, NULL, NULL),
(2271, 'C0723', 'Thokai bangala patla mena maghari', 7, 14, 1, NULL, NULL),
(2272, 'C0724', 'Thokai bangala patla mena maghari', 7, 14, 1, NULL, NULL),
(2273, 'C0725', 'Thokai bangala patla chowrah', 7, 14, 1, NULL, NULL),
(2274, 'C0726', 'Thokai bangala patla mena chowrah', 7, 14, 1, NULL, NULL),
(2275, 'C0727', 'Thokai bangala patla mena chowrah', 7, 15, 1, NULL, NULL),
(2276, 'C0730', 'Thokai bangala patla mena chowrah', 7, 14, 1, NULL, NULL),
(2277, 'C0731', 'Thokai Patla', 7, 14, 1, NULL, NULL),
(2278, 'C0733', 'Thokai Patla', 7, 13, 1, NULL, NULL),
(2279, 'C0735', 'Thokai Patla', 7, 13, 1, NULL, NULL),
(2280, 'C0736', 'Thokai Patla', 7, 12, 1, NULL, NULL),
(2281, 'C0737', 'Thokai Patla', 7, 12, 1, NULL, NULL),
(2282, 'C0738', 'Thokai Patla', 7, 12, 1, NULL, NULL),
(2283, 'C0739', 'Thokai Patla', 7, 12, 1, NULL, NULL),
(2284, 'C0740', 'Thokai Patla', 7, 12, 1, NULL, NULL),
(2285, 'C0746', 'Thokai joypuri mena patla maghari', 7, 13, 1, NULL, NULL),
(2286, 'C0747', 'Thokai joypuri mena patla maghari', 7, 13, 1, NULL, NULL),
(2287, 'C0748', '', 7, 13, 1, NULL, NULL),
(2288, 'C0749', 'Thokai Jaypuri Patla Majhari', 7, 13, 1, NULL, NULL),
(2289, 'C0750', 'Thokai Jaypuri Patla Majhari', 7, 13, 1, NULL, NULL),
(2290, 'C0756', 'Thokai Joypuri patla Chowra', 7, 14, 1, NULL, NULL),
(2291, 'C0757', 'Thokai Joypuri patla Chowra', 7, 14, 1, NULL, NULL),
(2292, 'C0758', 'Thokai Joypuri patla Chowra', 7, 14, 1, NULL, NULL),
(2293, 'C0759', 'Thokai Joypuri patla Chowra', 7, 14, 1, NULL, NULL),
(2294, 'C0761', 'Thokai joypuri mena patla chowrah', 7, 15, 1, NULL, NULL),
(2295, 'C0763', 'Thokai joypuri mena patla chowrah', 7, 14, 1, NULL, NULL),
(2296, 'C0764', 'Thokai joypuri mena patla chowrah', 7, 15, 1, NULL, NULL),
(2297, 'C0766', 'Thokai Patla', 7, 13, 1, NULL, NULL),
(2298, 'C0767', 'Thokai Patla', 7, 13, 1, NULL, NULL),
(2299, 'C0768', 'Thokai Patla', 7, 12, 1, NULL, NULL),
(2300, 'C0769', 'Thokai Patla', 7, 13, 1, NULL, NULL),
(2301, 'C0770', 'Thokai Patla', 7, 12, 1, NULL, NULL),
(2302, 'C0771', 'Thokai dd patla soru', 7, 14, 1, NULL, NULL),
(2303, 'C0772', 'Thokai  patla soru', 7, 12, 1, NULL, NULL),
(2304, 'C0773', 'Thokai dd patla soru', 7, 14, 1, NULL, NULL),
(2305, 'C0774', 'Thokai dd patla soru', 7, 13, 1, NULL, NULL),
(2306, 'C0775', 'Thokai dd patla soru', 7, 12, 1, NULL, NULL),
(2307, 'C0777', 'Thokai dd  patla maghari', 7, 15, 1, NULL, NULL),
(2308, 'C0778', 'Thokai dd  patla maghari', 7, 12, 1, NULL, NULL),
(2309, 'C0779', 'Thokai dd  patla maghari', 7, 15, 1, NULL, NULL),
(2310, 'C0780', 'Thokai dd  patla maghari', 7, 15, 1, NULL, NULL),
(2311, 'C0781', 'Thokai dd  patla maghari', 7, 15, 1, NULL, NULL),
(2312, 'C0782', 'Thokai dd  patla majhari', 7, 15, 1, NULL, NULL),
(2313, 'C0786', 'Thokai dd mena patla maghari', 7, 16, 1, NULL, NULL),
(2314, 'C0787', 'MINA PATLA', 7, 16, 1, NULL, NULL),
(2315, 'C0788', 'Thokai dd mena patla maghari', 7, 16, 1, NULL, NULL),
(2316, 'C0789', 'Thokai dd mena patla maghari', 7, 16, 1, NULL, NULL),
(2317, 'C0790', 'Thokai dd  patla chowrah', 7, 16, 1, NULL, NULL),
(2318, 'C0791', 'Thokai dd  patla chowrah', 7, 16, 1, NULL, NULL),
(2319, 'C0792', 'Thokai dd  patla chowrah', 7, 16, 1, NULL, NULL),
(2320, 'C0793', 'Thokai dd  patla chowrah', 7, 16, 1, NULL, NULL),
(2321, 'C0794', 'Thokai dd  patla chowrah', 7, 16, 1, NULL, NULL),
(2322, 'C0795', 'Thokai dd  patla chowrah', 7, 16, 1, NULL, NULL),
(2323, 'C0797', 'Thokai D D Patla', 7, 14, 1, NULL, NULL),
(2324, 'C0800', 'Thokai dd mena patla chowrah', 7, 15, 1, NULL, NULL),
(2325, 'C0860', 'Thokai Patla', 7, 23, 1, NULL, NULL),
(2326, 'C2201', 'Thokai Patla', 7, 13, 1, NULL, NULL),
(2327, 'C2204', 'Thokai Patla', 7, 13, 1, NULL, NULL),
(2328, 'C2220', 'Thokai Patla', 7, 13, 1, NULL, NULL),
(2329, 'C2225', 'Thokai Patla', 7, 12, 1, NULL, NULL),
(2330, 'C2226', 'Thokai Patla', 7, 12, 1, NULL, NULL),
(2331, 'C2227', 'Thokai Patla', 7, 12, 1, NULL, NULL),
(2332, 'C2249', 'patla', 7, 14, 1, NULL, NULL),
(2333, 'C2250', 'Thokai Patla', 7, 12, 1, NULL, NULL),
(2334, 'C2251', 'PATLA', 7, 14, 1, NULL, NULL),
(2335, 'C2253', 'Thokai Patla', 7, 13, 1, NULL, NULL),
(2336, 'C2254', 'Thokai Patla', 7, 12, 1, NULL, NULL),
(2337, 'C2255', 'Thokai Patla', 7, 12, 1, NULL, NULL),
(2338, 'C2256', 'Thokai Patla', 7, 12, 1, NULL, NULL),
(2339, 'C2257', 'Thokai Patla', 7, 12, 1, NULL, NULL),
(2340, 'C2258', 'Thokai Patla', 7, 12, 1, NULL, NULL),
(2341, 'C2259', 'Thokai Patla', 7, 12, 1, NULL, NULL),
(2342, 'C2260', 'Thokai Patla', 7, 13, 1, NULL, NULL),
(2343, 'C2261', 'Thokai Patla', 7, 13, 1, NULL, NULL),
(2344, 'C2262', 'Thokai Patla', 7, 13, 1, NULL, NULL),
(2345, 'C2264', 'Thokai Patla', 7, 13, 1, NULL, NULL),
(2346, 'C2265', 'Thokai Patla', 7, 12, 1, NULL, NULL),
(2347, 'C2267', 'PATLA', 7, 13, 1, NULL, NULL),
(2348, 'C2268', 'Thokai Patla', 7, 13, 1, NULL, NULL),
(2349, 'C2270', 'Thokai Patla', 7, 13, 1, NULL, NULL),
(2350, 'C2271', 'Thokai Patla', 7, 13, 1, NULL, NULL),
(2351, 'C2272', 'Thokai Patla', 7, 13, 1, NULL, NULL),
(2352, 'C2273', 'Thokai Patla', 7, 14, 1, NULL, NULL),
(2353, 'C2274', 'Thokai Patla', 7, 13, 1, NULL, NULL),
(2354, 'C2276', 'Thokai Patla', 7, 13, 1, NULL, NULL),
(2355, 'C2277', 'Thokai Patla', 7, 13, 1, NULL, NULL),
(2356, 'C2279', 'Thokai Patla', 7, 13, 1, NULL, NULL),
(2357, 'C2280', 'Thokai Patla', 7, 13, 1, NULL, NULL),
(2358, 'C2281', 'Thokai Patla', 7, 13, 1, NULL, NULL),
(2359, 'C2283', 'Thokai Patla', 7, 14, 1, NULL, NULL),
(2360, 'C2285', 'Thokai Patla', 7, 13, 1, NULL, NULL),
(2361, 'C2287', 'Thokai Patla', 7, 14, 1, NULL, NULL),
(2362, 'C2288', 'Thokai Patla', 7, 14, 1, NULL, NULL),
(2363, 'C2289', 'Thokai Patla', 7, 14, 1, NULL, NULL),
(2364, 'C2290', 'Thokai Patla', 7, 14, 1, NULL, NULL),
(2365, 'C2292', 'Thokai Patla', 7, 14, 1, NULL, NULL),
(2366, 'C2293', 'Thokai Patla', 7, 14, 1, NULL, NULL),
(2367, 'C2294', 'Thokai Patla', 7, 13, 1, NULL, NULL),
(2368, 'C2295', 'Thokai Patla', 7, 13, 1, NULL, NULL),
(2369, 'C2297', 'patla', 7, 13, 1, NULL, NULL),
(2370, 'C2298', 'patla', 7, 12, 1, NULL, NULL),
(2371, 'C2299', 'Patla', 7, 12, 1, NULL, NULL),
(2372, 'C2300', 'Patla', 7, 12, 1, NULL, NULL),
(2373, 'C2301', 'Thokai patla soru', 7, 12, 1, NULL, NULL),
(2374, 'C2302', 'Thokai patla soru', 7, 12, 1, NULL, NULL),
(2375, 'C2303', 'Thokai patla soru', 7, 12, 1, NULL, NULL),
(2376, 'C2304', 'Thokai patla soru', 7, 12, 1, NULL, NULL),
(2377, 'C2305', 'Thokai patla soru', 7, 12, 1, NULL, NULL),
(2378, 'C2306', 'Thokai patla soru', 7, 12, 1, NULL, NULL),
(2379, 'C2307', 'Thokai patla soru', 7, 12, 1, NULL, NULL),
(2380, 'C2308', 'Thokai patla soru', 7, 12, 1, NULL, NULL),
(2381, 'C2309', 'Thokai patla soru', 7, 12, 1, NULL, NULL),
(2382, 'C2310', 'Thokai patla soru', 7, 12, 1, NULL, NULL),
(2383, 'C2311', 'Thokai patla soru', 7, 12, 1, NULL, NULL),
(2384, 'C2312', 'Thokai patla soru', 7, 12, 1, NULL, NULL),
(2385, 'C2313', 'Thokai patla soru', 7, 12, 1, NULL, NULL),
(2386, 'C2319', 'PATLA', 7, 13, 1, NULL, NULL),
(2387, 'C2320', 'Thokai Patla', 7, 13, 1, NULL, NULL),
(2388, 'C2321', 'Thokai Patla', 7, 13, 1, NULL, NULL),
(2389, 'C2322', 'Thokai Patla', 7, 12, 1, NULL, NULL),
(2390, 'C2323', 'Thokai Patla', 7, 13, 1, NULL, NULL),
(2391, 'C2324', 'Thokai Patla', 7, 13, 1, NULL, NULL),
(2392, 'C2325', 'Thokai Patla', 7, 13, 1, NULL, NULL),
(2393, 'C2326', 'Thokai Patla', 7, 13, 1, NULL, NULL),
(2394, 'C2327', 'Thokai Patla', 7, 13, 1, NULL, NULL),
(2395, 'C2328', 'Thokai Patla', 7, 13, 1, NULL, NULL),
(2396, 'C2329', 'Thokai Patla', 7, 13, 1, NULL, NULL),
(2397, 'C2330', 'Thokai Patla', 7, 12, 1, NULL, NULL),
(2398, 'C2331', 'Thokai Patla', 7, 13, 1, NULL, NULL),
(2399, 'C2332', 'Thokai Patla', 7, 13, 1, NULL, NULL),
(2400, 'C2333', 'Thokai Patla', 7, 13, 1, NULL, NULL),
(2401, 'C2334', 'Thokai Patla', 7, 13, 1, NULL, NULL),
(2402, 'C2335', 'Thokai Patla', 7, 13, 1, NULL, NULL),
(2403, 'C2336', 'Thokai Patla', 7, 13, 1, NULL, NULL),
(2404, 'C2337', 'Thokai Patla', 7, 13, 1, NULL, NULL),
(2405, 'C2338', 'Thokai Patla', 7, 13, 1, NULL, NULL),
(2406, 'C2339', 'Thokai Patla', 7, 13, 1, NULL, NULL),
(2407, 'C2340', 'Thokai Patla', 7, 13, 1, NULL, NULL),
(2408, 'C2341', 'Thokai Patla', 7, 13, 1, NULL, NULL),
(2409, 'C2342', 'Thokai Patla', 7, 13, 1, NULL, NULL),
(2410, 'C2343', 'Thokai Patla', 7, 13, 1, NULL, NULL),
(2411, 'C2344', 'Thokai Patla', 7, 13, 1, NULL, NULL),
(2412, 'C2345', 'Thokai Patla', 7, 13, 1, NULL, NULL),
(2413, 'C2346', 'Thokai Patla', 7, 13, 1, NULL, NULL),
(2414, 'C2347', 'Thokai Patla', 7, 13, 1, NULL, NULL),
(2415, 'C2348', 'Thokai Patla', 7, 13, 1, NULL, NULL),
(2416, 'C2349', 'Thokai Patla', 7, 13, 1, NULL, NULL),
(2417, 'C2350', 'Thokai Patla', 7, 13, 1, NULL, NULL),
(2418, 'C2351', 'Thokai Patla', 7, 13, 1, NULL, NULL),
(2419, 'C2352', 'THOKAI PATLA', 7, 13, 1, NULL, NULL);
INSERT INTO `products` (`id`, `model_number`, `product_name`, `product_category_id`, `price_code_id`, `inforced`, `created_at`, `updated_at`) VALUES
(2420, 'C2353', 'Thokai Patla', 7, 14, 1, NULL, NULL),
(2421, 'C2354', 'THOKAI PATLA', 7, 14, 1, NULL, NULL),
(2422, 'C2355', 'PATLA', 7, 13, 1, NULL, NULL),
(2423, 'C2356', 'THOLAI PATLA', 7, 14, 1, NULL, NULL),
(2424, 'C2357', 'THOKAI PATLA', 7, 14, 1, NULL, NULL),
(2425, 'C2358', 'PATLA', 7, 13, 1, NULL, NULL),
(2426, 'C2360', 'patla', 7, 14, 1, NULL, NULL),
(2427, 'C2364', 'PATLA', 7, 14, 1, NULL, NULL),
(2428, 'C2365', 'PATLA', 7, 13, 1, NULL, NULL),
(2429, 'C2366', 'PATLA', 7, 14, 1, NULL, NULL),
(2430, 'C2369', 'PATLA', 7, 12, 1, NULL, NULL),
(2431, 'C2370', 'Thokai Patla', 7, 14, 1, NULL, NULL),
(2432, 'C2371', 'Thokai Patla', 7, 14, 1, NULL, NULL),
(2433, 'C2372', 'Thokai Patla', 7, 14, 1, NULL, NULL),
(2434, 'C2373', 'Thokai Patla', 7, 14, 1, NULL, NULL),
(2435, 'C2374', 'Thokai Patla', 7, 14, 1, NULL, NULL),
(2436, 'C2375', 'Thokai Patla', 7, 14, 1, NULL, NULL),
(2437, 'C2376', 'Thokai Patla', 7, 14, 1, NULL, NULL),
(2438, 'C2377', 'Thokai Patla', 7, 14, 1, NULL, NULL),
(2439, 'C2378', 'Thokai Patla', 7, 14, 1, NULL, NULL),
(2440, 'C2379', 'Thokai Patla', 7, 13, 1, NULL, NULL),
(2441, 'C2380', 'Thokai Patla', 7, 14, 1, NULL, NULL),
(2442, 'C2381', 'PATLA', 7, 14, 1, NULL, NULL),
(2443, 'C2382', 'Patla', 7, 13, 1, NULL, NULL),
(2444, 'C2383', 'Thokai Patla', 7, 14, 1, NULL, NULL),
(2445, 'C2385', 'PATLA', 7, 12, 1, NULL, NULL),
(2446, 'C2386', 'PATLA', 7, 12, 1, NULL, NULL),
(2447, 'C2387', 'PATLA', 7, 13, 1, NULL, NULL),
(2448, 'C2388', 'PATLA', 7, 12, 1, NULL, NULL),
(2449, 'C2389', 'PATLA', 7, 12, 1, NULL, NULL),
(2450, 'C2390', 'PATLA', 7, 13, 1, NULL, NULL),
(2451, 'C2392', 'Patla', 7, 13, 1, NULL, NULL),
(2452, 'C2393', 'Patla', 7, 12, 1, NULL, NULL),
(2453, 'C2396', 'patla', 7, 12, 1, NULL, NULL),
(2454, 'C2397', 'patla', 7, 12, 1, NULL, NULL),
(2455, 'C2398', 'patla', 7, 14, 1, NULL, NULL),
(2456, 'C2399', 'patla', 7, 13, 1, NULL, NULL),
(2457, 'M0780', 'Thokai dd  patla maghari', 7, 15, 1, NULL, NULL),
(2458, 'M0800', 'Thokai dd mena patla chowrah', 7, 15, 1, NULL, NULL),
(2459, 'M2391', 'MINA PATLA', 7, 13, 1, NULL, NULL),
(2460, 'X0001', 'PATLA', 7, 26, 1, NULL, NULL),
(2461, 'X0712', 'PATLA', 7, 14, 1, NULL, NULL),
(2462, 'X0725', 'PATLA', 7, 15, 1, NULL, NULL),
(2463, 'X0747', 'Thokai joypuri mena patla maghari', 7, 14, 1, NULL, NULL),
(2464, 'X2254', 'pATLA', 7, 13, 1, NULL, NULL),
(2465, 'X2260', 'Thokai Patla', 7, 14, 1, NULL, NULL),
(2466, 'X2279', 'PATLA', 7, 14, 1, NULL, NULL),
(2467, 'X2313', 'PATLA', 7, 13, 1, NULL, NULL),
(2468, 'X2342', 'Thokai Patla', 7, 14, 1, NULL, NULL),
(2469, 'X2350', 'Thokai Patla', 7, 14, 1, NULL, NULL),
(2470, 'X2356', 'THOLAI PATLA', 7, 15, 1, NULL, NULL),
(2471, 'X2364', 'patla', 7, 15, 1, NULL, NULL),
(2472, 'X2375', 'PATLA BOTHSIDE', 7, 15, 1, NULL, NULL),
(2473, 'C1001', 'thikai joypuri konkon soru', 8, 13, 1, NULL, NULL),
(2474, 'C1002', 'thikai joypuri konkon soru', 8, 15, 1, NULL, NULL),
(2475, 'C1003', 'thikai joypuri konkon soru', 8, 13, 1, NULL, NULL),
(2476, 'C1004', 'thikai joypuri konkon soru', 8, 13, 1, NULL, NULL),
(2477, 'C1005', 'thikai joypuri konkon soru', 8, 13, 1, NULL, NULL),
(2478, 'C1006', 'thikai joypuri konkon soru', 8, 13, 1, NULL, NULL),
(2479, 'C1007', 'thikai joypuri konkon soru', 8, 13, 1, NULL, NULL),
(2480, 'C1008', 'thikai joypuri konkon soru', 8, 13, 1, NULL, NULL),
(2481, 'C1009', 'thikai joypuri konkon soru', 8, 13, 1, NULL, NULL),
(2482, 'C1010', 'thikai joypuri konkon soru', 8, 13, 1, NULL, NULL),
(2483, 'C1011', 'Thokai Joypuri Mena Konkon Soru', 8, 14, 1, NULL, NULL),
(2484, 'C1012', 'Thokai Joypuri Mena Konkon Soru', 8, 14, 1, NULL, NULL),
(2485, 'C1013', 'Thokai Joypuri Mena Konkon Soru', 8, 14, 1, NULL, NULL),
(2486, 'C1014', 'Thokai Joypuri Mena Konkon Soru', 8, 14, 1, NULL, NULL),
(2487, 'C1015', 'Thokai Joypuri Mena Konkon Soru', 8, 14, 1, NULL, NULL),
(2488, 'C1016', 'Thokai Joypuri  Konkon Majhari', 8, 14, 1, NULL, NULL),
(2489, 'C1017', 'Thokai Joypuri  Konkon Majhari', 8, 14, 1, NULL, NULL),
(2490, 'C1018', 'Thokai Joypuri  Konkon Majhari', 8, 14, 1, NULL, NULL),
(2491, 'C1019', 'Thokai Joypuri  Konkon Majhari', 8, 14, 1, NULL, NULL),
(2492, 'C1020', 'Thokai Joypuri  Konkon Majhari', 8, 14, 1, NULL, NULL),
(2493, 'C1021', 'Thokai Joypuri Mina Konkon Majhari', 8, 15, 1, NULL, NULL),
(2494, 'C1022', 'Thokai Joypuri Mina Konkon Majhari', 8, 15, 1, NULL, NULL),
(2495, 'C1023', 'Thokai Joypuri Mina Konkon Majhari', 8, 15, 1, NULL, NULL),
(2496, 'C1024', 'Thokai Joypuri Mina Konkon Majhari', 8, 15, 1, NULL, NULL),
(2497, 'C1025', 'Thokai Konkon Majhari', 8, 15, 1, NULL, NULL),
(2498, 'C1026', 'Thokai Joypuri Konkon Chowrah', 8, 15, 1, NULL, NULL),
(2499, 'C1027', 'Thokai Joypuri Konkon Chowrah', 8, 15, 1, NULL, NULL),
(2500, 'C1028', 'Thokai Joypuri Konkon Chowrah', 8, 15, 1, NULL, NULL),
(2501, 'C1029', 'Thokai Joypuri Konkon Chowrah', 8, 15, 1, NULL, NULL),
(2502, 'C1030', 'Thokai Joypuri Konkon Chowrah', 8, 15, 1, NULL, NULL),
(2503, 'C1031', 'Thokai Joypuri Mina Konkon Chowrah', 8, 16, 1, NULL, NULL),
(2504, 'C1032', 'Thokai Joypuri Mina Konkon Chowrah', 8, 16, 1, NULL, NULL),
(2505, 'C1033', 'Thokai Joypuri Mina Konkon Chowrah', 8, 16, 1, NULL, NULL),
(2506, 'C1034', 'Thokai Joypuri Mina Konkon Chowrah', 8, 16, 1, NULL, NULL),
(2507, 'C1035', 'Thokai Joypuri Mina Konkon Chowrah', 8, 16, 1, NULL, NULL),
(2508, 'C1036', 'Thokai Kankan', 8, 15, 1, NULL, NULL),
(2509, 'C1037', 'Thokai Kankan', 8, 15, 1, NULL, NULL),
(2510, 'C1038', 'Kankan', 8, 15, 1, NULL, NULL),
(2511, 'C1039', 'Thokai Kankan', 8, 15, 1, NULL, NULL),
(2512, 'C1040', 'Kankan', 8, 15, 1, NULL, NULL),
(2513, 'C1041', 'Thokai dd Konkon Soru', 8, 15, 1, NULL, NULL),
(2514, 'C1042', 'Thokai dd Konkon Soru', 8, 15, 1, NULL, NULL),
(2515, 'C1043', 'Thokai dd Konkon Soru', 8, 15, 1, NULL, NULL),
(2516, 'C1044', 'Thokai dd Konkon Soru', 8, 15, 1, NULL, NULL),
(2517, 'C1045', 'Thokai dd Konkon Soru', 8, 15, 1, NULL, NULL),
(2518, 'C1046', 'Thokai dd Mina Konkon Soru', 8, 16, 1, NULL, NULL),
(2519, 'C1047', 'Thokai dd Mina Konkon Soru', 8, 16, 1, NULL, NULL),
(2520, 'C1048', 'Thokai dd Mina Konkon Soru', 8, 16, 1, NULL, NULL),
(2521, 'C1049', 'Thokai dd Mina Konkon Soru', 8, 16, 1, NULL, NULL),
(2522, 'C1050', 'Thokai dd Mina Konkon Soru', 8, 16, 1, NULL, NULL),
(2523, 'C1051', 'Thokai dd  Konkon Majhari', 8, 17, 1, NULL, NULL),
(2524, 'C1052', 'Thokai dd  Konkon Majhari', 8, 16, 1, NULL, NULL),
(2525, 'C1053', 'Thokai dd  Konkon Majhari', 8, 16, 1, NULL, NULL),
(2526, 'C1054', 'Thokai dd  Konkon Majhari', 8, 16, 1, NULL, NULL),
(2527, 'C1055', 'Thokai dd  Konkon Majhari', 8, 16, 1, NULL, NULL),
(2528, 'C1056', 'Thokai dd Mina Konkon Majhari', 8, 17, 1, NULL, NULL),
(2529, 'C1057', 'Thokai dd Mina Konkon Majhari', 8, 17, 1, NULL, NULL),
(2530, 'C1058', 'Thokai dd Mina Konkon Majhari', 8, 17, 1, NULL, NULL),
(2531, 'C1059', 'Thokai dd Mina Konkon Majhari', 8, 17, 1, NULL, NULL),
(2532, 'C1060', 'Thokai dd Mina Konkon Majhari', 8, 17, 1, NULL, NULL),
(2533, 'C1061', 'Thokai Kankan', 8, 17, 1, NULL, NULL),
(2534, 'C1062', 'Thokai Kankan', 8, 17, 1, NULL, NULL),
(2535, 'C1063', 'Thikai DD Konkon Chwrah', 8, 17, 1, NULL, NULL),
(2536, 'C1064', 'Thokai Kankan', 8, 17, 1, NULL, NULL),
(2537, 'C1065', 'Thokai Kankan', 8, 17, 1, NULL, NULL),
(2538, 'C1067', 'Thokai Joypuri Mina Konkon Chowrah', 8, 18, 1, NULL, NULL),
(2539, 'C1068', 'Thokai Joypuri Mina Konkon Chowrah', 8, 18, 1, NULL, NULL),
(2540, 'C1069', 'Thokai Joypuri Mina Konkon Chowrah', 8, 18, 1, NULL, NULL),
(2541, 'C1070', 'Thokai Joypuri Mina Konkon Chowrah', 8, 18, 1, NULL, NULL),
(2542, 'C1081', 'panching konkon soru', 8, 15, 1, NULL, NULL),
(2543, 'C1082', 'panching konkon soru', 8, 15, 1, NULL, NULL),
(2544, 'C1083', 'panching konkon soru', 8, 15, 1, NULL, NULL),
(2545, 'C1084', 'panching konkon soru', 8, 15, 1, NULL, NULL),
(2546, 'C1085', 'panching konkon soru', 8, 15, 1, NULL, NULL),
(2547, 'C1086', 'Panching Decaration Mina Konkon Soru', 8, 17, 1, NULL, NULL),
(2548, 'C1087', 'Panching Decaration Mina Konkon Soru', 8, 17, 1, NULL, NULL),
(2549, 'C1088', 'Panching Decaration Mina Konkon Soru', 8, 17, 1, NULL, NULL),
(2550, 'C1089', 'Panching Decaration Mina Konkon Soru', 8, 17, 1, NULL, NULL),
(2551, 'C1090', 'Panching Decaration Mina Konkon Soru', 8, 17, 1, NULL, NULL),
(2552, 'C1091', 'panching  konkon maghari', 8, 16, 1, NULL, NULL),
(2553, 'C1092', 'panching  konkon maghari', 8, 16, 1, NULL, NULL),
(2554, 'C1093', 'panching  konkon maghari', 8, 16, 1, NULL, NULL),
(2555, 'C1094', 'panching  konkon maghari', 8, 16, 1, NULL, NULL),
(2556, 'C1095', 'panching  konkon maghari', 8, 16, 1, NULL, NULL),
(2557, 'C1098', 'Panching Decaration Mina Konkon Maghari', 8, 18, 1, NULL, NULL),
(2558, 'C1101', 'Panching Konkon Chowrah', 8, 17, 1, NULL, NULL),
(2559, 'C1102', 'Panching Konkon Chowrah', 8, 17, 1, NULL, NULL),
(2560, 'C1103', 'Panching Konkon Chowrah', 8, 17, 1, NULL, NULL),
(2561, 'C1104', 'Panching Konkon Chowrah', 8, 17, 1, NULL, NULL),
(2562, 'C1105', 'Panching Konkon Chowrah', 8, 17, 1, NULL, NULL),
(2563, 'C1106', 'panching decaration mena konkon chowrah', 8, 19, 1, NULL, NULL),
(2564, 'C1107', 'panching decaration mena konkon chowrah', 8, 19, 1, NULL, NULL),
(2565, 'C1108', 'panching decaration mena konkon chowrah', 8, 19, 1, NULL, NULL),
(2566, 'C1109', 'panching decaration mena konkon chowrah', 8, 19, 1, NULL, NULL),
(2567, 'C1110', 'panching decaration mena konkon chowrah', 8, 14, 1, NULL, NULL),
(2568, 'C1201', 'Thokai dd Bijil Daya Konkon Majhari', 8, 18, 1, NULL, NULL),
(2569, 'C1202', 'Thokai dd Bijil Daya Konkon Majhari', 8, 18, 1, NULL, NULL),
(2570, 'C1203', 'Thokai dd Bijil Daya Konkon Majhari', 8, 18, 1, NULL, NULL),
(2571, 'C1204', 'Thokai dd Bijil Daya Konkon Majhari', 8, 18, 1, NULL, NULL),
(2572, 'C1205', 'Thokai dd Bijil Daya Konkon Majhari', 8, 18, 1, NULL, NULL),
(2573, 'C1206', 'Thokai dd Bijil Daya Mina Konkon Majhari', 8, 19, 1, NULL, NULL),
(2574, 'C1207', 'Thokai dd Bijil Daya Mina Konkon Majhari', 8, 19, 1, NULL, NULL),
(2575, 'C1208', 'Thokai dd Bijil Daya Mina Konkon Majhari', 8, 19, 1, NULL, NULL),
(2576, 'C1209', 'Thokai dd Bijil Daya Mina Konkon Majhari', 8, 19, 1, NULL, NULL),
(2577, 'C1210', 'Thokai dd Bijil Daya Mina Konkon Majhari', 8, 19, 1, NULL, NULL),
(2578, 'C1211', 'Thokai dd Bijil Daya Mina Konkon Majhari', 8, 19, 1, NULL, NULL),
(2579, 'C1212', 'Thokai dd Bijil Daya Mina Konkon Majhari', 8, 19, 1, NULL, NULL),
(2580, 'C1213', 'Thokai dd Bijil Daya Mina Konkon Majhari', 8, 19, 1, NULL, NULL),
(2581, 'C1214', 'Thokai dd Bijil Daya Mina Konkon Majhari', 8, 19, 1, NULL, NULL),
(2582, 'C1215', 'Thokai dd Bijil Daya Mina Konkon Majhari', 8, 19, 1, NULL, NULL),
(2583, 'C1216', 'Thokai dd Bijil Daya Mina Konkon Chowrah', 8, 20, 1, NULL, NULL),
(2584, 'C1217', 'Thokai dd Bijil Daya Mina Konkon Chowrah', 8, 20, 1, NULL, NULL),
(2585, 'C1218', 'Thokai dd Bijil Daya Mina Konkon Chowrah', 8, 20, 1, NULL, NULL),
(2586, 'C1219', 'Thokai dd Bijil Daya Mina Konkon Chowrah', 8, 20, 1, NULL, NULL),
(2587, 'C1220', 'Thokai dd Bijil Daya Mina Konkon Chowrah', 8, 20, 1, NULL, NULL),
(2588, 'C1221', 'Thokai Joypuri  Bijil Daya Konkon Majhari', 8, 17, 1, NULL, NULL),
(2589, 'C1222', 'Thokai Joypuri  Bijil Daya Konkon Majhari', 8, 17, 1, NULL, NULL),
(2590, 'C1223', 'Thokai Joypuri  Bijil Daya Konkon Majhari', 8, 17, 1, NULL, NULL),
(2591, 'C1224', 'Thokai Joypuri  Bijil Daya Konkon Majhari', 8, 17, 1, NULL, NULL),
(2592, 'C1225', 'Thokai Joypuri  Bijil Daya Konkon Majhari', 8, 17, 1, NULL, NULL),
(2593, 'C1226', 'Thokai Joypuri  Bijil Daya Konkon Majhari', 8, 18, 1, NULL, NULL),
(2594, 'C1227', 'Thokai Joypuri  Bijil Daya Konkon Majhari', 8, 18, 1, NULL, NULL),
(2595, 'C1228', 'Thokai Joypuri  Bijil Daya Konkon Majhari', 8, 18, 1, NULL, NULL),
(2596, 'C1229', 'Thokai Joypuri  Bijil Daya Konkon Majhari', 8, 18, 1, NULL, NULL),
(2597, 'C1230', 'Thokai Joypuri  Bijil Daya Konkon Majhari', 8, 18, 1, NULL, NULL),
(2598, 'C1231', 'Thokai Joypuri  Bijil Daya Konkon Majhari', 8, 18, 1, NULL, NULL),
(2599, 'C1232', 'Thokai Joypuri  Bijil Daya Konkon Majhari', 8, 18, 1, NULL, NULL),
(2600, 'C1233', 'Thokai Joypuri  Bijil Daya Konkon Majhari', 8, 18, 1, NULL, NULL),
(2601, 'C1234', 'Thokai Joypuri  Bijil Daya Konkon Majhari', 8, 18, 1, NULL, NULL),
(2602, 'C1235', 'Thokai Joypuri  Bijil Daya Konkon Majhari', 8, 18, 1, NULL, NULL),
(2603, 'C1236', 'Thokai Joypuri  Bijil Daya Mina Konkon Chowrah', 8, 19, 1, NULL, NULL),
(2604, 'C1237', 'Thokai Joypuri  Bijil Daya Mina Konkon Chowrah', 8, 19, 1, NULL, NULL),
(2605, 'C1238', 'Thokai Joypuri  Bijil Daya Mina Konkon Chowrah', 8, 19, 1, NULL, NULL),
(2606, 'C1239', 'Thokai Joypuri  Bijil Daya Mina Konkon Chowrah', 8, 19, 1, NULL, NULL),
(2607, 'C1240', 'Thokai Joypuri  Bijil Daya Mina Konkon Chowrah', 8, 19, 1, NULL, NULL),
(2608, 'C1601', 'thokai bangala konkon soru', 8, 13, 1, NULL, NULL),
(2609, 'C16010', 'thokai bangala konkon mena soru', 8, 14, 1, NULL, NULL),
(2610, 'C1602', 'thokai bangala konkon soru', 8, 13, 1, NULL, NULL),
(2611, 'C1603', 'thokai bangala konkon soru', 8, 13, 1, NULL, NULL),
(2612, 'C1604', 'thokai bangala konkon soru', 8, 13, 1, NULL, NULL),
(2613, 'C1605', 'thokai bangala konkon soru', 8, 13, 1, NULL, NULL),
(2614, 'C1606', 'thokai bangala konkon mena soru', 8, 14, 1, NULL, NULL),
(2615, 'C1607', 'thokai bangala konkon mena soru', 8, 14, 1, NULL, NULL),
(2616, 'C1608', 'thokai bangala konkon mena soru', 8, 14, 1, NULL, NULL),
(2617, 'C1609', 'thokai bangala konkon', 8, 15, 1, NULL, NULL),
(2618, 'C1610', 'thokai konkon majhari', 8, 15, 1, NULL, NULL),
(2619, 'C1611', 'thokai bangla konkon majhari', 8, 15, 1, NULL, NULL),
(2620, 'C1612', 'THOKAI KANKAN', 8, 14, 1, NULL, NULL),
(2621, 'C1613', 'thokai bangala konkon mena majhari', 8, 14, 1, NULL, NULL),
(2622, 'C1614', 'thokai bangala konkon mena majhari', 8, 14, 1, NULL, NULL),
(2623, 'C1615', 'thokai bangala konkon mena majhari', 8, 14, 1, NULL, NULL),
(2624, 'C1616', 'thokai bangala konkon mena maghari', 8, 15, 1, NULL, NULL),
(2625, 'C1617', 'thokai bangala konkon mena maghari', 8, 15, 1, NULL, NULL),
(2626, 'C1618', 'thokai bangala konkon mena maghari', 8, 15, 1, NULL, NULL),
(2627, 'C1619', 'thokai bangala konkon mena maghari', 8, 15, 1, NULL, NULL),
(2628, 'C1620', 'thokai bangala konkon mena maghari', 8, 15, 1, NULL, NULL),
(2629, 'C1621', 'thokai bangala konkon chowrah', 8, 15, 1, NULL, NULL),
(2630, 'C1622', 'thokai bangala konkon chowrah', 8, 15, 1, NULL, NULL),
(2631, 'C1623', 'thokai bangala konkon chowrah', 8, 15, 1, NULL, NULL),
(2632, 'C1624', 'thokai bangala konkon chowrah', 8, 15, 1, NULL, NULL),
(2633, 'C1625', 'thokai bangala konkon chowrah', 8, 15, 1, NULL, NULL),
(2634, 'C1626', 'thikai bangala konkon mena chowrah', 8, 16, 1, NULL, NULL),
(2635, 'C1627', 'thikai bangala konkon mena chowrah', 8, 16, 1, NULL, NULL),
(2636, 'C1628', 'thikai bangala konkon mena chowrah', 8, 15, 1, NULL, NULL),
(2637, 'C1629', 'thikai bangala konkon mena chowrah', 8, 16, 1, NULL, NULL),
(2638, 'C1630', 'thikai bangala konkon mena chowrah', 8, 16, 1, NULL, NULL),
(2639, 'C1631', 'Thokai Kankan', 8, 15, 1, NULL, NULL),
(2640, 'C1632', 'Thokai Kankan', 8, 15, 1, NULL, NULL),
(2641, 'C1633', 'kankan', 8, 14, 1, NULL, NULL),
(2642, 'C1635', 'thokai bangala konkon mena majhari', 8, 15, 1, NULL, NULL),
(2643, 'C1636', 'Thokai bangla mini konkon', 8, 15, 1, NULL, NULL),
(2644, 'C1637', 'thokai bangala mini konkon', 8, 15, 1, NULL, NULL),
(2645, 'C1638', 'Thokai bangala konkon mena majhari', 8, 13, 1, NULL, NULL),
(2646, 'C1639', 'thokai bangala konkon mena maghari', 8, 13, 1, NULL, NULL),
(2647, 'C1640', 'Thokai bangala konkon mena majhari', 8, 13, 1, NULL, NULL),
(2648, 'C1641', 'Thokai bangla konkon', 8, 13, 1, NULL, NULL),
(2649, 'C1642', 'thokai bangala mini mena konkon', 8, 14, 1, NULL, NULL),
(2650, 'C1646', 'KANKAN', 8, 14, 1, NULL, NULL),
(2651, 'C1647', 'THOKAI KANKAN', 8, 14, 1, NULL, NULL),
(2652, 'C1700', 'Kankan', 8, 18, 1, NULL, NULL),
(2653, 'M1066', 'Thikai DD mena konkon chwrah', 8, 18, 1, NULL, NULL),
(2654, 'N0101', 'noa', 9, 9, 1, NULL, NULL),
(2655, 'N0102', 'noa', 9, 9, 1, NULL, NULL),
(2656, 'N0103', 'noa', 9, 9, 1, NULL, NULL),
(2657, 'N0104', 'noa', 9, 9, 1, NULL, NULL),
(2658, 'N0105', 'noa', 9, 8, 1, NULL, NULL),
(2659, 'N0106', 'noa', 9, 9, 1, NULL, NULL),
(2660, 'N0107', 'noa', 9, 9, 1, NULL, NULL),
(2661, 'N0108', 'noa', 9, 9, 1, NULL, NULL),
(2662, 'N0109', 'noa', 9, 8, 1, NULL, NULL),
(2663, 'N0110', 'noa', 9, 9, 1, NULL, NULL),
(2664, 'X0003', 'SAMPLE', 9, 6, 1, NULL, NULL),
(2665, 'X0004', 'Sample', 9, 24, 1, NULL, NULL),
(2666, 'X0005', 'Sample', 9, 24, 1, NULL, NULL),
(2667, 'X0006', 'taser khal churi soru', 9, 20, 1, NULL, NULL),
(2668, 'X0007', 'KANKAN', 9, 14, 1, NULL, NULL),
(2669, 'X0008', 'Sample', 9, 13, 1, NULL, NULL),
(2670, 'X0009', 'Xsample', 9, 6, 1, NULL, NULL),
(2671, 'X0010', 'Half round churi', 9, 6, 1, NULL, NULL),
(2672, 'X0011', '3 tarar baki churi', 9, 17, 1, NULL, NULL),
(2673, 'X0012', 'Xsample', 9, 17, 1, NULL, NULL),
(2674, 'X0013', 'Xsample', 9, 8, 1, NULL, NULL),
(2675, 'X0014', 'Xsample', 9, 15, 1, NULL, NULL),
(2676, 'X0015', 'Xsample', 9, 17, 1, NULL, NULL),
(2677, 'X0016', 'Xsample', 9, 7, 1, NULL, NULL),
(2678, 'X0017', 'Xsample', 9, 11, 1, NULL, NULL),
(2679, 'X0018', 'Xsample', 9, 16, 1, NULL, NULL),
(2680, 'X0019', 'Xsample', 9, 6, 1, NULL, NULL),
(2681, 'X0020', 'Xsample', 9, 15, 1, NULL, NULL),
(2682, 'X0021', 'Xsample', 9, 14, 1, NULL, NULL),
(2683, 'X0022', 'Xsample', 9, 13, 1, NULL, NULL),
(2684, 'X0023', 'XSample', 9, 11, 1, NULL, NULL),
(2685, 'X0024', 'XSample', 9, 14, 1, NULL, NULL),
(2686, 'X0025', 'XSample', 9, 6, 1, NULL, NULL),
(2687, 'X0026', 'Sample', 9, 15, 1, NULL, NULL),
(2688, 'X0027', 'Xsample', 9, 22, 1, NULL, NULL),
(2689, 'X0028', 'Xsample', 9, 14, 1, NULL, NULL),
(2690, 'X0029', 'XSample', 9, 24, 1, NULL, NULL),
(2691, 'X0030', 'XSample', 9, 7, 1, NULL, NULL),
(2692, 'X0031', 'XSample', 9, 24, 1, NULL, NULL),
(2693, 'X0032', 'XSample', 9, 24, 1, NULL, NULL),
(2694, 'X0034', 'XSample', 9, 13, 1, NULL, NULL),
(2695, 'X0035', 'XSample', 9, 15, 1, NULL, NULL),
(2696, 'X0036', 'XSample', 9, 7, 1, NULL, NULL),
(2697, 'X0037', 'sample', 9, 14, 1, NULL, NULL),
(2698, 'X0038', 'Xsample', 9, 7, 1, NULL, NULL),
(2699, 'X0039', 'Xsample', 9, 7, 1, NULL, NULL),
(2700, 'X0041', 'Xsample', 9, 14, 1, NULL, NULL),
(2701, 'X0050', 'X sample', 9, 8, 1, NULL, NULL),
(2702, 'X0052', 'Xsample', 9, 18, 1, NULL, NULL),
(2703, 'X0053', 'Xsample', 9, 18, 1, NULL, NULL),
(2704, 'X0054', 'Xsample', 9, 18, 1, NULL, NULL),
(2705, 'X0055', 'Xsample', 9, 18, 1, NULL, NULL),
(2706, 'X0056', 'Xsample', 9, 18, 1, NULL, NULL),
(2707, 'X0057', 'Xsample', 9, 22, 1, NULL, NULL),
(2708, 'X1500', 'SAMPLE', 9, 8, 1, NULL, NULL),
(2709, 'X4000', 'New Model', 9, 14, 1, NULL, NULL),
(2710, 'X4001', 'New Model', 9, 14, 1, NULL, NULL),
(2711, 'M0021', 'Mina Thokai Churi Soru', 10, 7, 1, NULL, NULL),
(2712, 'M0071', 'Thokai bangal mena churi majari', 10, 8, 1, NULL, NULL),
(2713, 'M0261', 'Thokai dd mena churi majhari', 10, 7, 1, NULL, NULL),
(2714, 'M0263', 'Thokai dd mena churi majhari', 10, 7, 1, NULL, NULL),
(2715, 'M0264', 'Mina Churi', 10, 7, 1, NULL, NULL),
(2716, 'M0265', 'Thokai dd mena churi majhari', 10, 7, 1, NULL, NULL),
(2717, 'M0266', 'Thokai dd Mina Churi Majhari', 10, 7, 1, NULL, NULL),
(2718, 'M0281', 'Thokai dd mena churi chowrah', 10, 8, 1, NULL, NULL),
(2719, 'M0282', 'Thokai dd mena churi chowrah', 10, 8, 1, NULL, NULL),
(2720, 'M0283', 'Thokai dd mena churi chowrah', 10, 8, 1, NULL, NULL),
(2721, 'M0284', 'Thokai dd mena churi chowrah', 10, 8, 1, NULL, NULL),
(2722, 'M0285', 'Thokai dd mena churi chowrah', 10, 8, 1, NULL, NULL),
(2723, 'M0286', 'Thokai dd mena churi chowrah', 10, 8, 1, NULL, NULL),
(2724, 'M0287', 'Thokai dd mena churi chowrah', 10, 8, 1, NULL, NULL),
(2725, 'M0288', 'Thokai dd mena churi chowrah', 10, 8, 1, NULL, NULL),
(2726, 'M0289', 'Thokai dd mena churi chowrah', 10, 8, 1, NULL, NULL),
(2727, 'M0290', 'Thokai dd mena churi chowrah', 10, 8, 1, NULL, NULL),
(2728, 'M0361', 'Thokai joypuri meena churi majhari', 10, 9, 1, NULL, NULL),
(2729, 'M0362', 'Thokai joypuri meena churi maghari', 10, 8, 1, NULL, NULL),
(2730, 'M0364', 'Thokai joypuri meena churi majhari', 10, 9, 1, NULL, NULL),
(2731, 'M0366', 'Thokai joypuri meena churi majhari', 10, 9, 1, NULL, NULL),
(2732, 'M0367', 'Thokai joypuri meena churi maghari', 10, 9, 1, NULL, NULL),
(2733, 'M0386', 'Thokai joypuri meena churi chowrah', 10, 8, 1, NULL, NULL),
(2734, 'M0421', 'flat panching mena churi soru', 10, 14, 1, NULL, NULL),
(2735, 'M0423', 'Flat Panching Meena Churi Soru', 10, 14, 1, NULL, NULL),
(2736, 'M0424', 'Flat Panching Meena Churi Soru', 10, 14, 1, NULL, NULL),
(2737, 'M0425', 'Flat Panching Mena Churi Soru', 10, 14, 1, NULL, NULL),
(2738, 'M0426', 'Flat Panching Meena Churi Soru', 10, 14, 1, NULL, NULL),
(2739, 'M0427', 'Flat Panching Meena Churi Soru', 10, 14, 1, NULL, NULL),
(2740, 'M0428', 'Flat Panching Meena Churi Soru', 10, 14, 1, NULL, NULL),
(2741, 'M0429', 'flat panching mena churi soru', 10, 14, 1, NULL, NULL),
(2742, 'M0461', 'flat panching mena churi majhari ', 10, 15, 1, NULL, NULL),
(2743, 'M0464', 'Flat Panching Meena Churi Majhari ', 10, 15, 1, NULL, NULL),
(2744, 'M0465', 'Flat Panching Meena Churi Majhari ', 10, 15, 1, NULL, NULL),
(2745, 'M0543', 'Half round panching mena churi maghari', 10, 15, 1, NULL, NULL),
(2746, 'M0646', 'Machin chala khal panching mena decaration mini bowti maghari', 10, 13, 1, NULL, NULL),
(2747, 'M2026', '13MM panching mina patla', 10, 16, 1, NULL, NULL),
(2748, 'X0282', 'Both Side Thokai dd mena churi chowrah', 10, 9, 1, NULL, NULL),
(2749, 'F0312', 'fancy noa', 11, 21, 1, NULL, NULL),
(2750, 'H1831', 'HOLLOW', 11, 21, 1, NULL, NULL),
(2751, 'H1832', 'HOLLO', 11, 21, 1, NULL, NULL),
(2752, 'H1833', 'HOLO', 11, 21, 1, NULL, NULL),
(2753, 'H1986', 'HOLLOW', 11, 22, 1, NULL, NULL),
(2754, 'H2102', 'Hollow', 11, 21, 1, NULL, NULL),
(2755, 'H2103', 'Hollow', 11, 21, 1, NULL, NULL),
(2756, 'H2104', 'HOLLOW', 11, 21, 1, NULL, NULL),
(2757, 'H2105', 'HOLLOW', 11, 21, 1, NULL, NULL),
(2758, 'H2106', 'HOLLOW', 11, 21, 1, NULL, NULL),
(2759, 'H1702', 'Holo 3MM Churi', 12, 9, 1, NULL, NULL),
(2760, 'H1703', 'Holo 3MM Churi', 12, 9, 1, NULL, NULL),
(2761, 'H1704', 'Holo 3MM Churi', 12, 9, 1, NULL, NULL),
(2762, 'H1705', 'Holo 3MM Churi', 12, 9, 1, NULL, NULL),
(2763, 'H1706', 'Holo 3MM Churi', 12, 9, 1, NULL, NULL),
(2764, 'H1707', 'Holo 3MM Churi', 12, 9, 1, NULL, NULL),
(2765, 'H1708', 'Holo 3MM Churi', 12, 9, 1, NULL, NULL),
(2766, 'H1709', 'Holo 3MM Churi', 12, 9, 1, NULL, NULL),
(2767, 'H1710', 'Holo 3MM Churi', 12, 9, 1, NULL, NULL),
(2768, 'H1711', 'Holo 3MM Churi', 12, 10, 1, NULL, NULL),
(2769, 'H1712', 'Holo 3MM Churi', 12, 10, 1, NULL, NULL),
(2770, 'H1713', 'Holo 3MM Churi', 12, 10, 1, NULL, NULL),
(2771, 'H1714', 'Holo 3MM Churi', 12, 10, 1, NULL, NULL),
(2772, 'H1715', 'Holo 3MM Churi', 12, 10, 1, NULL, NULL),
(2773, 'H1716', 'Holo 3MM Churi', 12, 10, 1, NULL, NULL),
(2774, 'H1717', 'Holo 3MM Churi', 12, 10, 1, NULL, NULL),
(2775, 'H1718', 'Holo 3MM Churi', 12, 10, 1, NULL, NULL),
(2776, 'H1719', 'Holo 3MM Churi', 12, 10, 1, NULL, NULL),
(2777, 'H1720', 'Holo 3MM Churi', 12, 10, 1, NULL, NULL),
(2778, 'H1721', 'Holo 3MM Decaration Mina Churi', 12, 11, 1, NULL, NULL),
(2779, 'H1722', 'Holo 3MM Decaration Mina Churi', 12, 11, 1, NULL, NULL),
(2780, 'H1723', 'Holo 3MM Decaration Mina Churi', 12, 11, 1, NULL, NULL),
(2781, 'H1724', 'Holo 3MM Decaration Mina Churi', 12, 11, 1, NULL, NULL),
(2782, 'H1725', 'Holo 3MM Decaration Mina Churi', 12, 11, 1, NULL, NULL),
(2783, 'H1726', 'Holo 3MM Decaration Mina Churi', 12, 11, 1, NULL, NULL),
(2784, 'H1727', 'Holo 3MM Decaration Mina Churi', 12, 11, 1, NULL, NULL),
(2785, 'H1728', 'Holo 3MM Decaration Mina Churi', 12, 11, 1, NULL, NULL),
(2786, 'H1729', 'Holo 3MM Decaration Mina Churi', 12, 11, 1, NULL, NULL),
(2787, 'H1730', 'Holo 3MM Decaration Mina Churi', 12, 11, 1, NULL, NULL),
(2788, 'H1734', 'Holo 4MM Churi', 12, 10, 1, NULL, NULL),
(2789, 'H1735', 'Holo 4MM Churi', 12, 10, 1, NULL, NULL),
(2790, 'H1736', 'Holo 4MM Churi', 12, 10, 1, NULL, NULL),
(2791, 'H1737', 'Holo 4MM Churi', 12, 10, 1, NULL, NULL),
(2792, 'H1738', 'Holo 4MM Churi', 12, 10, 1, NULL, NULL),
(2793, 'H1739', 'Holo 4MM Churi', 12, 10, 1, NULL, NULL),
(2794, 'H1740', 'Holo 4MM Churi', 12, 10, 1, NULL, NULL),
(2795, 'H1741', 'Holo 4MM Churi', 12, 10, 1, NULL, NULL),
(2796, 'H1742', 'Holo 4MM Churi', 12, 10, 1, NULL, NULL),
(2797, 'H1743', 'Holo 4MM Churi', 12, 10, 1, NULL, NULL),
(2798, 'H1744', 'Holo 4MM Decaration Churi', 12, 11, 1, NULL, NULL),
(2799, 'H1745', 'Holo 4MM Decaration Churi', 12, 11, 1, NULL, NULL),
(2800, 'H1746', 'Holo 4MM Decaration Churi', 12, 11, 1, NULL, NULL),
(2801, 'H1747', 'Holo 4MM Decaration Churi', 12, 11, 1, NULL, NULL),
(2802, 'H1748', 'Holo 4MM Decaration Churi', 12, 11, 1, NULL, NULL),
(2803, 'H1749', 'Holo 4MM Decaration Churi', 12, 11, 1, NULL, NULL),
(2804, 'H1750', 'Holo 4MM Decaration Churi', 12, 11, 1, NULL, NULL),
(2805, 'H1751', 'Holo 4MM Decaration Churi', 12, 11, 1, NULL, NULL),
(2806, 'H1752', 'Holo 4MM Decaration Churi', 12, 11, 1, NULL, NULL),
(2807, 'H1753', 'Holo 4MM Decaration Churi', 12, 11, 1, NULL, NULL),
(2808, 'H1754', 'Holo 4MM Decaration Mina churi', 12, 12, 1, NULL, NULL),
(2809, 'H1755', 'Holo 4MM Decaration Mina churi', 12, 12, 1, NULL, NULL),
(2810, 'H1756', 'Holo 4MM Decaration Mina churi', 12, 12, 1, NULL, NULL),
(2811, 'H1757', 'Holo 4MM Decaration Mina churi', 12, 12, 1, NULL, NULL),
(2812, 'H1758', 'Holo 4MM Decaration Mina churi', 12, 12, 1, NULL, NULL),
(2813, 'H1759', 'Holo 4MM Decaration Mina churi', 12, 12, 1, NULL, NULL),
(2814, 'H1760', 'Holo 4MM Decaration Mina churi', 12, 12, 1, NULL, NULL),
(2815, 'H1761', 'Holo 4MM Decaration Mina churi', 12, 12, 1, NULL, NULL),
(2816, 'H1762', 'Holo 4MM Decaration Mina churi', 12, 12, 1, NULL, NULL),
(2817, 'H1763', 'Holo 4MM Decaration Mina churi', 12, 12, 1, NULL, NULL),
(2818, 'H1767', 'Holo 5MM Churi', 12, 11, 1, NULL, NULL),
(2819, 'H1768', 'Holo 5MM Churi', 12, 11, 1, NULL, NULL),
(2820, 'H1769', 'Holo 5MM Churi', 12, 11, 1, NULL, NULL),
(2821, 'H1770', 'Holo 5MM Churi', 12, 11, 1, NULL, NULL),
(2822, 'H1771', 'Holo 5MM Churi', 12, 11, 1, NULL, NULL),
(2823, 'H1772', 'Holo 5MM Churi', 12, 11, 1, NULL, NULL),
(2824, 'H1773', 'Holo 5MM Churi', 12, 11, 1, NULL, NULL),
(2825, 'H1774', 'Holo 5MM Churi', 12, 11, 1, NULL, NULL),
(2826, 'H1775', 'Holo 5MM Churi', 12, 11, 1, NULL, NULL),
(2827, 'H1776', 'Holo 3MM Churi', 12, 11, 1, NULL, NULL),
(2828, 'H1777', 'Holo 5MM Decaration Churi', 12, 12, 1, NULL, NULL),
(2829, 'H1778', 'Holo 5MM Decaration Churi', 12, 12, 1, NULL, NULL),
(2830, 'H1779', 'Holo 5MM Decaration Churi', 12, 12, 1, NULL, NULL),
(2831, 'H1780', 'Holo 5MM Decaration Churi', 12, 12, 1, NULL, NULL),
(2832, 'H1781', 'Holo 5MM Decaration Churi', 12, 12, 1, NULL, NULL),
(2833, 'H1782', 'Holo 5MM Decaration Churi', 12, 12, 1, NULL, NULL),
(2834, 'H1783', 'Holo 5MM Decaration Churi', 12, 12, 1, NULL, NULL),
(2835, 'H1784', 'Holo 5MM Decaration Churi', 12, 12, 1, NULL, NULL),
(2836, 'H1785', 'Holo 5MM Decaration Churi', 12, 12, 1, NULL, NULL),
(2837, 'H1786', 'Holo 5MM Decaration Churi', 12, 12, 1, NULL, NULL),
(2838, 'H1787', 'Holo 5MM Decaration Mina Churi', 12, 13, 1, NULL, NULL),
(2839, 'H1788', 'Holo 5MM Decaration Mina Churi', 12, 13, 1, NULL, NULL),
(2840, 'H1789', 'Holo 5MM Decaration Mina Churi', 12, 13, 1, NULL, NULL),
(2841, 'H1790', 'Holo 5MM Decaration Mina Churi', 12, 13, 1, NULL, NULL),
(2842, 'H1791', 'Holo 5MM Decaration Mina Churi', 12, 13, 1, NULL, NULL),
(2843, 'H1792', 'Holo 5MM Decaration Mina Churi', 12, 13, 1, NULL, NULL),
(2844, 'H1793', 'Holo 5MM Decaration Mina Churi', 12, 13, 1, NULL, NULL),
(2845, 'H1794', 'Holo 5MM Decaration Mina Churi', 12, 13, 1, NULL, NULL),
(2846, 'H1795', 'Holo 5MM Decaration Mina Churi', 12, 13, 1, NULL, NULL),
(2847, 'H1796', 'Holo 5MM Decaration Mina Churi', 12, 13, 1, NULL, NULL),
(2848, 'H1801', 'Holo 6MM Churi', 12, 21, 1, NULL, NULL),
(2849, 'H1802', 'Holo 6MM Churi', 12, 21, 1, NULL, NULL),
(2850, 'H1803', 'Holo 6MM Churi', 12, 21, 1, NULL, NULL),
(2851, 'H1804', 'Holo 6MM Churi', 12, 21, 1, NULL, NULL),
(2852, 'H1805', 'Holo 6MM Churi', 12, 21, 1, NULL, NULL),
(2853, 'H1806', 'Holo 6MM Churi', 12, 22, 1, NULL, NULL),
(2854, 'H1807', 'Holo 6MM Churi', 12, 21, 1, NULL, NULL),
(2855, 'H1808', 'Holo 6MM Churi', 12, 21, 1, NULL, NULL),
(2856, 'H1809', 'Holo 6MM Churi', 12, 21, 1, NULL, NULL),
(2857, 'H1810', 'Holo 6MM Churi', 12, 21, 1, NULL, NULL),
(2858, 'H1811', 'Holo 6MM Decaration Mina Churi', 12, 21, 1, NULL, NULL),
(2859, 'H1812', 'Holo 6MM Decaration Churi', 12, 21, 1, NULL, NULL),
(2860, 'H1813', 'Holo 6MM Decaration Churi', 12, 21, 1, NULL, NULL),
(2861, 'H1814', 'Holo 6MM Decaration Churi', 12, 21, 1, NULL, NULL),
(2862, 'H1815', 'Holo 6MM Decaration Churi', 12, 21, 1, NULL, NULL),
(2863, 'H1816', 'Holo 6MM Decaration Churi', 12, 21, 1, NULL, NULL),
(2864, 'H1817', 'Holo 6MM Decaration Churi', 12, 21, 1, NULL, NULL),
(2865, 'H1818', 'Holo 6MM Decaration Churi', 12, 21, 1, NULL, NULL),
(2866, 'H1819', 'Holo 6MM Decaration Churi', 12, 21, 1, NULL, NULL),
(2867, 'H1820', 'Holo 6MM Decaration Churi', 12, 21, 1, NULL, NULL),
(2868, 'H1821', 'Holo 6MM Decaration Mina Churi', 12, 21, 1, NULL, NULL),
(2869, 'H1822', 'Holo 6MM Decaration Mina Churi', 12, 22, 1, NULL, NULL),
(2870, 'H1823', 'Holo 6MM Decaration Mina Churi', 12, 21, 1, NULL, NULL),
(2871, 'H1824', 'Holo 6MM Decaration Mina Churi', 12, 21, 1, NULL, NULL),
(2872, 'H1825', 'Holo 6MM Decaration Mina Churi', 12, 21, 1, NULL, NULL),
(2873, 'H1826', 'Holo 6MM Decaration Mina Churi', 12, 21, 1, NULL, NULL),
(2874, 'H1827', 'Holo 6MM Decaration Mina Churi', 12, 21, 1, NULL, NULL),
(2875, 'H1828', 'Holo 6MM Decaration Mina Churi', 12, 21, 1, NULL, NULL),
(2876, 'H1829', 'Holo 6MM Decaration Mina Churi', 12, 21, 1, NULL, NULL),
(2877, 'H1830', 'Holo 6MM Decaration Mina Churi', 12, 21, 1, NULL, NULL),
(2878, 'H1834', 'Holo 7MM Churi', 12, 21, 1, NULL, NULL),
(2879, 'H1835', 'Holo 7MM Churi', 12, 21, 1, NULL, NULL),
(2880, 'H1836', 'Holo 7MM Churi', 12, 21, 1, NULL, NULL),
(2881, 'H1837', 'Holo 7MM Churi', 12, 21, 1, NULL, NULL),
(2882, 'H1838', 'Holo 7MM Churi', 12, 21, 1, NULL, NULL),
(2883, 'H1839', 'Holo 7MM Churi', 12, 21, 1, NULL, NULL),
(2884, 'H1841', 'Holo 7MM Churi', 12, 21, 1, NULL, NULL),
(2885, 'H1842', 'Holo 7MM Churi', 12, 21, 1, NULL, NULL),
(2886, 'H1843', 'Holo 7MM Churi', 12, 21, 1, NULL, NULL),
(2887, 'H1844', 'Holo 7MM Decaration Churi', 12, 21, 1, NULL, NULL),
(2888, 'H1845', 'Holo 7MM Decaration Churi', 12, 21, 1, NULL, NULL),
(2889, 'H1846', 'Holo 7MM Decaration Churi', 12, 21, 1, NULL, NULL),
(2890, 'H1847', 'Holo 7MM Decaration Churi', 12, 21, 1, NULL, NULL),
(2891, 'H1848', 'Holo 7MM Decaration Churi', 12, 21, 1, NULL, NULL),
(2892, 'H1849', 'Holo 7MM Decaration Churi', 12, 21, 1, NULL, NULL),
(2893, 'H1850', 'Holo 7MM Decaration Churi', 12, 21, 1, NULL, NULL),
(2894, 'H1851', 'Holo 7MM Decoration Churi', 12, 22, 1, NULL, NULL),
(2895, 'H1852', 'Holo 7MM Decaration Churi', 12, 21, 1, NULL, NULL),
(2896, 'H1853', 'Holo 7MM Decaration Churi', 12, 21, 1, NULL, NULL),
(2897, 'H1854', 'Holo 7MM Decaration Mina Churi', 12, 21, 1, NULL, NULL),
(2898, 'H1855', 'Holo 7MM Decaration Mina Churi', 12, 22, 1, NULL, NULL),
(2899, 'H1856', 'Holo 7MM Decaration Mina Churi', 12, 22, 1, NULL, NULL),
(2900, 'H1857', 'Holo 7MM Decaration Mina Churi', 12, 22, 1, NULL, NULL),
(2901, 'H1858', 'Holo 7MM Decaration Mina Churi', 12, 22, 1, NULL, NULL),
(2902, 'H1859', 'Holo 7MM Decaration Mina Churi', 12, 22, 1, NULL, NULL),
(2903, 'H1860', 'Holo 7MM Decaration Mina Churi', 12, 22, 1, NULL, NULL),
(2904, 'H1861', 'Holo 7MM Decaration Mina Churi', 12, 22, 1, NULL, NULL),
(2905, 'H1862', 'Holo 7MM Decaration Mina Churi', 12, 21, 1, NULL, NULL),
(2906, 'H1863', 'Holo 7MM Decaration Mina Churi', 12, 21, 1, NULL, NULL),
(2907, 'H1867', 'Holo 8MM Churi', 12, 21, 1, NULL, NULL),
(2908, 'H1868', 'Holo 8MM Churi', 12, 21, 1, NULL, NULL),
(2909, 'H1869', 'Holo 8MM Churi', 12, 21, 1, NULL, NULL),
(2910, 'H1870', 'Holo 8MM Churi', 12, 21, 1, NULL, NULL),
(2911, 'H1871', 'Holo 8MM Churi', 12, 21, 1, NULL, NULL),
(2912, 'H1872', 'Holo 8MM Churi', 12, 21, 1, NULL, NULL),
(2913, 'H1873', 'Holo 8MM Churi', 12, 21, 1, NULL, NULL),
(2914, 'H1874', 'Holo 8MM Churi', 12, 21, 1, NULL, NULL),
(2915, 'H1875', 'Holo 8MM Churi', 12, 21, 1, NULL, NULL),
(2916, 'H1876', 'Holo 8MM Churi', 12, 21, 1, NULL, NULL),
(2917, 'H1877', 'Holo 8MM Decaration  Churi', 12, 21, 1, NULL, NULL),
(2918, 'H1878', 'Holo 8MM Decaration  Churi', 12, 22, 1, NULL, NULL),
(2919, 'H1879', 'Holo 8MM Decaration  Churi', 12, 22, 1, NULL, NULL),
(2920, 'H1880', 'Holo 8MM Decaration  Churi', 12, 22, 1, NULL, NULL),
(2921, 'H1881', 'Holo 8MM Decaration  Churi', 12, 22, 1, NULL, NULL),
(2922, 'H1882', 'Holo 8MM Decaration  Churi', 12, 21, 1, NULL, NULL),
(2923, 'H1883', 'Holo 8MM Decaration  Churi', 12, 22, 1, NULL, NULL),
(2924, 'H1884', 'Holo 8MM Decaration Mina Churi', 12, 22, 1, NULL, NULL),
(2925, 'H1885', 'Holo 8MM Decaration  Churi', 12, 22, 1, NULL, NULL),
(2926, 'H1886', 'Holo 8MM Decaration  Churi', 12, 22, 1, NULL, NULL),
(2927, 'H1887', 'Holo 8 M.M.Decoration Mina Churi', 12, 22, 1, NULL, NULL),
(2928, 'H1888', 'Holo 8MM Decaration Mina  churi', 12, 22, 1, NULL, NULL),
(2929, 'H1889', 'Holo 8MM Decaration Mina  churi', 12, 22, 1, NULL, NULL),
(2930, 'H1890', 'Holo 8MM Decaration Mina  churi', 12, 22, 1, NULL, NULL),
(2931, 'H1891', 'Holo 8MM Decaration Mina  churi', 12, 22, 1, NULL, NULL),
(2932, 'H1892', 'Holo 8MM Decaration Mina  churi', 12, 22, 1, NULL, NULL),
(2933, 'H1893', 'Holo 8MM Decaration Mina  churi', 12, 22, 1, NULL, NULL),
(2934, 'H1894', 'Holo 8MM Decaration Mina  churi', 12, 22, 1, NULL, NULL),
(2935, 'H1895', 'Holo 8MM Decaration Mina  churi', 12, 22, 1, NULL, NULL),
(2936, 'H1896', 'Holo 8MM Decaration Mina  churi', 12, 22, 1, NULL, NULL),
(2937, 'H1897', 'Holo 8MM Decaration Mina  churi', 12, 22, 1, NULL, NULL),
(2938, 'H1898', 'Holo 9MM Decaration Mina  Churi', 12, 22, 1, NULL, NULL),
(2939, 'H1899', 'Holo 9MM Decaration Mina  Churi', 12, 22, 1, NULL, NULL),
(2940, 'H1901', 'Holo 9MM Churi', 12, 22, 1, NULL, NULL),
(2941, 'H1902', 'Holo 9MM Churi', 12, 22, 1, NULL, NULL),
(2942, 'H1903', 'Holo 9MM Churi', 12, 22, 1, NULL, NULL),
(2943, 'H1904', 'Holo 9MM Churi', 12, 22, 1, NULL, NULL),
(2944, 'H1905', 'Holo 9MM Churi', 12, 22, 1, NULL, NULL),
(2945, 'H1906', 'Holo 9MM Churi', 12, 22, 1, NULL, NULL),
(2946, 'H1907', 'Holo 9MM Churi', 12, 22, 1, NULL, NULL),
(2947, 'H1908', 'Holo 9MM Churi', 12, 22, 1, NULL, NULL),
(2948, 'H1909', 'Holo 9MM Churi', 12, 21, 1, NULL, NULL),
(2949, 'H1910', 'Holo 9MM Churi', 12, 22, 1, NULL, NULL),
(2950, 'H1911', 'Holo 9MM Decoration  Churi', 12, 22, 1, NULL, NULL),
(2951, 'H1912', 'Holo 9MM Decaration  Churi', 12, 22, 1, NULL, NULL),
(2952, 'H1913', 'Holo 9MM Decaration  Churi', 12, 22, 1, NULL, NULL),
(2953, 'H1914', 'Holo 9MM Decaration  Churi', 12, 22, 1, NULL, NULL),
(2954, 'H1915', 'Holo 9MM Decaration  Churi', 12, 22, 1, NULL, NULL),
(2955, 'H1916', 'Holo 9MM Decaration  Churi', 12, 22, 1, NULL, NULL),
(2956, 'H1917', 'Holo 9MM Decaration  Churi', 12, 22, 1, NULL, NULL),
(2957, 'H1918', 'Holo 9MM Decaration  Churi', 12, 22, 1, NULL, NULL),
(2958, 'H1919', 'Holo 9MM Decoration  Churi', 12, 22, 1, NULL, NULL),
(2959, 'H1920', 'Holo 9MM Decoration  Churi', 12, 22, 1, NULL, NULL),
(2960, 'H1921', 'Holo 9MM Decaration Mina  Churi', 12, 22, 1, NULL, NULL),
(2961, 'H1922', 'Holo 9MM Decoration  Churi', 12, 22, 1, NULL, NULL),
(2962, 'H1923', 'Holo 9MM Decaration Mina  Churi', 12, 22, 1, NULL, NULL),
(2963, 'H1924', 'Holo 9MM Decaration Mina  Churi', 12, 22, 1, NULL, NULL),
(2964, 'H1925', 'Holo 9MM Decaration Mina  Churi', 12, 22, 1, NULL, NULL),
(2965, 'H1926', 'Holo 9MM Decaration Mina  Churi', 12, 22, 1, NULL, NULL),
(2966, 'H1927', 'Holo 9MM Decaration Mina  Churi', 12, 22, 1, NULL, NULL),
(2967, 'H1928', 'Holo 9MM Decaration Mina  Churi', 12, 22, 1, NULL, NULL),
(2968, 'H1929', 'Holo 9MM Decaration Mina  Churi', 12, 22, 1, NULL, NULL),
(2969, 'H1930', 'Holo 9MM Decaration Mina  Churi', 12, 22, 1, NULL, NULL),
(2970, 'H1931', 'Holo 9MM Decaration Mina  Churi', 12, 22, 1, NULL, NULL),
(2971, 'H1932', 'Holo 10MM Churi', 12, 22, 1, NULL, NULL),
(2972, 'H1933', 'Holo 10MM Churi', 12, 22, 1, NULL, NULL),
(2973, 'H1934', 'Holo 10MM Churi', 12, 22, 1, NULL, NULL),
(2974, 'H1935', 'Holo 10MM Churi', 12, 22, 1, NULL, NULL),
(2975, 'H1936', 'Holo 10MM Churi', 12, 22, 1, NULL, NULL),
(2976, 'H1937', 'Holo 10MM Churi', 12, 22, 1, NULL, NULL),
(2977, 'H1938', 'Holo 10MM Churi', 12, 22, 1, NULL, NULL),
(2978, 'H1939', 'Holo 10MM Churi', 12, 22, 1, NULL, NULL),
(2979, 'H1940', 'Holo 10MM Churi', 12, 22, 1, NULL, NULL);

-- --------------------------------------------------------

--
-- Table structure for table `product_categories`
--

CREATE TABLE `product_categories` (
  `id` bigint UNSIGNED NOT NULL,
  `category_name` varchar(255) CHARACTER SET utf8mb4 COLLATE utf8mb4_unicode_ci NOT NULL,
  `nforced` tinyint NOT NULL DEFAULT '1',
  `created_at` timestamp NULL DEFAULT NULL,
  `updated_at` timestamp NULL DEFAULT NULL
) ENGINE=InnoDB DEFAULT CHARSET=utf8mb4 COLLATE=utf8mb4_unicode_ci;

--
-- Dumping data for table `product_categories`
--

INSERT INTO `product_categories` (`id`, `category_name`, `nforced`, `created_at`, `updated_at`) VALUES
(1, 'Baby', 1, '2020-06-25 02:21:38', '2020-06-25 02:21:38'),
(2, 'churi', 1, '2020-06-25 02:21:38', '2020-06-25 02:21:38'),
(3, 'solid churi', 1, '2020-06-25 02:21:39', '2020-06-25 02:21:39'),
(4, 'Mina Thokai patla', 1, '2020-06-25 02:21:39', '2020-06-25 02:21:39'),
(5, 'Thokai Churi', 1, '2020-06-25 02:21:39', '2020-06-25 02:21:39'),
(6, 'Bouty', 1, '2020-06-25 02:21:39', '2020-06-25 02:21:39'),
(7, 'Thokai Patla', 1, '2020-06-25 02:21:40', '2020-06-25 02:21:40'),
(8, 'Kankan', 1, '2020-06-25 02:21:40', '2020-06-25 02:21:40'),
(9, 'Xsample', 1, '2020-06-25 02:21:40', '2020-06-25 02:21:40'),
(10, 'Mima Churi', 1, '2020-06-25 02:21:40', '2020-06-25 02:21:40'),
(11, 'Holo Churi', 1, '2020-06-25 02:21:41', '2020-06-25 02:21:41'),
(12, 'Holo', 1, '2020-06-25 02:21:41', '2020-06-25 02:21:41');

-- --------------------------------------------------------

--
-- Table structure for table `rates`
--

CREATE TABLE `rates` (
  `id` bigint UNSIGNED NOT NULL,
  `price_code_id` bigint UNSIGNED NOT NULL,
  `price` int NOT NULL,
  `p_loss` double NOT NULL,
  `customer_category_id` bigint UNSIGNED NOT NULL,
  `inforced` tinyint NOT NULL DEFAULT '1',
  `created_at` timestamp NULL DEFAULT NULL,
  `updated_at` timestamp NULL DEFAULT NULL
) ENGINE=InnoDB DEFAULT CHARSET=utf8mb4 COLLATE=utf8mb4_unicode_ci;

--
-- Dumping data for table `rates`
--

INSERT INTO `rates` (`id`, `price_code_id`, `price`, `p_loss`, `customer_category_id`, `inforced`, `created_at`, `updated_at`) VALUES
(1, 1, 175, 0.1, 1, 1, '2020-06-25 02:21:18', '2020-06-25 02:21:18'),
(2, 2, 200, 0.19, 1, 1, '2020-06-25 02:21:18', '2020-06-25 02:21:18'),
(3, 3, 225, 0.28, 1, 1, '2020-06-25 02:21:18', '2020-06-25 02:21:18'),
(4, 4, 250, 0.37, 1, 1, '2020-06-25 02:21:18', '2020-06-25 02:21:18'),
(5, 5, 275, 0.46, 1, 1, '2020-06-25 02:21:18', '2020-06-25 02:21:18'),
(6, 6, 300, 0.55, 1, 1, '2020-06-25 02:21:19', '2020-06-25 02:21:19'),
(7, 7, 325, 0.64, 1, 1, '2020-06-25 02:21:19', '2020-06-25 02:21:19'),
(8, 8, 350, 0.73, 1, 1, '2020-06-25 02:21:19', '2020-06-25 02:21:19'),
(9, 9, 375, 0.82, 1, 1, '2020-06-25 02:21:19', '2020-06-25 02:21:19'),
(10, 10, 400, 0.91, 1, 1, '2020-06-25 02:21:19', '2020-06-25 02:21:19'),
(11, 11, 425, 1, 1, 1, '2020-06-25 02:21:19', '2020-06-25 02:21:19'),
(12, 12, 450, 1.09, 1, 1, '2020-06-25 02:21:19', '2020-06-25 02:21:19'),
(13, 13, 475, 1.18, 1, 1, '2020-06-25 02:21:19', '2020-06-25 02:21:19'),
(14, 14, 500, 1.27, 1, 1, '2020-06-25 02:21:20', '2020-06-25 02:21:20'),
(15, 15, 525, 1.36, 1, 1, '2020-06-25 02:21:20', '2020-06-25 02:21:20'),
(16, 16, 550, 1.45, 1, 1, '2020-06-25 02:21:20', '2020-06-25 02:21:20'),
(17, 17, 575, 1.54, 1, 1, '2020-06-25 02:21:20', '2020-06-25 02:21:20'),
(18, 18, 600, 1.63, 1, 1, '2020-06-25 02:21:20', '2020-06-25 02:21:20'),
(19, 19, 625, 1.72, 1, 1, '2020-06-25 02:21:20', '2020-06-25 02:21:20'),
(20, 20, 650, 1.81, 1, 1, '2020-06-25 02:21:21', '2020-06-25 02:21:21'),
(21, 21, 675, 1.9, 1, 1, '2020-06-25 02:21:21', '2020-06-25 02:21:21'),
(22, 22, 700, 1.99, 1, 1, '2020-06-25 02:21:21', '2020-06-25 02:21:21'),
(23, 23, 725, 2.08, 1, 1, '2020-06-25 02:21:21', '2020-06-25 02:21:21'),
(24, 24, 750, 2.17, 1, 1, '2020-06-25 02:21:21', '2020-06-25 02:21:21'),
(25, 25, 775, 2.26, 1, 1, '2020-06-25 02:21:22', '2020-06-25 02:21:22'),
(26, 26, 800, 2.35, 1, 1, '2020-06-25 02:21:22', '2020-06-25 02:21:22'),
(27, 1, 125, 0.1, 2, 1, '2020-06-25 02:21:22', '2020-06-25 02:21:22'),
(28, 2, 150, 0.19, 2, 1, '2020-06-25 02:21:22', '2020-06-25 02:21:22'),
(29, 3, 175, 0.28, 2, 1, '2020-06-25 02:21:22', '2020-06-25 02:21:22'),
(30, 4, 200, 0.37, 2, 1, '2020-06-25 02:21:23', '2020-06-25 02:21:23'),
(31, 5, 225, 0.46, 2, 1, '2020-06-25 02:21:23', '2020-06-25 02:21:23'),
(32, 6, 250, 0.55, 2, 1, '2020-06-25 02:21:23', '2020-06-25 02:21:23'),
(33, 7, 275, 0.64, 2, 1, '2020-06-25 02:21:23', '2020-06-25 02:21:23'),
(34, 8, 300, 0.73, 2, 1, '2020-06-25 02:21:23', '2020-06-25 02:21:23'),
(35, 9, 325, 0.82, 2, 1, '2020-06-25 02:21:24', '2020-06-25 02:21:24'),
(36, 10, 350, 0.91, 2, 1, '2020-06-25 02:21:24', '2020-06-25 02:21:24'),
(37, 11, 375, 1, 2, 1, '2020-06-25 02:21:24', '2020-06-25 02:21:24'),
(38, 12, 400, 1.09, 2, 1, '2020-06-25 02:21:24', '2020-06-25 02:21:24'),
(39, 13, 425, 1.18, 2, 1, '2020-06-25 02:21:24', '2020-06-25 02:21:24'),
(40, 14, 450, 1.27, 2, 1, '2020-06-25 02:21:24', '2020-06-25 02:21:24'),
(41, 15, 475, 1.36, 2, 1, '2020-06-25 02:21:24', '2020-06-25 02:21:24'),
(42, 16, 500, 1.45, 2, 1, '2020-06-25 02:21:24', '2020-06-25 02:21:24'),
(43, 17, 525, 1.54, 2, 1, '2020-06-25 02:21:25', '2020-06-25 02:21:25'),
(44, 18, 550, 1.63, 2, 1, '2020-06-25 02:21:25', '2020-06-25 02:21:25'),
(45, 19, 575, 1.72, 2, 1, '2020-06-25 02:21:25', '2020-06-25 02:21:25'),
(46, 20, 600, 1.81, 2, 1, '2020-06-25 02:21:25', '2020-06-25 02:21:25'),
(47, 21, 625, 1.9, 2, 1, '2020-06-25 02:21:25', '2020-06-25 02:21:25'),
(48, 22, 650, 1.99, 2, 1, '2020-06-25 02:21:25', '2020-06-25 02:21:25'),
(49, 23, 675, 2.08, 2, 1, '2020-06-25 02:21:25', '2020-06-25 02:21:25'),
(50, 24, 700, 2.17, 2, 1, '2020-06-25 02:21:26', '2020-06-25 02:21:26'),
(51, 25, 725, 2.26, 2, 1, '2020-06-25 02:21:26', '2020-06-25 02:21:26'),
(52, 26, 750, 2.35, 2, 1, '2020-06-25 02:21:26', '2020-06-25 02:21:26'),
(53, 1, 75, 0.1, 3, 1, '2020-06-25 02:21:26', '2020-06-25 02:21:26'),
(54, 2, 125, 0.19, 3, 1, '2020-06-25 02:21:26', '2020-06-25 02:21:26'),
(55, 3, 175, 0.28, 3, 1, '2020-06-25 02:21:27', '2020-06-25 02:21:27'),
(56, 4, 225, 0.37, 3, 1, '2020-06-25 02:21:27', '2020-06-25 02:21:27'),
(57, 5, 275, 0.46, 3, 1, '2020-06-25 02:21:27', '2020-06-25 02:21:27'),
(58, 6, 325, 0.55, 3, 1, '2020-06-25 02:21:27', '2020-06-25 02:21:27'),
(59, 7, 375, 0.64, 3, 1, '2020-06-25 02:21:27', '2020-06-25 02:21:27'),
(60, 8, 425, 0.73, 3, 1, '2020-06-25 02:21:27', '2020-06-25 02:21:27'),
(61, 9, 475, 0.82, 3, 1, '2020-06-25 02:21:27', '2020-06-25 02:21:27'),
(62, 10, 525, 0.91, 3, 1, '2020-06-25 02:21:28', '2020-06-25 02:21:28'),
(63, 11, 575, 1, 3, 1, '2020-06-25 02:21:28', '2020-06-25 02:21:28'),
(64, 12, 625, 1.09, 3, 1, '2020-06-25 02:21:28', '2020-06-25 02:21:28'),
(65, 13, 675, 1.18, 3, 1, '2020-06-25 02:21:28', '2020-06-25 02:21:28'),
(66, 14, 725, 1.27, 3, 1, '2020-06-25 02:21:28', '2020-06-25 02:21:28'),
(67, 15, 775, 1.36, 3, 1, '2020-06-25 02:21:28', '2020-06-25 02:21:28'),
(68, 16, 825, 1.45, 3, 1, '2020-06-25 02:21:29', '2020-06-25 02:21:29'),
(69, 17, 875, 1.54, 3, 1, '2020-06-25 02:21:29', '2020-06-25 02:21:29'),
(70, 18, 925, 1.63, 3, 1, '2020-06-25 02:21:29', '2020-06-25 02:21:29'),
(71, 19, 975, 1.72, 3, 1, '2020-06-25 02:21:29', '2020-06-25 02:21:29'),
(72, 20, 1025, 1.81, 3, 1, '2020-06-25 02:21:29', '2020-06-25 02:21:29'),
(73, 21, 1075, 1.9, 3, 1, '2020-06-25 02:21:29', '2020-06-25 02:21:29'),
(74, 22, 1125, 1.99, 3, 1, '2020-06-25 02:21:30', '2020-06-25 02:21:30'),
(75, 23, 1175, 2.08, 3, 1, '2020-06-25 02:21:30', '2020-06-25 02:21:30'),
(76, 24, 1225, 2.17, 3, 1, '2020-06-25 02:21:30', '2020-06-25 02:21:30'),
(77, 25, 1275, 2.26, 3, 1, '2020-06-25 02:21:30', '2020-06-25 02:21:30'),
(78, 26, 1325, 2.35, 3, 1, '2020-06-25 02:21:30', '2020-06-25 02:21:30'),
(79, 1, 25, 0.1, 4, 1, '2020-06-25 02:21:31', '2020-06-25 02:21:31'),
(80, 2, 75, 0.19, 4, 1, '2020-06-25 02:21:31', '2020-06-25 02:21:31'),
(81, 3, 125, 0.28, 4, 1, '2020-06-25 02:21:31', '2020-06-25 02:21:31'),
(82, 4, 175, 0.37, 4, 1, '2020-06-25 02:21:31', '2020-06-25 02:21:31'),
(83, 5, 225, 0.46, 4, 1, '2020-06-25 02:21:31', '2020-06-25 02:21:31'),
(84, 6, 275, 0.55, 4, 1, '2020-06-25 02:21:32', '2020-06-25 02:21:32'),
(85, 7, 325, 0.64, 4, 1, '2020-06-25 02:21:32', '2020-06-25 02:21:32'),
(86, 8, 375, 0.73, 4, 1, '2020-06-25 02:21:32', '2020-06-25 02:21:32'),
(87, 9, 425, 0.82, 4, 1, '2020-06-25 02:21:32', '2020-06-25 02:21:32'),
(88, 10, 475, 0.91, 4, 1, '2020-06-25 02:21:32', '2020-06-25 02:21:32'),
(89, 11, 525, 1, 4, 1, '2020-06-25 02:21:32', '2020-06-25 02:21:32'),
(90, 12, 575, 1.09, 4, 1, '2020-06-25 02:21:33', '2020-06-25 02:21:33'),
(91, 13, 625, 1.18, 4, 1, '2020-06-25 02:21:33', '2020-06-25 02:21:33'),
(92, 14, 675, 1.27, 4, 1, '2020-06-25 02:21:33', '2020-06-25 02:21:33'),
(93, 15, 725, 1.36, 4, 1, '2020-06-25 02:21:33', '2020-06-25 02:21:33'),
(94, 16, 775, 1.45, 4, 1, '2020-06-25 02:21:33', '2020-06-25 02:21:33'),
(95, 17, 825, 1.54, 4, 1, '2020-06-25 02:21:33', '2020-06-25 02:21:33'),
(96, 18, 875, 1.63, 4, 1, '2020-06-25 02:21:34', '2020-06-25 02:21:34'),
(97, 19, 925, 1.72, 4, 1, '2020-06-25 02:21:34', '2020-06-25 02:21:34'),
(98, 20, 975, 1.81, 4, 1, '2020-06-25 02:21:35', '2020-06-25 02:21:35'),
(99, 21, 1025, 1.9, 4, 1, '2020-06-25 02:21:36', '2020-06-25 02:21:36'),
(100, 22, 1075, 1.99, 4, 1, '2020-06-25 02:21:36', '2020-06-25 02:21:36'),
(101, 23, 1125, 2.08, 4, 1, '2020-06-25 02:21:36', '2020-06-25 02:21:36'),
(102, 24, 1175, 2.17, 4, 1, '2020-06-25 02:21:37', '2020-06-25 02:21:37'),
(103, 25, 1225, 2.26, 4, 1, '2020-06-25 02:21:37', '2020-06-25 02:21:37'),
(104, 26, 1275, 2.35, 4, 1, '2020-06-25 02:21:37', '2020-06-25 02:21:37');

-- --------------------------------------------------------

--
-- Table structure for table `status_types`
--

CREATE TABLE `status_types` (
  `id` bigint NOT NULL,
  `name` varchar(20) CHARACTER SET utf8mb4 COLLATE utf8mb4_unicode_ci NOT NULL
) ENGINE=InnoDB DEFAULT CHARSET=utf8mb4 COLLATE=utf8mb4_unicode_ci;

--
-- Dumping data for table `status_types`
--

INSERT INTO `status_types` (`id`, `name`) VALUES
(1, 'Started'),
(100, 'Finished'),
(40, 'Not Started');

-- --------------------------------------------------------

--
-- Table structure for table `users`
--

CREATE TABLE `users` (
  `id` bigint UNSIGNED NOT NULL,
  `person_name` varchar(255) CHARACTER SET utf8mb4 COLLATE utf8mb4_unicode_ci DEFAULT NULL,
  `email` varchar(255) CHARACTER SET utf8mb4 COLLATE utf8mb4_unicode_ci NOT NULL,
  `password` varchar(255) CHARACTER SET utf8mb4 COLLATE utf8mb4_unicode_ci NOT NULL,
  `remember_token` varchar(100) CHARACTER SET utf8mb4 COLLATE utf8mb4_unicode_ci DEFAULT NULL,
  `mobile1` varchar(15) CHARACTER SET utf8mb4 COLLATE utf8mb4_unicode_ci DEFAULT NULL,
  `mobile2` varchar(15) CHARACTER SET utf8mb4 COLLATE utf8mb4_unicode_ci DEFAULT NULL,
  `person_type_id` bigint UNSIGNED NOT NULL,
  `customer_category_id` bigint UNSIGNED NOT NULL DEFAULT '1',
  `address1` varchar(100) CHARACTER SET utf8mb4 COLLATE utf8mb4_unicode_ci DEFAULT NULL,
  `address2` varchar(100) CHARACTER SET utf8mb4 COLLATE utf8mb4_unicode_ci DEFAULT NULL,
  `state` varchar(50) CHARACTER SET utf8mb4 COLLATE utf8mb4_unicode_ci DEFAULT 'West Bengal',
  `po` varchar(50) CHARACTER SET utf8mb4 COLLATE utf8mb4_unicode_ci DEFAULT NULL,
  `area` varchar(50) CHARACTER SET utf8mb4 COLLATE utf8mb4_unicode_ci DEFAULT NULL,
  `city` varchar(50) CHARACTER SET utf8mb4 COLLATE utf8mb4_unicode_ci DEFAULT NULL,
  `pin` varchar(10) CHARACTER SET utf8mb4 COLLATE utf8mb4_unicode_ci DEFAULT NULL,
  `inforced` tinyint NOT NULL DEFAULT '1',
  `created_at` timestamp NULL DEFAULT NULL,
  `updated_at` timestamp NULL DEFAULT NULL
) ENGINE=InnoDB DEFAULT CHARSET=utf8mb4 COLLATE=utf8mb4_unicode_ci;

--
-- Dumping data for table `users`
--

INSERT INTO `users` (`id`, `person_name`, `email`, `password`, `remember_token`, `mobile1`, `mobile2`, `person_type_id`, `customer_category_id`, `address1`, `address2`, `state`, `po`, `area`, `city`, `pin`, `inforced`, `created_at`, `updated_at`) VALUES
(1, 'Vivekananda Ghsoh', 'bangle312@gmail.com', '$2y$10$9HZIzea2qZFbT0aemivQ8.Qm0ODCR0a1nWk1f70vVrMeGiXeXqt7C', NULL, '9836444999', '', 1, 1, NULL, NULL, 'West Bengal', NULL, NULL, NULL, NULL, 1, '2020-06-25 02:21:07', '2020-06-25 02:21:07'),
(2, 'Abishek Basak', 'bangle396@gmail.com', '$2y$10$U..l5Oo4/EN5zSbvAPF2XOA7k6wBEqO//8TK.JllYp.naKlPtM7tq', NULL, '9836444451', '', 7, 1, NULL, NULL, 'West Bengal', NULL, NULL, NULL, NULL, 1, '2020-06-25 02:21:08', '2020-06-25 02:21:08'),
(3, 'Pushpendu Pal', 'bangle363@gmail.com', '$2y$10$MJr8p1NTWZ3dwxF0SVXSMOEhPLDJ1lXmyHML..fegS1AGp5IgLTKa', NULL, '9836444568', '', 7, 3, NULL, NULL, 'West Bengal', NULL, NULL, NULL, NULL, 1, '2020-06-25 02:21:08', '2020-06-25 02:21:08'),
(4, 'Pushpendu Roy', 'bangle376@gmail.com', '$2y$10$MGKp1Z5899Liew6/XNHEOez6Dt9YRyI4bI0NkZVIfC3/LGHra4gJ2', NULL, '9836444426', '', 8, 4, NULL, NULL, 'West Bengal', NULL, NULL, NULL, NULL, 1, '2020-06-25 02:21:08', '2020-06-25 02:21:08'),
(5, 'Pushpendu Ghosh', 'bangle371@gmail.com', '$2y$10$h1n0MS4OazYjwz04tR.r6uQy2XS9Pnw3h8.lT1LvtkYbawC0YFGPO', NULL, '9836444785', '', 10, 2, NULL, NULL, 'West Bengal', NULL, NULL, NULL, NULL, 1, '2020-06-25 02:21:08', '2020-06-25 02:21:08'),
(6, 'Abishek Ghosh', 'bangle314@gmail.com', '$2y$10$spZn9ujQ5gdtIbp4jjwK..YxoXQG2YtXvJZZJw1CwEuRwCrnElxTe', NULL, '9836444972', '', 7, 3, NULL, NULL, 'West Bengal', NULL, NULL, NULL, NULL, 1, '2020-06-25 02:21:09', '2020-06-25 02:21:09'),
(7, 'Joy Ghosh', 'bangle322@gmail.com', '$2y$10$lmVAaeGdiVZ7r2UuQ2Dp4e/3vztOLIl9E7HFInDnxNggyB.ElF.h2', NULL, '9836444972', '', 11, 3, NULL, NULL, 'West Bengal', NULL, NULL, NULL, NULL, 1, '2020-06-25 02:21:09', '2020-06-25 02:21:09'),
(8, 'Erik Ghosh', 'bangle333@gmail.com', '$2y$10$m4u9P3FJmoxyQDD8g0zuy.kO682YlD24d.3dmvbfwI2ngDhLpU38u', NULL, '9836444972', '', 11, 3, NULL, NULL, 'West Bengal', NULL, NULL, NULL, NULL, 1, '2020-06-25 02:21:09', '2020-06-25 02:21:09'),
(9, 'Tuhin Ghosh', 'bangle344@gmail.com', '$2y$10$7RyO4iXr7VqhAJdHVyRkd.Dt1bVxslirBD7TkGItqbfn40lyQ0H.a', NULL, '9836444972', '', 11, 3, NULL, NULL, 'West Bengal', NULL, NULL, NULL, NULL, 1, '2020-06-25 02:21:09', '2020-06-25 02:21:09'),
(10, 'Ms. Annie Daugherty III', 'orville40@hotmail.com', '$2y$10$0FSiPits8BJv.vg9rtVIq.b5oyh1gAi5g1g2SNOv44UnXSmMb8mGK', NULL, '3022350818', '1613221495', 10, 2, '718 Schmitt Harbors Suite 820\nNew Julesmouth, WA 33442-1164', 'Apt. 304', 'West Bengal', 'Felicita Camp', 'East', 'New Brisahaven', '29381', 1, '2020-06-25 02:22:46', '2020-06-25 02:22:46'),
(11, 'Demetris Hoppe', 'marilou19@gmail.com', '$2y$10$C5XcfoSYm3VQaEpjCFEKh.7tuqpj2Rywdl9egnhJ8D9eOlLrJKu6m', NULL, '1113223484', '4205997022', 10, 3, '5810 Norval Roads Suite 238\nMyrnastad, MN 90610', 'Apt. 985', 'West Bengal', 'Windler Ville', 'Lake', 'Vancefurt', '89089', 1, '2020-06-25 02:22:46', '2020-06-25 02:22:46'),
(12, 'Malinda O\'Connell', 'heather50@bergstrom.org', '$2y$10$JULgpMGEWACYSJ.eGtIhqOMzuXWPhtCaOHLB2XuGBXaps8TbstqrS', NULL, '7975448878', '4422271290', 10, 3, '83552 Magnus Extension Suite 010\nPort Laron, WV 25025', 'Suite 391', 'West Bengal', 'Savanna Crest', 'New', 'Lake Winstontown', '08882', 1, '2020-06-25 02:22:46', '2020-06-25 02:22:46'),
(13, 'Isadore Farrell', 'glover.zander@yahoo.com', '$2y$10$tcvOUa7yEKiST0m85xwLhezKdlGcyZqZkQGpUfBrL9RtvQMO4wvdm', NULL, '6047853408', '6422599839', 10, 3, '457 Amir Inlet\nElliotton, NC 38152', 'Apt. 967', 'West Bengal', 'Walter Keys', 'West', 'New Meta', '11520-0543', 1, '2020-06-25 02:22:46', '2020-06-25 02:22:46'),
(14, 'Dr. Keshaun Mills', 'dorcas.wunsch@gmail.com', '$2y$10$fczlZSqigURrMItuxms/fuXGRH6/ragCn5mzyBZOOk3MLwViqVeEO', NULL, '4869242706', '8542094926', 10, 2, '6325 Fiona Views Suite 225\nDanikahaven, SC 25815-5538', 'Apt. 608', 'West Bengal', 'Leannon Ridge', 'West', 'Schimmelshire', '60794', 1, '2020-06-25 02:22:46', '2020-06-25 02:22:46'),
(15, 'Maurice Nicolas', 'zrogahn@walter.biz', '$2y$10$glLmHYIT2l9dR0uNxy8SpOCKcm7BHt6xSAUGituZBCWgLJKASGS3u', NULL, '6023271420', '7497994257', 10, 3, '1545 Gleason Loop\nSouth Janessatown, OK 01846', 'Suite 193', 'West Bengal', 'Morissette Islands', 'West', 'Toneychester', '87930-0053', 1, '2020-06-25 02:22:46', '2020-06-25 02:22:46'),
(16, 'Claudine Schmitt', 'kwilkinson@gmail.com', '$2y$10$mG0Ie3eDJDiaZlKin6QtfuFa5IJ5IG5b/Pz.7briHJryS.vzYjomC', NULL, '2638988976', '6029538784', 10, 4, '9765 Fatima Spur\nLake Tierrahaven, ND 05311', 'Apt. 199', 'West Bengal', 'Olson Vista', 'North', 'Swaniawskiside', '10542', 1, '2020-06-25 02:22:46', '2020-06-25 02:22:46'),
(17, 'Chet Thompson', 'halvorson.leo@gmail.com', '$2y$10$UUaZThJqPw2/9MAQTzBI2O0c7oKgDbr4yw7UftK8Fvb0vZ.Bs7YuC', NULL, '8554484847', '8851390786', 10, 2, '18398 Amparo Prairie\nJermainfort, ID 38717-2304', 'Suite 460', 'West Bengal', 'Elroy Walks', 'East', 'Toyville', '46118-0797', 1, '2020-06-25 02:22:46', '2020-06-25 02:22:46'),
(18, 'Marianne Cartwright', 'jaida.fadel@yahoo.com', '$2y$10$hERCoOc1Aq.UBEgt7ym8AeIfxRSGG1y.EAgknXP2730TXSsCAckoS', NULL, '7687273130', '5345171182', 10, 2, '327 Laury Glens\nLake Sonny, NM 01355-9523', 'Suite 085', 'West Bengal', 'Hammes Ramp', 'Port', 'South Wilfredtown', '41809', 1, '2020-06-25 02:22:46', '2020-06-25 02:22:46'),
(19, 'Brandy Reinger', 'adams.evie@wehner.com', '$2y$10$xvEN2vDmBW80K/Ab7TRsSepM1wKLTmBCsvzh6ydXW5tCy2KwXEhJi', NULL, '9146215959', '5765740766', 10, 5, '99918 Mina Viaduct\nBeahanport, DC 77461', 'Apt. 862', 'West Bengal', 'Marvin Centers', 'East', 'East Juliusburgh', '88041', 1, '2020-06-25 02:22:46', '2020-06-25 02:22:46'),
(20, 'Hattie Quitzon', 'devyn.kling@bauch.com', '$2y$10$S4DExrgSp39qMyFJsz99quOA4./P7Uyd645nNGEShaRSv9LDI1gYO', NULL, '4846615125', '7789726871', 10, 2, '348 Jailyn Summit Suite 752\nNorth Ezrahaven, HI 72582', 'Suite 844', 'West Bengal', 'Kristy Station', 'Port', 'South Nikkistad', '70829', 1, '2020-06-25 02:22:46', '2020-06-25 02:22:46'),
(21, 'Sanford West', 'walter.jessy@gmail.com', '$2y$10$kF09QRizHaRdbkBbIJyko.gL1Qe8T/ZEyro40NRIU3NEcQLlAIv6u', NULL, '4796649112', '6011491776', 10, 2, '6873 Luettgen Knolls\nNorth Rahul, SD 57522', 'Suite 454', 'West Bengal', 'Sipes Creek', 'East', 'Lednerchester', '44130-4466', 1, '2020-06-25 02:22:47', '2020-06-25 02:22:47'),
(22, 'Mabel Schneider', 'lonie50@greenfelder.com', '$2y$10$V1nDwt3.xn1VfjXkzNJ6UezDSE757UQJZozi3pRuH6CpoKbSoe7h2', NULL, '1737444219', '6701597394', 10, 2, '47340 Schaefer Station Suite 437\nWest Ashtynmouth, WA 13481', 'Apt. 859', 'West Bengal', 'Nikolaus Tunnel', 'North', 'Port Margueriteton', '04923', 1, '2020-06-25 02:22:47', '2020-06-25 02:22:47'),
(23, 'Prof. Baby Collier MD', 'myriam.fadel@bergnaum.com', '$2y$10$wyrbBd2LjKaDFc8ZHAMgeOgcDFLyINMumfv7hgMpISJUsfWhoEnPi', NULL, '3700886762', '6118963010', 10, 4, '60510 Zander Union Suite 700\nDelphaton, CA 45783-3965', 'Apt. 641', 'West Bengal', 'VonRueden Summit', 'West', 'Eichmannhaven', '60547-9060', 1, '2020-06-25 02:22:47', '2020-06-25 02:22:47'),
(24, 'Chase Waelchi', 'deanna72@reilly.biz', '$2y$10$E0WdpAH1d0ZmgzBIbxcfNOyMJeB6pQbfKFEDkYJWg1rmcJMHqZvJW', NULL, '9514849142', '8399829738', 10, 5, '4982 Tia Throughway Suite 301\nEast Nicoletteshire, WA 23713-4247', 'Apt. 286', 'West Bengal', 'Alta Underpass', 'East', 'West Imogene', '91635', 1, '2020-06-25 02:22:47', '2020-06-25 02:22:47'),
(25, 'Marina VonRueden IV', 'june.flatley@okon.org', '$2y$10$U976W6y12VG1Ia8nRFBwVuyyLJ5LRMjlNuX0/shMG7JI5ReEj51X.', NULL, '2924842224', '9056055563', 10, 4, '46020 Stoltenberg Harbor Suite 856\nAdellaside, AK 63876', 'Apt. 208', 'West Bengal', 'Nicolas Street', 'North', 'New Jeanhaven', '48893', 1, '2020-06-25 02:22:47', '2020-06-25 02:22:47'),
(26, 'Destinee Klocko', 'keshaun43@gmail.com', '$2y$10$0J4f1cjMqTuQtctZMeNlK.obSEMZWO.xSaDbziN5hTP2quXeNytwq', NULL, '7210459016', '4564335808', 10, 5, '3352 Fisher Coves Apt. 022\nLake Delphine, MA 51505', 'Suite 075', 'West Bengal', 'DuBuque Fork', 'East', 'South Orieview', '68275', 1, '2020-06-25 02:22:47', '2020-06-25 02:22:47'),
(27, 'Dora Mante', 'dorian07@fay.info', '$2y$10$LF0gowobmcvcQSdaARuzvuwfi/gCHl7pbZnWkxB9e7Sbj9iezRxfm', NULL, '6620942455', '3381117800', 10, 3, '9920 Kuvalis Square\nEast Jovanny, NV 00846-0725', 'Apt. 206', 'West Bengal', 'Irving Manors', 'North', 'Eraport', '67050', 1, '2020-06-25 02:22:47', '2020-06-25 02:22:47'),
(28, 'Prof. Alford Kihn', 'creola.schmitt@gmail.com', '$2y$10$DTH.BVsxVNqtY4SPNeTukerLCKVtddIlQz6Au4whDhi1CLSFP41FO', NULL, '1690765203', '2900731045', 10, 2, '54522 Konopelski Grove Apt. 299\nOzellatown, WY 36597', 'Suite 811', 'West Bengal', 'Constantin Passage', 'East', 'North Shanelle', '61739-3904', 1, '2020-06-25 02:22:47', '2020-06-25 02:22:47'),
(29, 'Mr. Tyler Kohler IV', 'jamar87@gmail.com', '$2y$10$AJrrmxe/wUuRubz7RU.FOuPvacClcws6kKKn72yoJD..2jneE0Xju', NULL, '2833818150', '1449657758', 10, 5, '4587 Breitenberg Orchard Apt. 537\nSeanport, WI 13674', 'Apt. 193', 'West Bengal', 'Lilian Mews', 'Port', 'West Tanner', '51665-6968', 1, '2020-06-25 02:22:47', '2020-06-25 02:22:47'),
(30, 'Tess Corwin', 'hwelch@gmail.com', '$2y$10$Mbku.huxrvh1omOsmtCA0e3ptT1s7DXkUjWta2qxbwXfkcTljwiJa', NULL, '2652579053', '7093049240', 10, 5, '861 Wiegand Freeway Apt. 529\nRaoulville, NH 77336', 'Suite 896', 'West Bengal', 'Leonor Greens', 'Lake', 'Lake Silasport', '38874-4438', 1, '2020-06-25 02:22:47', '2020-06-25 02:22:47'),
(31, 'Arlene Kunde III', 'reynolds.agnes@yahoo.com', '$2y$10$f1sfCpISuh5vvmhxz7U39eGaee.bTGcvkcR583JsGc3FK5w5we0Ve', NULL, '2418966153', '7387159429', 10, 2, '4687 Coy Court\nKlingport, CA 43270-7406', 'Suite 021', 'West Bengal', 'Shaina Greens', 'Lake', 'Lemkeport', '22949-9682', 1, '2020-06-25 02:22:47', '2020-06-25 02:22:47'),
(32, 'Kylee Fisher', 'mable70@yahoo.com', '$2y$10$visrSXiWHBab2lGic6RDfO12/AJP2NQGZaZtT9T.vw1UcApc2kZ4e', NULL, '6094991466', '2444845902', 10, 5, '749 Barrows Coves\nWest Sanford, MN 29362-3599', 'Suite 065', 'West Bengal', 'Gutkowski Meadow', 'Lake', 'West Olliefort', '07007-8764', 1, '2020-06-25 02:22:47', '2020-06-25 02:22:47'),
(33, 'Prof. Rosalinda Boehm DVM', 'reba70@nolan.com', '$2y$10$aQNFyzIDJ.P1QZmqO/oi5OMz6Sy5XnoS.RBHtPyjagm2DUfBUgXRW', NULL, '2267764666', '3923675568', 10, 3, '25304 King Drive Apt. 449\nPeterberg, UT 62744-7157', 'Apt. 312', 'West Bengal', 'Jenkins Alley', 'New', 'Lake Summerhaven', '83521', 1, '2020-06-25 02:22:47', '2020-06-25 02:22:47'),
(34, 'Elinor Kertzmann', 'clifton35@yahoo.com', '$2y$10$flPg.QLlLpHjQbZ/zgRf2ePRr2dyY50GkYcvLKUQOoL9Y7z813Wsu', NULL, '3801827863', '2445432694', 10, 4, '6389 Goyette Dale\nJanessaborough, KS 25928-0722', 'Suite 204', 'West Bengal', 'Wisoky Lodge', 'West', 'New Lillianatown', '22127', 1, '2020-06-25 02:22:47', '2020-06-25 02:22:47'),
(35, 'Ms. Aniyah Sawayn', 'nleuschke@kovacek.com', '$2y$10$5Wpc94Th8b2F0h0hL6tlKOfeUYRd/x224E1SOs6D5QM/f1/Jj6WIq', NULL, '1445827415', '3218627197', 10, 5, '1755 Hamill Point\nWest Ruthie, NJ 10205', 'Apt. 712', 'West Bengal', 'Vida Falls', 'Lake', 'South Wiley', '50729', 1, '2020-06-25 02:22:48', '2020-06-25 02:22:48'),
(36, 'Theo Farrell', 'jaskolski.brisa@yahoo.com', '$2y$10$Fkw9HMPwJLFKBDxcmrWjDur9OWhhOJvzj5rPxzue4io87RNE8AoWm', NULL, '1987182009', '9202957880', 10, 5, '60389 Conroy Hills Suite 418\nKerlukeberg, HI 51150', 'Suite 429', 'West Bengal', 'Spencer Street', 'East', 'Celestinetown', '93174-1687', 1, '2020-06-25 02:22:48', '2020-06-25 02:22:48'),
(37, 'Orrin Mann', 'mabel.medhurst@schoen.com', '$2y$10$rJkjHkBf8V0TcB04wu0t4OOTCfxTmPWIFMEzBnPYkjecKfnYpn75O', NULL, '7334677078', '7575524779', 10, 4, '51931 Hector Common Suite 389\nNorth Luigi, CT 85445-6952', 'Suite 956', 'West Bengal', 'Lesley Ferry', 'South', 'Mannshire', '00628-1007', 1, '2020-06-25 02:22:48', '2020-06-25 02:22:48'),
(38, 'Ludwig Fahey DDS', 'ylockman@murphy.com', '$2y$10$G8opMJ30MipOsk2vu3WyYe6v7t6v7TVftVo4IfTjfcT4OCsmA1WJW', NULL, '3601620812', '2330630721', 10, 4, '77572 Albina Manor Apt. 657\nWest Khalilborough, NY 95945', 'Apt. 194', 'West Bengal', 'Frami Mission', 'South', 'East Tristin', '37900', 1, '2020-06-25 02:22:48', '2020-06-25 02:22:48'),
(39, 'Deven Kertzmann', 'ernesto.greenfelder@boyer.org', '$2y$10$DLtHNXT19GVZbTb0rmuevOLaq8k6xPRspSM7Lo4MCDg0DelbM7kNS', NULL, '8655762922', '5558536787', 10, 2, '2851 Veum Corner Apt. 913\nOkunevaburgh, WV 60074-1234', 'Suite 776', 'West Bengal', 'Ferry Underpass', 'North', 'Westbury', '13810-0467', 1, '2020-06-25 02:22:48', '2020-06-25 02:22:48'),
(40, 'Kaylin Langworth Jr.', 'britney.kohler@ziemann.com', '$2y$10$AURotsefrmyTVrkaee6pnuT0iMHGZgznm9h1TKc7.vbLCboRkmbyW', NULL, '6734263266', '5682464871', 10, 2, '682 Nitzsche Extensions\nPort Hubertville, AL 94825-0201', 'Apt. 406', 'West Bengal', 'Nader Mall', 'New', 'West Lincolnstad', '74760', 1, '2020-06-25 02:22:48', '2020-06-25 02:22:48'),
(41, 'Neal Nader', 'idella07@yahoo.com', '$2y$10$14UMyOyayTA8lwnikO8I.uuAKLcWZm79y0uoe7zVBMp9AoWiwLeeG', NULL, '5786846575', '5669484605', 10, 2, '424 Walter Mall Apt. 239\nLake Walton, FL 17819-7351', 'Apt. 928', 'West Bengal', 'Farrell Summit', 'West', 'Vivientown', '06818-2950', 1, '2020-06-25 02:22:48', '2020-06-25 02:22:48'),
(42, 'Miss Rebeca Bode', 'littel.leo@schroeder.com', '$2y$10$rIvBNgt9soH0J8U8r47v5ul4PLOZQQ4SjVVQc/KabYDBVHhO4zhLC', NULL, '7965663019', '3877740930', 10, 2, '30520 Sabryna Mountain\nPort Curtishaven, CA 92937-2757', 'Suite 651', 'West Bengal', 'Malvina Ports', 'West', 'Gracestad', '65256', 1, '2020-06-25 02:22:48', '2020-06-25 02:22:48'),
(43, 'Dr. Lexi Flatley', 'bechtelar.luther@gmail.com', '$2y$10$a5poTQz/beOYVa/2CtXcp.erX6W8qM2N0m.9P3MCetmLXVDBbuaIq', NULL, '4046753119', '3748785398', 10, 4, '814 Pedro Junction\nSouth Domenichaven, MS 77394', 'Apt. 543', 'West Bengal', 'Schiller Camp', 'East', 'South Myrticetown', '42844-6908', 1, '2020-06-25 02:22:48', '2020-06-25 02:22:48'),
(44, 'Leatha Bradtke DDS', 'ctromp@gmail.com', '$2y$10$0g3Ga6Uuuw8yWIgIekWkTesB0nT6yVzWvZVKBZQrbYY0ewvNzqA62', NULL, '5355459434', '7459888300', 10, 3, '898 Murray Street\nNew Peter, OH 61618', 'Apt. 101', 'West Bengal', 'Moises Row', 'North', 'Lake Murl', '48663', 1, '2020-06-25 02:22:48', '2020-06-25 02:22:48'),
(45, 'Erica Glover', 'easter.boyer@yahoo.com', '$2y$10$NicwZEpsx4MKRXzWB7ZTf.Wf5m59DxMdB3dv0KMCPF62Wu4P9M9wK', NULL, '5363896627', '8853380419', 10, 3, '692 Jailyn Neck\nElmoville, OK 80239-0875', 'Apt. 750', 'West Bengal', 'Eichmann Skyway', 'South', 'Morarhaven', '13713-7132', 1, '2020-06-25 02:22:48', '2020-06-25 02:22:48'),
(46, 'Johnathan O\'Keefe', 'ksipes@jones.org', '$2y$10$SgWW96ERjf4gBtLhTcz9L.whjWhYsZW0n1dQfskyN5/5lB8N17Que', NULL, '5899255350', '4340133126', 10, 3, '1309 Gutmann Pike Apt. 441\nSouth Penelopefurt, SD 44190-8100', 'Apt. 669', 'West Bengal', 'Alysa Isle', 'North', 'Gutmannbury', '58991-1419', 1, '2020-06-25 02:22:48', '2020-06-25 02:22:48'),
(47, 'Golden Mosciski', 'tamara75@koelpin.com', '$2y$10$83qCLYQ62rXNyaQECOXdv..7aOba4cR58i0W9ophOhq16uNZpFnSe', NULL, '1557546893', '2877981933', 10, 2, '38604 Predovic Rapids Suite 787\nAmaniville, OR 43366-9305', 'Apt. 071', 'West Bengal', 'Bosco Glens', 'North', 'Jenkinsberg', '17168-5709', 1, '2020-06-25 02:22:48', '2020-06-25 02:22:48'),
(48, 'Sharon Pfannerstill', 'koss.dane@dicki.biz', '$2y$10$xQTD0Hvgzm489fcS33oR7OtkCBkndapUznnnGIalVcIL1.IiNJb5K', NULL, '6778810170', '8977821899', 10, 5, '98801 Cletus Motorway Apt. 242\nEast Kellenberg, CT 51668', 'Suite 027', 'West Bengal', 'Letitia Prairie', 'Lake', 'Monicatown', '30092', 1, '2020-06-25 02:22:48', '2020-06-25 02:22:48'),
(49, 'Dr. Mittie Jakubowski', 'odickinson@yahoo.com', '$2y$10$lGuW1Il92SUbFZYtzbcaxegRJPmPWYlPrZMefhAWb.qPgUc2JoQGG', NULL, '8644253060', '9192584971', 10, 4, '49056 Orn Trafficway\nKingville, ND 48146', 'Suite 892', 'West Bengal', 'Nigel Radial', 'Lake', 'Quinnhaven', '03238-1461', 1, '2020-06-25 02:22:49', '2020-06-25 02:22:49'),
(50, 'Richard Bergnaum', 'jerad.mcclure@yundt.com', '$2y$10$zTGRk/9kXl.oLPSPJR.sbuDS3UlDgVVaigMEJvL2qIcmNeWZsWdwO', NULL, '8237231872', '4707656794', 10, 3, '899 Lizeth Mission\nReillyhaven, AL 42045', 'Suite 791', 'West Bengal', 'Carter Drives', 'South', 'Caterinaside', '67426-4951', 1, '2020-06-25 02:22:49', '2020-06-25 02:22:49'),
(51, 'Lazaro Waelchi Sr.', 'cbartoletti@macejkovic.info', '$2y$10$tu1I3uMPOhwwkOEpie8fAuNlOMJZYzEFEHr1m0mEGBu/nTOFZlrRW', NULL, '7864910513', '5809586469', 10, 4, '2760 Heaney Tunnel Apt. 445\nJenkinsville, NV 92410-9409', 'Apt. 755', 'West Bengal', 'Casper Isle', 'North', 'Lake Joelle', '06143-1963', 1, '2020-06-25 02:22:49', '2020-06-25 02:22:49'),
(52, 'Alysa Emard III', 'yasmine11@hotmail.com', '$2y$10$fUon5hGvmW9kbpKIQKH5zu6trBKEGZELHcxQ3TxrvN2ZtPvEeKRGe', NULL, '1988872161', '5401670109', 10, 2, '733 Schmidt Locks\nPort Savanahland, NE 19505', 'Suite 335', 'West Bengal', 'Alvah Route', 'Lake', 'Lake Alvinafort', '78880-2508', 1, '2020-06-25 02:22:49', '2020-06-25 02:22:49'),
(53, 'Haylie Carroll', 'cbruen@yahoo.com', '$2y$10$9CSvfAVH1xn4Q6XK.P/1oOlMbC6XNDDZpX1cN2uMiB.MuxfvOOZqi', NULL, '2174865487', '6643261824', 10, 3, '89156 Turner Ways\nEast Harold, VT 71753', 'Apt. 940', 'West Bengal', 'Bessie Flat', 'North', 'Kutchmouth', '63852', 1, '2020-06-25 02:22:49', '2020-06-25 02:22:49'),
(54, 'Davin Ziemann', 'upurdy@okuneva.com', '$2y$10$mpWg27teMaB3CoGVV6/O/uu70R6H1.XqlzlSJ9YDSAWmf3jd/NnfW', NULL, '7141240615', '2425543481', 10, 2, '863 Jonathon River Suite 820\nLake Hermanside, MD 65458-3166', 'Suite 180', 'West Bengal', 'Ignacio Shoal', 'Port', 'Kingshire', '84301', 1, '2020-06-25 02:22:49', '2020-06-25 02:22:49'),
(55, 'Otto Casper', 'hrunolfsdottir@oberbrunner.info', '$2y$10$P4frrK1NYs88KgNYh/pud.VQNfCCE3xhv4T1qmefYwUb4AaiuB2T2', NULL, '5600629578', '8343819745', 10, 4, '7717 Sarah Roads\nHahnland, HI 52026-3949', 'Suite 731', 'West Bengal', 'Volkman Trail', 'Lake', 'Lake Zoila', '27233', 1, '2020-06-25 02:22:49', '2020-06-25 02:22:49'),
(56, 'Mrs. Araceli McClure', 'cullen97@buckridge.net', '$2y$10$RqInwc.4VX4KefIRGEhScuYxHFzmGiq0bwp/WQACVTTCNoRuVrsdS', NULL, '4875620019', '8009443352', 10, 4, '587 Ashtyn Square Suite 670\nNew Kaitlyn, NM 93976-8720', 'Suite 721', 'West Bengal', 'Wolf Greens', 'North', 'Germanbury', '33053', 1, '2020-06-25 02:22:49', '2020-06-25 02:22:49'),
(57, 'Ali Gorczany', 'lulu.greenfelder@will.info', '$2y$10$shAM5k64eyjXbBkdkJvVNejGHsm1/pFmn/G.rKxzug7tuyQrl50eS', NULL, '8267865517', '2492817349', 10, 4, '324 Graham Bridge\nAdamsport, ME 10657', 'Apt. 832', 'West Bengal', 'Sauer Keys', 'Port', 'East Nathaniel', '45492-8165', 1, '2020-06-25 02:22:49', '2020-06-25 02:22:49'),
(58, 'Prof. Tomas Windler', 'friesen.renee@padberg.info', '$2y$10$y/ferE4udtF29XzaLSt25ehXvBwQyGsXP4swQ1MbK7jF5B0Gc/afW', NULL, '3196966487', '1256495379', 10, 2, '61018 Marvin Summit\nRobinchester, MA 07622-0948', 'Suite 683', 'West Bengal', 'Hansen Trace', 'Port', 'New Alvinamouth', '48183-7361', 1, '2020-06-25 02:22:49', '2020-06-25 02:22:49'),
(59, 'Vella West II', 'hrutherford@dach.biz', '$2y$10$iSmW71JaGFfdhYA6/Ensk.S.kCqD4Yj.bPWzCvz0yzTfEOBAjwBZK', NULL, '9436714928', '8083036740', 10, 2, '25347 Trantow Circles Suite 485\nLake Rory, WY 53918', 'Apt. 743', 'West Bengal', 'Deshawn Groves', 'South', 'Kunzefort', '80775', 1, '2020-06-25 02:22:49', '2020-06-25 02:22:49'),
(60, 'Beverly Collier', 'elbert.rowe@hotmail.com', '$2y$10$3ZFUkyBBXW/fu5NbP7cbt.AN2d5eDU7tFrmXktu7IJW0bCvK6255W', NULL, '6960452039', '9318594780', 10, 3, '60559 Yolanda Drive\nSouth Cruz, MN 53375', 'Suite 760', 'West Bengal', 'Cummings Road', 'North', 'Daphneeshire', '06649', 1, '2020-06-25 02:22:49', '2020-06-25 02:22:49'),
(61, 'Mr. Jamal Anderson II', 'ebraun@gmail.com', '$2y$10$pfJvj8bT9R28MzXrDJ0.ZOkSuX.0ZujyyMxahmxtdLRXNv9nNEbHW', NULL, '4524868895', '5224751473', 10, 4, '9820 Meda Shores Suite 410\nSouth Michaelview, DC 50729-1289', 'Suite 196', 'West Bengal', 'Palma Field', 'New', 'Libbiehaven', '09293-4157', 1, '2020-06-25 02:22:50', '2020-06-25 02:22:50'),
(62, 'Casimir Yundt', 'sbeier@cassin.com', '$2y$10$Q4hGHCO/InjhEwWxuPYuR.ozLZioBQbQyAGPkY7wmgoLVsAnPX6fC', NULL, '2569312126', '1722868911', 10, 4, '5513 Stehr Wall\nNew Meggie, MI 04186-9050', 'Apt. 317', 'West Bengal', 'Joy Forges', 'East', 'Maevetown', '18067', 1, '2020-06-25 02:22:50', '2020-06-25 02:22:50'),
(63, 'Damon Will', 'ritchie.lessie@cummerata.com', '$2y$10$uJ0alia9HganXMIgoQwNoO3lZ9KtY0VrMaFVmN1DmUjK9/TU7ywcS', NULL, '8275949089', '3117617408', 10, 5, '920 Walter Row Apt. 218\nNorbertchester, AZ 77914', 'Apt. 783', 'West Bengal', 'Wehner Pines', 'North', 'South Goldenside', '32712', 1, '2020-06-25 02:22:50', '2020-06-25 02:22:50'),
(64, 'Samantha Ritchie', 'lraynor@gmail.com', '$2y$10$L6FLreVdj6eWDQrxsb9E8utajsDwow3ooZgqwOx9LyYnDhuJqGeIe', NULL, '7811281405', '3425653804', 10, 2, '977 Simonis Island Suite 134\nWest Yazmin, IL 35869', 'Apt. 814', 'West Bengal', 'Morar Lane', 'North', 'Port Kaydenstad', '68830-7378', 1, '2020-06-25 02:22:50', '2020-06-25 02:22:50'),
(65, 'Juwan Crooks', 'raphael.kassulke@yahoo.com', '$2y$10$svLpVp6LlO126lEksXq.quaMRyBN70kZHFsqA9rEyQweRKdczP0K6', NULL, '2129628549', '1865644242', 10, 2, '411 Mertz Bypass Apt. 090\nFaystad, DE 45977-7587', 'Apt. 890', 'West Bengal', 'Aufderhar Shore', 'West', 'East Lucindaside', '15746-6652', 1, '2020-06-25 02:22:50', '2020-06-25 02:22:50'),
(66, 'Ryan Schmidt', 'kemmer.abdullah@gmail.com', '$2y$10$o4kFtbwdABgqLwqVbK2sYOmLNawYpgyzrR7rMdWKmlCCVGgBL4XOq', NULL, '3946954489', '3283771887', 10, 2, '37104 Hills Estates\nLyricview, IA 36988', 'Suite 845', 'West Bengal', 'Tania Locks', 'West', 'New Keeley', '98216-2743', 1, '2020-06-25 02:22:50', '2020-06-25 02:22:50'),
(67, 'Dr. Cydney Willms IV', 'thiel.frederic@lebsack.net', '$2y$10$i7UGFU.qzpMRQ.9cKQrhWeFPOsyvaHJo.Quza/cbb.qQ8A6HhkM3G', NULL, '4059016844', '4314356418', 10, 3, '136 Johnnie Terrace\nNew Giuseppeburgh, WA 17349-6102', 'Suite 679', 'West Bengal', 'Cummerata Mall', 'Lake', 'Janiyafurt', '14833-6401', 1, '2020-06-25 02:22:50', '2020-06-25 02:22:50'),
(68, 'Eldora Anderson Jr.', 'mosciski.megane@oberbrunner.com', '$2y$10$ciXjjIUjrVSIplfngXgZ/eGgU/gkCDpxk5AE10drMHuVRHAS65o3K', NULL, '1065050672', '9226147380', 10, 3, '1391 Nienow Trace Apt. 369\nFrederichaven, MA 89898', 'Apt. 295', 'West Bengal', 'Ted Street', 'Lake', 'North Josue', '90239', 1, '2020-06-25 02:22:50', '2020-06-25 02:22:50'),
(69, 'Prof. Elmer Considine', 'bailee02@yahoo.com', '$2y$10$/6AoCjUnejVj4ghtL/utUu1XSYfrRkkLeHNEJceBFejIcFzQNW3Ci', NULL, '8269433068', '1599785030', 10, 3, '1476 Hintz Terrace Apt. 102\nLake Carloshire, VT 18829-0287', 'Suite 246', 'West Bengal', 'Gail Key', 'West', 'South Lempi', '77857', 1, '2020-06-25 02:22:50', '2020-06-25 02:22:50'),
(70, 'Salvatore Steuber', 'epollich@kerluke.com', '$2y$10$lkKY/0CT0Wzq4CBOs9uylOM4XzYC5OMdReRm2.//LwHvAVUiYS3l6', NULL, '4541258385', '6666253664', 10, 3, '6325 Wanda Islands Suite 083\nJasperburgh, IA 81628-5756', 'Suite 839', 'West Bengal', 'Kihn Tunnel', 'East', 'New Casimerborough', '32011', 1, '2020-06-25 02:22:50', '2020-06-25 02:22:50'),
(71, 'Annalise Zboncak', 'dstehr@hyatt.info', '$2y$10$c9p1L0mf7Iw0H60htWYcXOCZWGixvhHlAiwzL29oOec9NStrMLkgO', NULL, '4645531271', '5304290328', 10, 4, '48187 Rodolfo Trace\nHeidenreichside, OH 34508-7924', 'Suite 424', 'West Bengal', 'Myra Mount', 'Port', 'North Rosendoberg', '88845-0346', 1, '2020-06-25 02:22:50', '2020-06-25 02:22:50'),
(72, 'Virgil Hartmann', 'afritsch@hahn.com', '$2y$10$PTHjFf7ntOUJg7Nrb/o0X.LOY5f51fFAbT0qut/zCMbKrNlMzFiFi', NULL, '5435356252', '4869840814', 10, 5, '58824 Jay Fords\nBotsfordland, DC 76936-0625', 'Apt. 913', 'West Bengal', 'Lynch Union', 'Port', 'Lindgrenshire', '08966', 1, '2020-06-25 02:22:51', '2020-06-25 02:22:51'),
(73, 'Mrs. Laurence Bradtke', 'yhoppe@gmail.com', '$2y$10$mUUEcbRKKbniySmP7trQuOoCnDGg8ZiNizPvblVsNBsqFRvvQenfm', NULL, '5400227056', '5529245599', 10, 2, '772 Ferry Trafficway\nMcKenzieborough, PA 75125', 'Apt. 869', 'West Bengal', 'Torp Locks', 'East', 'New Sydniebury', '62745', 1, '2020-06-25 02:22:51', '2020-06-25 02:22:51'),
(74, 'Marlon McGlynn II', 'savanna.runte@gmail.com', '$2y$10$bQXKmq2WjYhuX4oBKdGV1O81fZ432O2DRWZTB1Ob2ZbPZuClcQv02', NULL, '6066641957', '3227972933', 10, 4, '34443 Breitenberg Lake\nPort Henrifurt, MD 25954', 'Suite 199', 'West Bengal', 'Nola Road', 'Lake', 'Port Lexus', '86357-9859', 1, '2020-06-25 02:22:51', '2020-06-25 02:22:51'),
(75, 'Lucio Heidenreich', 'gislason.corbin@thiel.com', '$2y$10$Q.gammEuIlfTAp4gAmETDO0w7LEfe8PVurFe0UCRBRPYn.et/v8My', NULL, '6377651125', '6096359031', 10, 4, '805 Lawson Harbor Apt. 629\nNadiaview, PA 27062', 'Suite 968', 'West Bengal', 'Anastasia Valleys', 'North', 'West Hermannshire', '22315-9945', 1, '2020-06-25 02:22:51', '2020-06-25 02:22:51'),
(76, 'Jada Russel', 'turner.dolly@kuphal.com', '$2y$10$zpuA/Xan.I29TOAtwLqRQOLRCKx0gqgn.z9zjYiCpImLy9Iu2XgY6', NULL, '3275584560', '2150241845', 10, 3, '751 Theron Spurs Apt. 817\nHartmannmouth, NY 88713', 'Suite 957', 'West Bengal', 'Adams Cove', 'South', 'Lake Isaiasburgh', '84960-4659', 1, '2020-06-25 02:22:51', '2020-06-25 02:22:51'),
(77, 'Waldo Swift', 'rosina.williamson@yahoo.com', '$2y$10$8MHUyz.pbunH6BRQFe3KyuR.s96cgVrATb5U3YguNoKuxGe.pNNwW', NULL, '3173798480', '4202618517', 10, 2, '46678 Vern Dam Apt. 948\nMinervaville, NJ 10671-1342', 'Apt. 399', 'West Bengal', 'Goodwin Loaf', 'West', 'Kuphalville', '29466', 1, '2020-06-25 02:22:51', '2020-06-25 02:22:51'),
(78, 'D\'angelo Johns', 'heloise00@yahoo.com', '$2y$10$M./q44wSlAKFKHxq9lg3feXJxcaK6amvMN3Qtw5VcEKgD55B.Sb2G', NULL, '5802883358', '6180493598', 10, 4, '7669 Klocko Orchard Suite 442\nVonRuedenville, OK 59259', 'Suite 333', 'West Bengal', 'Dandre Spurs', 'Port', 'North Kristina', '88793', 1, '2020-06-25 02:22:52', '2020-06-25 02:22:52'),
(79, 'Trent Schuster', 'ressie03@kihn.net', '$2y$10$QhjvxJRdgDVk6IOvp4/0nevPi0l1u1caA1ryszQYx6v6Xnbn.vkra', NULL, '8478760293', '8184963717', 10, 3, '6738 Milan Junctions Apt. 449\nNew Simone, WY 08919-3148', 'Apt. 604', 'West Bengal', 'Katrina Viaduct', 'East', 'Lake Kristoffer', '39682', 1, '2020-06-25 02:22:52', '2020-06-25 02:22:52'),
(80, 'Maryam Bernier', 'edmund17@yahoo.com', '$2y$10$EG/IcS42f24Pv7uBwshIg.ZaT8tNEAd.ZH4BdNm6Ah83wQKJF0ufK', NULL, '7676434257', '3568064681', 10, 4, '686 Kertzmann Spring Apt. 409\nNew Enrico, WY 95671-8916', 'Apt. 015', 'West Bengal', 'Brekke Mountains', 'Port', 'Arlenemouth', '51169-9702', 1, '2020-06-25 02:22:52', '2020-06-25 02:22:52'),
(81, 'Mac Hilpert', 'lane.stark@fadel.com', '$2y$10$PcF8FYmEmVQ2b08Ax/3uMOh5aWCDiESEr2ahZZrVPGMdY1O8NN.e6', NULL, '9151774488', '4248099805', 10, 5, '301 Luis Drive\nRodriguezton, CO 50988-1954', 'Suite 231', 'West Bengal', 'Hahn Port', 'Lake', 'Preciousfurt', '06117-5090', 1, '2020-06-25 02:22:52', '2020-06-25 02:22:52'),
(82, 'Dr. Royce Sawayn', 'rcarter@schimmel.biz', '$2y$10$kBvo4aHWUUXh7IUQlfPM0.TXBNoSJpn9U4ajsfGVc.JOroEFup5FC', NULL, '6267931853', '5021084882', 10, 4, '523 Kristoffer Oval Suite 426\nFerryshire, CO 48997-6999', 'Apt. 784', 'West Bengal', 'Wiegand Wells', 'West', 'New Dan', '86409-2690', 1, '2020-06-25 02:22:52', '2020-06-25 02:22:52'),
(83, 'Mr. Harvey Windler', 'misty.rutherford@larson.com', '$2y$10$hRg6pt8IEuDBs3jkONqOgupnCJ6tu6qXBvtZl9KJiSObGg4NjX4Om', NULL, '4970880361', '4319827536', 10, 5, '7555 Miller Points Apt. 062\nStehrport, HI 55892', 'Apt. 962', 'West Bengal', 'Crooks Unions', 'North', 'Schmelerburgh', '71797', 1, '2020-06-25 02:22:52', '2020-06-25 02:22:52'),
(84, 'Anjali Kihn', 'effie.klein@hotmail.com', '$2y$10$PGJ2ZCdtJfieZZDOpkjRHueddw5AV3GcCe8yqS3MTnwgmhUULA5Lu', NULL, '3862032162', '3828262019', 10, 5, '630 Blanda Shore Apt. 035\nLaneyfort, CA 72879', 'Apt. 819', 'West Bengal', 'O\'Kon Way', 'West', 'Doraport', '91701', 1, '2020-06-25 02:22:52', '2020-06-25 02:22:52'),
(85, 'Oma Rau', 'ehodkiewicz@schimmel.com', '$2y$10$uWUFHEvofjElnmzdF09C6ursqsHVHqY3u4LzA9YndkOhUX6Y3bSdi', NULL, '9286568909', '1770810681', 10, 3, '79133 Myrtie Spurs\nWest Jadentown, AL 64978-7617', 'Suite 387', 'West Bengal', 'Wolf Flat', 'Lake', 'Beattyfort', '74304-2913', 1, '2020-06-25 02:22:53', '2020-06-25 02:22:53'),
(86, 'Mr. Juvenal Heidenreich', 'goldner.krystina@hotmail.com', '$2y$10$hBrbgrCjThXwcj78UcrBF.9GJkFgLHQRplPcbsouBiQfcmkL9u2n6', NULL, '8975291628', '7715489450', 10, 4, '88504 Senger Forges\nMaurinetown, ME 20740', 'Apt. 583', 'West Bengal', 'Gardner Loop', 'New', 'New Lysanneside', '94371-5590', 1, '2020-06-25 02:22:53', '2020-06-25 02:22:53'),
(87, 'Vella Donnelly', 'cbernhard@gmail.com', '$2y$10$RIirxTH95IOeP28MMPIpmu9akAa.rPQOqm4Y0SU/RAlyuuJmAXAyi', NULL, '4309756236', '7733864682', 10, 4, '19312 Towne Island\nNorth Rosetta, RI 98992', 'Apt. 119', 'West Bengal', 'Cathrine Mission', 'Lake', 'West Retafort', '73046', 1, '2020-06-25 02:22:53', '2020-06-25 02:22:53'),
(88, 'Nick Hand', 'marvin.antonietta@cremin.com', '$2y$10$ymsTn7tar7.UjzlDQXdIU.y3x9MTN5lXbqYDrupWYrptReRbDEDZy', NULL, '9599156890', '4012874328', 10, 3, '3449 Ryan Grove Suite 971\nSouth Pinkieland, VT 27468-5821', 'Apt. 918', 'West Bengal', 'Frami Crossing', 'South', 'West Oma', '06328-9608', 1, '2020-06-25 02:22:53', '2020-06-25 02:22:53'),
(89, 'Ahmad Hilpert', 'evie.lind@yahoo.com', '$2y$10$D6TVIz28Wqw2WHBFOSKAb.hOijN.8HyIUpMSwP7H4rvMy.aLiCnie', NULL, '7353325251', '1374431856', 10, 3, '384 Schamberger Cove\nGloverton, FL 97985-0840', 'Apt. 670', 'West Bengal', 'Lance Dale', 'North', 'Lake Westonfurt', '46845', 1, '2020-06-25 02:22:53', '2020-06-25 02:22:53'),
(90, 'D\'angelo Connelly', 'demarco.olson@graham.com', '$2y$10$8SwUmemA/UVFLuwGN78PgOiXP7N4x5h7OVpBVXWROuGguqDIZs3Tm', NULL, '9924974873', '4995621681', 10, 4, '72668 Leora Falls\nEast Terry, NM 74975', 'Suite 145', 'West Bengal', 'Darion Road', 'West', 'Toneyport', '94161-7960', 1, '2020-06-25 02:22:53', '2020-06-25 02:22:53'),
(91, 'Zoe Hermiston', 'lisette44@yahoo.com', '$2y$10$DksO6VP5jJUk4/Grvy9qpO8p9B.ZKXMGH8ufHTOwfnNFYhtQlHJdS', NULL, '5935475321', '3145572839', 10, 3, '82477 Tianna Course\nEarleneview, AR 58156-4560', 'Suite 736', 'West Bengal', 'Rosario Station', 'Lake', 'Ebonychester', '80187-1961', 1, '2020-06-25 02:22:53', '2020-06-25 02:22:53'),
(92, 'Ms. Jennyfer Altenwerth Jr.', 'treichel@yahoo.com', '$2y$10$LWi5z9WkWnK3GwjNRz.jaetuct4.QffH3z8mVOWetcdECR20N.56q', NULL, '9409245160', '4919878642', 10, 3, '5399 Mraz Lock\nRupertberg, ME 09307-7400', 'Apt. 784', 'West Bengal', 'Parker Motorway', 'West', 'Port Mariana', '69040', 1, '2020-06-25 02:22:53', '2020-06-25 02:22:53'),
(93, 'Miss Selena Gusikowski', 'addie.stark@beatty.biz', '$2y$10$fceevb2pw9pX4mKm3Qa21eRszosjw/SEUgqsDabuWGZTX6K67tGj6', NULL, '4882831528', '1301748470', 10, 5, '7648 Predovic Alley\nKaelynside, IN 32219', 'Apt. 952', 'West Bengal', 'Destin Isle', 'North', 'South Vinceville', '84633-1771', 1, '2020-06-25 02:22:53', '2020-06-25 02:22:53'),
(94, 'Prof. Alessandra Douglas', 'arvilla.feil@yahoo.com', '$2y$10$TCeruFvxarfe4Bc0ugPmeOgYTPxSTMvjGa4hz8.F4T2kNDWDXFVpO', NULL, '9002628865', '6528048170', 10, 4, '46770 Borer Motorway Suite 949\nLake Cordiaport, AL 25014-0034', 'Suite 680', 'West Bengal', 'Henriette Orchard', 'Lake', 'South Jerry', '37114', 1, '2020-06-25 02:22:53', '2020-06-25 02:22:53'),
(95, 'Dr. Geraldine Nitzsche', 'ztoy@hotmail.com', '$2y$10$dZXp.9p/FLsqpf.DgSND/ec0QPiPEeniJT2cUwlVwGfFUwLYKNgtm', NULL, '8048662579', '7623095660', 10, 5, '73540 Bode Groves Apt. 714\nSouth Caleville, NV 41866-7835', 'Suite 547', 'West Bengal', 'Jeanie Dam', 'New', 'Farrellfort', '51332-9923', 1, '2020-06-25 02:22:54', '2020-06-25 02:22:54'),
(96, 'Montana Botsford', 'eleanore.reichel@yahoo.com', '$2y$10$t4fVUwNx6YI9Kvpr/iUh4ubk2I5XhClqh.hqpr7.IupkDo35uKxPi', NULL, '7180774390', '7931060848', 10, 3, '7089 Schneider Wall\nBethanyfort, IN 66187', 'Apt. 645', 'West Bengal', 'Hartmann Parkway', 'West', 'Imaniville', '75250', 1, '2020-06-25 02:22:54', '2020-06-25 02:22:54'),
(97, 'Terence Sanford', 'chelsie.steuber@stoltenberg.biz', '$2y$10$zAvwxQhRyW6730B0yAn8su.X.kVGWJRtLQPC1RS57bf30EM.YSxTu', NULL, '4925529473', '7989368306', 10, 2, '692 Schoen View\nEmmerichfort, AZ 94925-5687', 'Apt. 225', 'West Bengal', 'Hills Village', 'South', 'Teaganshire', '94235', 1, '2020-06-25 02:22:54', '2020-06-25 02:22:54'),
(98, 'Nova Abernathy', 'shanahan.salvatore@cummerata.com', '$2y$10$ZrNGgveSiVavdpGJzN9Bz..9X0BdlpNp9TRRRq/TQ4F/50P7HXEXC', NULL, '1163497954', '8709525404', 10, 4, '6868 Hoeger Gateway\nNew Josephinehaven, FL 23425', 'Apt. 296', 'West Bengal', 'Rogahn Manors', 'East', 'Lake Sylvan', '26013', 1, '2020-06-25 02:22:54', '2020-06-25 02:22:54'),
(99, 'Celestino Stiedemann Sr.', 'vwolff@hotmail.com', '$2y$10$t.olYe2Tw7XRSL2MS3WUK.nQL5iFQwugV3UcMCY3s9X6f7jVbmLOu', NULL, '4406943418', '2483678119', 10, 5, '49527 Mitchell Via Suite 694\nHuelville, MD 70854', 'Suite 915', 'West Bengal', 'Hartmann Common', 'East', 'Port Kole', '34754-6085', 1, '2020-06-25 02:22:54', '2020-06-25 02:22:54'),
(100, 'Maximo Abbott', 'xkuhlman@yahoo.com', '$2y$10$iSfrQSBeQs69uMPTfCv6VOuzO4/zdCB86aecdskWav3ZR45WT098i', NULL, '1024834400', '9649561759', 10, 5, '7009 Witting Island Suite 832\nDalemouth, NJ 39155', 'Suite 844', 'West Bengal', 'Howe Rapids', 'Port', 'Considineshire', '14265-5881', 1, '2020-06-25 02:22:54', '2020-06-25 02:22:54'),
(101, 'Felipa Blanda', 'gcrist@yahoo.com', '$2y$10$Mp9Dszkd8DMoC7AZlyQn9OfkELbULPOxO6yC8qwx5pH7KBp7OkmU.', NULL, '2739499609', '6848586586', 10, 4, '95207 Parker Views Apt. 301\nKaraland, NM 36150-3569', 'Apt. 763', 'West Bengal', 'Ankunding Neck', 'North', 'Port Allene', '24743-7299', 1, '2020-06-25 02:22:54', '2020-06-25 02:22:54'),
(102, 'Otis Rutherford', 'teagan78@greenfelder.com', '$2y$10$Kv/lz5I6eKxRz./xTrd2zuBSTRG3IYPqJ65tSoHyW3cqqhZVxwQwi', NULL, '8718320400', '7981317572', 10, 3, '2023 Trinity Vista Apt. 345\nShemarfort, KS 54247-2979', 'Suite 799', 'West Bengal', 'Isaiah Well', 'North', 'Rowemouth', '03486-8878', 1, '2020-06-25 02:22:54', '2020-06-25 02:22:54'),
(103, 'Taylor Veum', 'jessika.sauer@yahoo.com', '$2y$10$PZ631nUmQZpiz9oBmakgEuMXtpPeU9gjTyxjvpV5iyHtftxIhIEOm', NULL, '1549042059', '2833221796', 10, 3, '62239 Johnston Flat Suite 449\nSouth Melyssa, AR 31789-5589', 'Apt. 966', 'West Bengal', 'Reuben Creek', 'New', 'West Hortense', '26783-1187', 1, '2020-06-25 02:22:55', '2020-06-25 02:22:55'),
(104, 'Dr. Holden Prohaska I', 'zieme.alek@gmail.com', '$2y$10$ndt0phjTVEN8UW/kYsx/6.biedx69lgEbCmsBELGKNJUlFhlugKPm', NULL, '9087069736', '2010373560', 10, 3, '8217 Jeanie Lock Suite 284\nLacyborough, DE 33728-9515', 'Apt. 883', 'West Bengal', 'Clarissa Parkways', 'New', 'Garryfort', '49885-7494', 1, '2020-06-25 02:22:55', '2020-06-25 02:22:55'),
(105, 'Thurman Gleason', 'gutmann.lisandro@yahoo.com', '$2y$10$kLPMYd/Vi7.etRtKubcjzejZYyqVJr3/LsCE77nqiMayURU27YhPK', NULL, '3132463918', '4232688650', 10, 4, '810 Satterfield Prairie Apt. 395\nNew Eloisaton, LA 37558-5398', 'Suite 855', 'West Bengal', 'Royce Way', 'West', 'Lake Martaview', '85243', 1, '2020-06-25 02:22:55', '2020-06-25 02:22:55'),
(106, 'Joe Becker DDS', 'zander.mraz@hotmail.com', '$2y$10$s79.4iO4EBvLmaGaqIjsKu1bTE/t1NpBKOdKoT68NVIWjG8ynXdmW', NULL, '9077052795', '6253091085', 10, 5, '8163 Nils Skyway\nEast Karina, AL 64649-4019', 'Apt. 209', 'West Bengal', 'Name Pine', 'New', 'West Elbert', '88391', 1, '2020-06-25 02:22:55', '2020-06-25 02:22:55'),
(107, 'Dina Kessler PhD', 'taurean37@schowalter.com', '$2y$10$Fr/yQS94Gd5MqtFznwnO0ua59/OXgZGl5uKvnBr07sCp0V9lKfjq6', NULL, '7437174349', '1214336813', 10, 2, '43893 Homenick Mews Suite 794\nLake Mose, OH 95406', 'Suite 548', 'West Bengal', 'Norma Shore', 'West', 'Ofeliaport', '19876', 1, '2020-06-25 02:22:55', '2020-06-25 02:22:55'),
(108, 'Tierra Thiel DDS', 'rath.henry@huels.com', '$2y$10$7R.OhjhnK9yHx2lxjhAW5./dko/h.1EZQGQ5q5ihDi3QDcU6HjCfS', NULL, '8051547578', '6456675792', 10, 5, '8343 Konopelski Lake Suite 996\nEast Gordon, VT 75287-5113', 'Suite 132', 'West Bengal', 'Willms Radial', 'South', 'Lake Alana', '70572', 1, '2020-06-25 02:22:55', '2020-06-25 02:22:55'),
(109, 'Mrs. Donna Larkin', 'irunte@hotmail.com', '$2y$10$wa8v5P/vzmvzMTatXpeelOXobbdlBa1hnMKMgkZ66H6F/YCmboTTe', NULL, '1275232095', '9471727768', 10, 3, '298 Harmony Circles Apt. 690\nSengerville, PA 09223-6871', 'Apt. 809', 'West Bengal', 'Ubaldo Coves', 'South', 'Port Nash', '58777', 1, '2020-06-25 02:22:55', '2020-06-25 02:22:55'),
(110, 'Taya Konopelski', 'janet.feil@gmail.com', '$2y$10$Z1S1rvQbxOKnWWCVhseWOuhk8KVqCkUYZf8lD7zPLYnZiZ87XY1rm', NULL, '5415927408', '9848357238', 10, 5, '310 Alexandre Fall Apt. 409\nEast Emilie, CT 07954', 'Apt. 944', 'West Bengal', 'Price Cape', 'East', 'Lake Mandyborough', '09053-9748', 1, '2020-06-25 02:22:55', '2020-06-25 02:22:55'),
(111, 'Dr. Felicita Jaskolski', 'hoeger.naomi@yahoo.com', '$2y$10$XmoH5jkHBLEg.w5mQ.8vyecSG0rUM.nF7VsYQum1WXEIUU4Q37lRa', NULL, '5502446605', '8067255587', 10, 4, '1725 Trinity Glens Suite 669\nRichmondberg, ID 28881-6725', 'Suite 568', 'West Bengal', 'Odie Vista', 'North', 'Schinnerfurt', '03519-3018', 1, '2020-06-25 02:22:55', '2020-06-25 02:22:55'),
(112, 'Davion Satterfield', 'hellen52@hotmail.com', '$2y$10$J86iH8wNg6P7gpMoKFXbpOCJdbhVNtdR4OkI9Of0VfduaP0S.frva', NULL, '5376470115', '2490361557', 10, 4, '839 Beatty Islands\nTurcottemouth, OR 54196', 'Suite 894', 'West Bengal', 'Kuphal Drive', 'East', 'Wallacetown', '68979-6354', 1, '2020-06-25 02:22:55', '2020-06-25 02:22:55'),
(113, 'Arvilla Pouros', 'gladys.beahan@kunde.com', '$2y$10$UsVupAWMu2oOuFrKZ/wOMOql75L0ZjCwgEkyROFn1VzCvy3Ll/Rae', NULL, '4152365384', '8082561014', 10, 5, '948 Macejkovic Brooks Suite 085\nSouth Adolphhaven, MS 14414', 'Apt. 003', 'West Bengal', 'Brenda Springs', 'Lake', 'Bernitaborough', '43419-1265', 1, '2020-06-25 02:22:55', '2020-06-25 02:22:55'),
(114, 'Dr. Columbus Sawayn', 'ycruickshank@hotmail.com', '$2y$10$KYoIn07sYqkDAPLRV2.wZO8wpIfHbOam2C2q83YFbDokkPQ3yc3N6', NULL, '1265680184', '9316071895', 10, 3, '68260 Thiel Center Apt. 932\nEast Marlin, IL 61625-6350', 'Apt. 157', 'West Bengal', 'Caroline Squares', 'Port', 'Tadburgh', '56646', 1, '2020-06-25 02:22:55', '2020-06-25 02:22:55'),
(115, 'Giovanny Gutkowski', 'vincenzo.spencer@hotmail.com', '$2y$10$pRFHOWiUjoo03rPNC0ZnZO8uEf9ZK3/iX216Mn4tniwce3d4RQGt.', NULL, '1894472715', '3465636641', 10, 3, '9345 Golda Mission\nEast Rosinaton, GA 69126', 'Suite 404', 'West Bengal', 'Rempel Freeway', 'Lake', 'Haagmouth', '17811', 1, '2020-06-25 02:22:56', '2020-06-25 02:22:56'),
(116, 'Mr. Lonny O\'Keefe Sr.', 'vivien69@gmail.com', '$2y$10$ZKTWDi22nluiq8DHNh38mecyeI.OPf56nNxraNFlX531mM9N161B2', NULL, '6733969053', '4821068186', 10, 3, '813 Tom Mews\nSouth Eddieberg, WV 39495-5398', 'Suite 519', 'West Bengal', 'Bartell Neck', 'East', 'North Nataliaton', '85598-9915', 1, '2020-06-25 02:22:56', '2020-06-25 02:22:56'),
(117, 'Dr. Cleora Wintheiser MD', 'fdicki@gmail.com', '$2y$10$J5wV1pnLKmT7lFHjsLxBruVf/6whjE5EZyPgyXJXojhQ3upX7j4tO', NULL, '1950577549', '5763547552', 10, 2, '87143 Schinner Extensions Apt. 828\nCollierhaven, MT 43850-4601', 'Apt. 291', 'West Bengal', 'Carmelo Valleys', 'New', 'Port Connorfort', '32061-4178', 1, '2020-06-25 02:22:56', '2020-06-25 02:22:56'),
(118, 'Guido Kilback', 'kunde.rosella@yahoo.com', '$2y$10$41iq3f0pEiZ8vfaE3LTBteyuDgUstf1DqA/xnFjutQR4KJy4MxrKK', NULL, '4069161431', '5428573328', 10, 3, '45824 Dickinson Street\nSouth Donnabury, TN 81782-9141', 'Apt. 255', 'West Bengal', 'Prosacco Point', 'North', 'South Paxtonfurt', '20006', 1, '2020-06-25 02:22:56', '2020-06-25 02:22:56'),
(119, 'Mr. Beau Brakus', 'boehm.miguel@hotmail.com', '$2y$10$sOpncI.BMhYzyRBbFr9FUe/NzsTCdj2ZTktlJGwJhvIj5xr0cpjNi', NULL, '3454291471', '8792346274', 10, 2, '823 Schowalter Flat Suite 152\nMckennachester, MS 64071-8160', 'Suite 701', 'West Bengal', 'Turner Dam', 'East', 'Edisonchester', '46106', 1, '2020-06-25 02:22:56', '2020-06-25 02:22:56'),
(120, 'Claud Stokes', 'qfahey@yahoo.com', '$2y$10$B38/TkkbX7YdCMD9pxZ4FOh54eqtV8xbKqLhkrTCL25xNS/9qJMuy', NULL, '3531193628', '1326915072', 10, 5, '3527 Morris Road\nWittingville, AL 35778-2141', 'Apt. 241', 'West Bengal', 'Lebsack Mill', 'South', 'Stefaniemouth', '81503', 1, '2020-06-25 02:22:56', '2020-06-25 02:22:56'),
(121, 'Junius Ortiz IV', 'salma27@hessel.com', '$2y$10$CZg.2ITJxZj2kGGrDqSZ7exRxqpu.ZVCdyXvWq/pS6x1Jd/3GyIqa', NULL, '9030433884', '8900086211', 10, 5, '962 Nicolas Lights Apt. 380\nNorth Kittyland, MD 19168', 'Suite 446', 'West Bengal', 'Corbin Spurs', 'Port', 'New Wymanton', '87391-2713', 1, '2020-06-25 02:22:56', '2020-06-25 02:22:56'),
(122, 'Carey Grady', 'rahsaan51@hotmail.com', '$2y$10$IadqCSbPQ3J7eztBj/y34uUWTcyaxszHtgGZ4BFbJ7ekaWz/iRcTy', NULL, '2557370488', '2254454784', 10, 2, '7701 King Key\nNorth Brandyville, VA 27171-5178', 'Apt. 029', 'West Bengal', 'Quinn Pass', 'New', 'North Edmondfurt', '94768', 1, '2020-06-25 02:22:56', '2020-06-25 02:22:56'),
(123, 'Devon Sauer', 'rau.conner@mayer.com', '$2y$10$ts3G2rp9uve./bfuxrgTBu57VD42haBSaxfNMsoYtOAmeRHGgaV7a', NULL, '1790475006', '2992751765', 10, 5, '2582 Viola Rapid\nPort Alford, HI 57991', 'Apt. 994', 'West Bengal', 'Henriette Mill', 'East', 'New Lucius', '11426', 1, '2020-06-25 02:22:56', '2020-06-25 02:22:56'),
(124, 'Prof. Ethan Jones', 'dgibson@gmail.com', '$2y$10$kZncGv18MN1Rs/zyjTO9LurSMFnf8yQAKeAun5oHUrVpw5gdWyHVy', NULL, '4318790906', '3337542035', 10, 5, '80719 Leopoldo Harbor Apt. 101\nKacieland, NJ 49276-0372', 'Suite 431', 'West Bengal', 'Hahn Glens', 'New', 'West Wendy', '77965-1197', 1, '2020-06-25 02:22:56', '2020-06-25 02:22:56'),
(125, 'Rosetta Rippin MD', 'zquigley@simonis.com', '$2y$10$HAWsbNombqH/wEYLdXr59uGeGtgu8mWSFjvwx9C4EaZXjbpKhtpv2', NULL, '2959825190', '9012669727', 10, 2, '963 Betsy Course\nLetitiaport, WA 64869-8832', 'Apt. 483', 'West Bengal', 'Thiel Expressway', 'New', 'Lornaport', '77573', 1, '2020-06-25 02:22:57', '2020-06-25 02:22:57'),
(126, 'Dawn Mraz', 'efeil@rohan.com', '$2y$10$A8Yr33db.IV0IXA48i6CF.EcD4IMSJRcHfY6j2VGW8QXqsyH4ezoG', NULL, '7707931904', '7884117572', 10, 2, '6264 Adelia Groves\nSouth Zettaland, RI 81449-1041', 'Suite 771', 'West Bengal', 'Flatley Burgs', 'New', 'Williamsonland', '95794', 1, '2020-06-25 02:22:57', '2020-06-25 02:22:57'),
(127, 'Eli Stiedemann', 'icie97@yahoo.com', '$2y$10$/IgxX9ktTuV4yvPFJnp3PuBF5fk77vINZwAxNQNJH8pJecKHmfplS', NULL, '2567293380', '1143855571', 10, 4, '6894 Holden Unions Apt. 090\nNew Tess, WY 68779-3169', 'Apt. 629', 'West Bengal', 'Alexandro Mountains', 'Lake', 'West Yesenia', '62715', 1, '2020-06-25 02:22:57', '2020-06-25 02:22:57'),
(128, 'Amiya Reynolds I', 'brohan@swift.org', '$2y$10$fR7rUle4zBGm8x4xRicFZ.aDGTiMmLYEhp6UQFRvTfQ84Poo.k87a', NULL, '7151960815', '3144966279', 10, 5, '624 Donnelly Gateway Suite 772\nEast Quincy, NY 82014-6869', 'Apt. 968', 'West Bengal', 'Jordane Locks', 'North', 'East Margarete', '82862', 1, '2020-06-25 02:22:57', '2020-06-25 02:22:57'),
(129, 'Dr. Marcella Gutkowski', 'lori65@effertz.com', '$2y$10$R0yfv27gWribzR6KuyVlweEZBNVr4L8ZL86hxuD77r1kemsll9b.2', NULL, '9309183167', '8016792560', 10, 3, '136 Tod Mount Apt. 445\nWatersberg, TX 05347', 'Apt. 791', 'West Bengal', 'Audra Landing', 'New', 'Smithamport', '40978', 1, '2020-06-25 02:22:57', '2020-06-25 02:22:57'),
(130, 'Junius Schneider', 'krajcik.sabina@gmail.com', '$2y$10$EgFcEYCGf9RM28Ev8o2mA.AxnBt58iGAkqqPZzDkHGz2j..vDaJ7C', NULL, '1673149561', '3100129409', 10, 3, '71969 Michele Parkways Apt. 005\nLake Romainefurt, NH 61911', 'Apt. 941', 'West Bengal', 'Cartwright Route', 'New', 'East Jadachester', '16566-8054', 1, '2020-06-25 02:22:57', '2020-06-25 02:22:57'),
(131, 'Teresa McLaughlin', 'haley.jacobson@gmail.com', '$2y$10$IRWUYjmw4DpKoGq55lAhJejR7vMRdR/o/VyZ8LCeYL4Js6VPOmajW', NULL, '1913655523', '1866633435', 10, 4, '37887 Josefa Shores\nSouth Ulises, IL 73728', 'Apt. 513', 'West Bengal', 'Prohaska Hollow', 'Port', 'Ondrickaburgh', '82766', 1, '2020-06-25 02:22:57', '2020-06-25 02:22:57'),
(132, 'Abigail Von', 'tstroman@runte.org', '$2y$10$JIrrwBnVORcOLmKcxOWmXO7MoohjZgE8vNgx.TnYuzu.wPPpqFe6O', NULL, '7271861843', '7866062275', 10, 3, '87334 Pedro Villages Apt. 176\nStrosinmouth, OR 61883-0295', 'Suite 471', 'West Bengal', 'Major Pine', 'West', 'South Edmund', '48335-0743', 1, '2020-06-25 02:22:57', '2020-06-25 02:22:57'),
(133, 'Stacy Klein', 'azemlak@yahoo.com', '$2y$10$FtbeeQJbZdP3xTCYGzB6huBRAm/6jih/3TkUzKXWE1SsCz.SBDbM2', NULL, '2766671802', '4402128735', 10, 2, '962 Wolf Unions\nVonRuedenberg, TN 53432-9349', 'Suite 843', 'West Bengal', 'Borer Meadow', 'Port', 'Christinafort', '93441', 1, '2020-06-25 02:22:58', '2020-06-25 02:22:58'),
(134, 'Dr. Valentine Osinski I', 'grady.joseph@trantow.com', '$2y$10$SO2DVa1NagKgAUShBEGQceJWb00Lp7ks.4.EYQBv/VrMAKfT1Tzom', NULL, '7564997971', '1093744810', 10, 4, '2700 Laron Stream Suite 922\nWest Rahsaan, OH 25064', 'Suite 716', 'West Bengal', 'Fritsch Shoals', 'Lake', 'South Corenemouth', '15806', 1, '2020-06-25 02:22:58', '2020-06-25 02:22:58'),
(135, 'Ova Breitenberg', 'jaida.kohler@zemlak.com', '$2y$10$hecW1/Zn/TIC6ePRe3sIgOuUFl5fqkIXSw78GrkjYnzrOaX6dgf46', NULL, '5494915080', '3573268498', 10, 4, '956 Stark Lodge Suite 362\nMonroebury, NE 28170-9832', 'Suite 865', 'West Bengal', 'Brakus Street', 'Port', 'Langworthmouth', '17737-4589', 1, '2020-06-25 02:22:58', '2020-06-25 02:22:58'),
(136, 'Mrs. Savannah Beatty Jr.', 'gmayer@schneider.com', '$2y$10$fZUoda5e1ZXngPsoj54M1OhRCxdHPGicH/J7.5BE8uQnmM2vgW0Xe', NULL, '2763597343', '8187637586', 10, 5, '84550 Jakubowski Rapid\nEast Jaydentown, WV 44668', 'Suite 885', 'West Bengal', 'Tremblay Key', 'New', 'Gleichnerside', '22627', 1, '2020-06-25 02:22:58', '2020-06-25 02:22:58'),
(137, 'Kim Murphy', 'ruben.moore@yahoo.com', '$2y$10$QiOnztlwHhqEu3JvjrfohuTqLTi96ZqKHskSoNSoV8G//r3VtOxCe', NULL, '3380459948', '7475554446', 10, 3, '68962 Cletus Island Apt. 122\nKreigermouth, OH 55010-5828', 'Suite 716', 'West Bengal', 'Oral Center', 'North', 'Johnstonview', '52432-1463', 1, '2020-06-25 02:22:58', '2020-06-25 02:22:58'),
(138, 'Maurine Swift Jr.', 'bode.trisha@gmail.com', '$2y$10$uX7qjPzUt5qirBhdG88J..Y8KaSpVZ5gwp6dv9D7fjfPiE1INPehy', NULL, '6966320379', '5768145472', 10, 4, '729 Runolfsson Causeway Suite 820\nAlexaneshire, CA 58861', 'Apt. 869', 'West Bengal', 'Lucienne Forge', 'East', 'Mayside', '88199', 1, '2020-06-25 02:22:58', '2020-06-25 02:22:58'),
(139, 'Prof. Garland Breitenberg III', 'ksatterfield@cruickshank.com', '$2y$10$LP1MsXAYecZglXqJ/VN.rORBPDpfA5aJVF3WE1xs3D/Q8p9nyrkza', NULL, '4405898287', '8288241963', 10, 4, '5925 Lenore Plains Apt. 873\nManteberg, GA 32342', 'Suite 492', 'West Bengal', 'Boyle Valley', 'Port', 'Lake Heleneberg', '72685-4363', 1, '2020-06-25 02:22:58', '2020-06-25 02:22:58'),
(140, 'Shania Wuckert', 'tavares.lehner@yahoo.com', '$2y$10$Ej21DHfF2OJiWlCG7wLeBuTOFTWGo.jo33cAKAqnZmAZrt67OnKi2', NULL, '3849576437', '3491985529', 10, 2, '770 Gleichner Club Suite 797\nJastfort, SC 13833', 'Apt. 502', 'West Bengal', 'Ava Mountain', 'East', 'Lake Jakobtown', '72470-4397', 1, '2020-06-25 02:22:58', '2020-06-25 02:22:58'),
(141, 'Dr. Hyman Effertz', 'ylemke@jerde.biz', '$2y$10$bUac84EAZKmThRZdMEpR7.xk8CcVoTwK66ykF1OMX6kHwZiqvzTVS', NULL, '3233539222', '7132599759', 10, 2, '8594 Rippin Crest Apt. 529\nNew Keaton, WV 61776-4247', 'Apt. 571', 'West Bengal', 'Magnolia Circles', 'South', 'Kovacekbury', '72611', 1, '2020-06-25 02:22:59', '2020-06-25 02:22:59'),
(142, 'Mr. Gideon Haley I', 'srutherford@hotmail.com', '$2y$10$l0zAZV6Qpj5fsDzOPrV8t.BWw2g2xCNcdSoxCzaLF3ifCOp0KEkDW', NULL, '3027417839', '2323169920', 10, 2, '685 Muhammad Knolls\nWeissnatstad, NV 82154-1847', 'Suite 287', 'West Bengal', 'Wendy Views', 'Port', 'Garryport', '40898', 1, '2020-06-25 02:22:59', '2020-06-25 02:22:59'),
(143, 'Mylene Predovic', 'cletus.mcdermott@jaskolski.org', '$2y$10$KXM1ca5TRJOlcwrsLKbzRuCquLlay61vmcn4kDZK2MhxhLiYGDzY.', NULL, '6460550899', '3348462657', 10, 5, '4934 Madeline Center Apt. 299\nPort Jany, FL 64972-2817', 'Suite 617', 'West Bengal', 'Claudine Summit', 'New', 'North Lincoln', '22150-5052', 1, '2020-06-25 02:22:59', '2020-06-25 02:22:59'),
(144, 'Mrs. Eda Abshire', 'laila.russel@volkman.com', '$2y$10$ojTDHskS4/2R3uzbtJjTTuerKnpHSBk7ItxYQMadcDTH58OFMmm8e', NULL, '2923263906', '3881486394', 10, 5, '7221 Murray Brooks Apt. 034\nNew Gladys, TX 62130', 'Apt. 656', 'West Bengal', 'Price Roads', 'South', 'Pollichfort', '84067-0630', 1, '2020-06-25 02:22:59', '2020-06-25 02:22:59'),
(145, 'Hilda Pfannerstill', 'lee.reynolds@yahoo.com', '$2y$10$tPoj8wrLcz3BAqq9tsjdHeSWguc0TRFLqnqw3m.CrKgGuCrsFoYXC', NULL, '1847556691', '4599215563', 10, 4, '7274 Summer Courts Apt. 128\nPowlowskiside, AR 27126-0395', 'Apt. 439', 'West Bengal', 'Zulauf Fall', 'New', 'West Milo', '95730-7119', 1, '2020-06-25 02:22:59', '2020-06-25 02:22:59'),
(146, 'Dillan O\'Kon', 'schmeler.katheryn@wilkinson.com', '$2y$10$4C7seJ1T5e9RMeRI59J5geYOo.g10x7OVBOVhoewd3Nael/ODYvaK', NULL, '6070444008', '2395090739', 10, 2, '153 Giovani Ferry\nSmithburgh, MS 33428', 'Apt. 132', 'West Bengal', 'Zackary Tunnel', 'Port', 'Edahaven', '31262', 1, '2020-06-25 02:22:59', '2020-06-25 02:22:59'),
(147, 'Mr. Estevan Zieme', 'moen.cyril@gmail.com', '$2y$10$uxRdVyso1c2rNSDymdSiQep/MzliF0S2X4QdwlpKyM6eiK.Vd2Vra', NULL, '5066796547', '3759327897', 10, 2, '701 Armstrong Islands\nSerenastad, SD 69936', 'Apt. 314', 'West Bengal', 'Schinner Knolls', 'East', 'North Rebeka', '40012-7201', 1, '2020-06-25 02:22:59', '2020-06-25 02:22:59'),
(148, 'Prof. Freddy Koelpin III', 'jaclyn.kihn@yahoo.com', '$2y$10$akkqlcyliE3zm2w/w25hvOFT78XBoz5VOYYN/lfrPjw1GBKgUNR26', NULL, '4967418256', '1197423719', 10, 2, '85434 Hattie Terrace\nKochton, MO 55348-9174', 'Apt. 243', 'West Bengal', 'Jerde Field', 'New', 'Coreneborough', '38729', 1, '2020-06-25 02:22:59', '2020-06-25 02:22:59'),
(149, 'Demarcus Willms', 'oleta07@quitzon.com', '$2y$10$3tQYIuCsW1hPPDa3Jlt4SO0LlD/r6/ERyMFzyv6b0WaJiW9zLqp5q', NULL, '9919430884', '7178489613', 10, 4, '7110 Florencio Fort\nLake Ceasar, ND 96145-6509', 'Apt. 853', 'West Bengal', 'Donny Forge', 'New', 'South Victor', '08966', 1, '2020-06-25 02:22:59', '2020-06-25 02:22:59'),
(150, 'Evert Ward', 'ramiro35@hotmail.com', '$2y$10$7Uv6cqzJoMMiilb6DZH2dOqozNK22STXmyQEUbV0IOxhkIyJLDnai', NULL, '5385370504', '9854129407', 10, 3, '126 Verona Walks\nNew Lilian, KY 68076-7532', 'Suite 658', 'West Bengal', 'Donnelly Crossing', 'West', 'Claudville', '43667-8173', 1, '2020-06-25 02:22:59', '2020-06-25 02:22:59');
INSERT INTO `users` (`id`, `person_name`, `email`, `password`, `remember_token`, `mobile1`, `mobile2`, `person_type_id`, `customer_category_id`, `address1`, `address2`, `state`, `po`, `area`, `city`, `pin`, `inforced`, `created_at`, `updated_at`) VALUES
(151, 'Maud Armstrong PhD', 'belle89@davis.com', '$2y$10$TqQqD03qCFIX4W2HhIzoH.3NZtcsSSpUK2z8N1zOKFRPDm/Hh1EqC', NULL, '2862883496', '3941592777', 10, 2, '84860 Jaylon Brooks\nNorth Marielachester, IN 41796-3762', 'Apt. 516', 'West Bengal', 'Bruce Mountain', 'Port', 'North Lerafort', '93084-1480', 1, '2020-06-25 02:22:59', '2020-06-25 02:22:59'),
(152, 'Dr. Lindsey Auer DDS', 'jaydon00@mckenzie.org', '$2y$10$PR4hkW6tQ5hnr58nQuZx9.gyI/XMhuFQO4EREJFz4gXY3MrL89Pim', NULL, '3139172304', '4390436137', 10, 5, '14661 Rogahn Lakes\nNienowtown, NH 17161', 'Suite 084', 'West Bengal', 'Abshire Junctions', 'East', 'Gilesside', '77717-1651', 1, '2020-06-25 02:23:00', '2020-06-25 02:23:00'),
(153, 'Mylene Hettinger', 'ybahringer@yahoo.com', '$2y$10$SrGYwVT3s8zcniNRyLRLkukaYjv8b6tt0QLmZzVNbOLn8l2cLfoCK', NULL, '9366254241', '8424255737', 10, 2, '2215 Heller Row\nGlendaland, NC 80013', 'Suite 711', 'West Bengal', 'Lennie Parkways', 'Port', 'West Christy', '47523', 1, '2020-06-25 02:23:00', '2020-06-25 02:23:00'),
(154, 'Annabel Kiehn Jr.', 'sage.cronin@yahoo.com', '$2y$10$vxYvNeo3D5RS1ONGAiZFceoh0W3Rm/Oey30qc3xSk.ZT1Hd1oxEzC', NULL, '6616923195', '5442352339', 10, 4, '73752 Gibson Springs\nSteuberport, KS 13647', 'Suite 896', 'West Bengal', 'Harvey Neck', 'North', 'Kelvinmouth', '92826', 1, '2020-06-25 02:23:00', '2020-06-25 02:23:00'),
(155, 'Mr. Jalen Wunsch III', 'fredy.harvey@ziemann.biz', '$2y$10$UgZf/9yYWJP0PQUtqcXpTOLqL.5OO5Ll6dfXVqaFlchT3O5oEQYy.', NULL, '5659698613', '2546387388', 10, 5, '4367 Predovic Land\nNew Tyreekstad, VT 38667-3125', 'Suite 866', 'West Bengal', 'Hegmann Burgs', 'North', 'New Edwina', '10479-4984', 1, '2020-06-25 02:23:00', '2020-06-25 02:23:00'),
(156, 'Prof. Jaida Hermann', 'alfonzo94@cummings.com', '$2y$10$FGlYci/GNUdHIE/J6ORRPuFnEasSr4EKEIg5pd5saidO8IrSI2f4m', NULL, '2315068577', '3551488937', 10, 2, '90573 Pouros Way\nPort Kelli, WI 13370', 'Apt. 507', 'West Bengal', 'Toy Lodge', 'Port', 'Samarahaven', '97790-3068', 1, '2020-06-25 02:23:00', '2020-06-25 02:23:00'),
(157, 'Reynold Frami', 'prohan@gmail.com', '$2y$10$O3D19pfdBJw/MIpQhIFbzevw0C95PygXrqPj9pR7FO1dooTu/45oi', NULL, '1397292898', '1889671647', 10, 5, '548 Leanne Crescent Suite 278\nJohnathonview, NC 95442-4300', 'Suite 703', 'West Bengal', 'Chaya Springs', 'Port', 'Lake Casimerview', '42063-7277', 1, '2020-06-25 02:23:00', '2020-06-25 02:23:00'),
(158, 'Miss Isabella Jacobson DVM', 'evan62@upton.com', '$2y$10$TJR50QHLxnWV758hpm/THeFgQrbRYE35o.iZYVmxDJS95jAjGz2zu', NULL, '1449782487', '5724575341', 10, 3, '1461 Pagac Mission\nMurraymouth, ID 69510-9736', 'Apt. 042', 'West Bengal', 'Katherine Port', 'West', 'Manteville', '93710-6623', 1, '2020-06-25 02:23:00', '2020-06-25 02:23:00'),
(159, 'Silas West', 'brown24@yahoo.com', '$2y$10$UWuBbn452ljY5CgsS65ccu7UMXLoQACLtwYVp7c4PPWXswWHLRhFm', NULL, '5740368487', '8667981261', 10, 5, '2811 Kemmer Freeway Suite 356\nKoepphaven, KS 87575-4733', 'Suite 915', 'West Bengal', 'Schmidt Parkways', 'South', 'Flobury', '52180-5311', 1, '2020-06-25 02:23:00', '2020-06-25 02:23:00'),
(160, 'Dr. Alexys Jacobson', 'schowalter.beatrice@yahoo.com', '$2y$10$iHAEImhQhdT2rS7mO1o6Iut8rcc/P2v3Q00ilYVcW.KbRXNmHeSaO', NULL, '8425122077', '4203595859', 10, 2, '9867 Granville Center Suite 925\nJakubowskitown, PA 39867-0875', 'Suite 859', 'West Bengal', 'Wunsch Overpass', 'New', 'North Vincent', '04229', 1, '2020-06-25 02:23:00', '2020-06-25 02:23:00'),
(161, 'Micheal Luettgen', 'noemy.thompson@rogahn.com', '$2y$10$w8hzeMDmZBpi3I4bm1z0luk2atMW4sxSa3EY.29zrrHT7EhwH.3pC', NULL, '2565483305', '2958857653', 10, 4, '283 Ubaldo Crossing Apt. 653\nFunkville, CT 94560-6361', 'Apt. 610', 'West Bengal', 'Brekke Canyon', 'New', 'Jastborough', '45109-8856', 1, '2020-06-25 02:23:00', '2020-06-25 02:23:00'),
(162, 'Mr. Ahmad Daugherty PhD', 'cruz.toy@yahoo.com', '$2y$10$dl72MkG1md6.z5waNyEJWewd3zM1UB3W6xuzE44IAlNiFm0pAox16', NULL, '5832110712', '4218295075', 10, 2, '4711 Lesch Roads Apt. 706\nWest Rebeka, SC 45571', 'Apt. 171', 'West Bengal', 'Ward Center', 'West', 'East Micaelafort', '01233-4989', 1, '2020-06-25 02:23:01', '2020-06-25 02:23:01'),
(163, 'Jamir Hartmann', 'kledner@boyer.com', '$2y$10$Dl.vUaA0BihwkwmunM8Mh.10lFtj9r531xYGyZlnf5xeHJbVEImf6', NULL, '5900744432', '5560086720', 10, 4, '829 Jaycee Brook Suite 032\nRobbiechester, DC 73443', 'Apt. 547', 'West Bengal', 'Katrine Square', 'Port', 'Port Maxchester', '52899', 1, '2020-06-25 02:23:01', '2020-06-25 02:23:01'),
(164, 'Jaydon Kub', 'rgleichner@greenfelder.net', '$2y$10$ljGPGl9TTviNwIy4BLijAenefhGAd2npK4MeyqHocIoN8.c8RPRdW', NULL, '3850010919', '9495018309', 10, 2, '772 Dessie Extensions Suite 598\nVelvaside, RI 67673-3664', 'Apt. 442', 'West Bengal', 'Leonora Green', 'West', 'West Kayley', '96991', 1, '2020-06-25 02:23:01', '2020-06-25 02:23:01'),
(165, 'Halie Strosin', 'peyton.harvey@muller.biz', '$2y$10$qiYnxrI8iph7CP8iD0gQa.wBMqyxeVb2MfGD5n.v6a6gms5s2QZDG', NULL, '1070031404', '5760511951', 10, 3, '66120 Dare Station\nReillyville, DE 41610', 'Suite 325', 'West Bengal', 'Wilfredo Spring', 'East', 'Patside', '99592-5880', 1, '2020-06-25 02:23:01', '2020-06-25 02:23:01'),
(166, 'Leonor Powlowski MD', 'kelton62@kihn.com', '$2y$10$Kmjc9gHjfaJJdkXz11apLu97QyWL/lCqURH3DKrzVVHKg7o2XtZf.', NULL, '6114740473', '4715058387', 10, 3, '4152 Batz Station\nLake Cheyanne, NY 18990', 'Apt. 892', 'West Bengal', 'Wintheiser Island', 'East', 'Lake Wilfredoborough', '17950-9352', 1, '2020-06-25 02:23:01', '2020-06-25 02:23:01'),
(167, 'Vivienne Lynch', 'ortiz.duncan@marks.com', '$2y$10$Op3VVsI9gjp5V4k9.9Im3.CGGiVZb6PmSQhaC6QM4wb8onURqFzfi', NULL, '5306255607', '6375914046', 10, 2, '629 Willms Fork Suite 449\nBatzhaven, NE 55093-6585', 'Apt. 479', 'West Bengal', 'Waters Lodge', 'New', 'Rempelberg', '18073', 1, '2020-06-25 02:23:01', '2020-06-25 02:23:01'),
(168, 'Gwen Huel', 'adams.kobe@schinner.com', '$2y$10$wSnkXcvdxUNaU39VEOUZg..qRA6wieQOHkJh3rYOzk.ROMCqv/rhC', NULL, '3974838898', '3264633767', 10, 2, '1020 Otto Cliffs\nJaquelineton, KY 21028-0129', 'Apt. 151', 'West Bengal', 'Kuvalis Falls', 'North', 'Raynorside', '80849-8756', 1, '2020-06-25 02:23:01', '2020-06-25 02:23:01'),
(169, 'Jamison Lindgren', 'waters.annetta@hotmail.com', '$2y$10$.xF6yEROTPccM6v9.JDrlezm5eUt8.HF6b6Lq9CUlgDV3Df9jDjO.', NULL, '9162293739', '7124123529', 10, 4, '77163 VonRueden Shoal\nSouth Diamond, DE 70043-5687', 'Apt. 779', 'West Bengal', 'Rex Plains', 'Port', 'Port Luis', '07982-5736', 1, '2020-06-25 02:23:01', '2020-06-25 02:23:01'),
(170, 'Madelyn Schmidt', 'abernier@yahoo.com', '$2y$10$kEiuXN5zl0Al3qiOIPOkr.txzHFQIZF5Kd.XR1x8hfp3hMVLOa0u6', NULL, '4253083775', '6673098985', 10, 5, '98665 Tad Manor\nWest Horace, NY 79145-0975', 'Suite 695', 'West Bengal', 'Houston Run', 'South', 'New Blanca', '90294', 1, '2020-06-25 02:23:01', '2020-06-25 02:23:01'),
(171, 'Dr. Ed Stehr', 'edward25@hotmail.com', '$2y$10$O7aCNKmAzyn9SXXWX2JsL.8sRBjMo9oQw.HImqqfgv4Zi0fJ6gEG.', NULL, '1186165101', '7504920273', 10, 2, '15049 Shanon Plains\nKristastad, NM 79243', 'Apt. 436', 'West Bengal', 'Christa Skyway', 'New', 'North Valentine', '51348-5784', 1, '2020-06-25 02:23:02', '2020-06-25 02:23:02'),
(172, 'Richmond Gibson', 'nikolaus.tressie@heathcote.com', '$2y$10$hpikaNNMOvw5EQ6Z45InqeOz6cNzGYjB09Pi6zs0vXKnx0xC4V52q', NULL, '4467575597', '5636710202', 10, 2, '2153 Gottlieb Fords Apt. 099\nGarfieldborough, KS 56246', 'Apt. 854', 'West Bengal', 'Madelyn Shoal', 'Lake', 'Mannland', '62780', 1, '2020-06-25 02:23:02', '2020-06-25 02:23:02'),
(173, 'Mrs. Pattie Adams', 'felipe.reynolds@hotmail.com', '$2y$10$4g/I1pbKkUJCdwfe2F8ODeMhgpKtzpprL.zNNiyn/Mqoj4nPaGfqi', NULL, '7748949898', '8862876205', 10, 3, '163 Devyn Village Apt. 080\nEast Coltenland, PA 36171', 'Apt. 723', 'West Bengal', 'McCullough Cliff', 'Port', 'Brekkemouth', '88702-3420', 1, '2020-06-25 02:23:02', '2020-06-25 02:23:02'),
(174, 'Dr. Ole Sauer V', 'titus06@hotmail.com', '$2y$10$EcaP2LZOKm6.G0w89an/sOuQVmBChVqQM1lJuyBTTuUm2Q6Gd3lyS', NULL, '6837919116', '8301131511', 10, 5, '35998 Julian Freeway Apt. 128\nRickview, NE 74567', 'Apt. 001', 'West Bengal', 'Jamarcus Lights', 'Port', 'East Hailiestad', '47747', 1, '2020-06-25 02:23:02', '2020-06-25 02:23:02'),
(175, 'Landen Christiansen', 'kirstin54@mayer.biz', '$2y$10$OX1sqkobR.4ouW9NOxqffOXqkwHz1iIHfXBk76kdRR/BNUARmdV7.', NULL, '5602653564', '9970771136', 10, 5, '74364 Jacinthe Crest\nKoelpinbury, AK 39529', 'Apt. 929', 'West Bengal', 'Susana Stream', 'New', 'Altenwerthside', '88014-4818', 1, '2020-06-25 02:23:02', '2020-06-25 02:23:02'),
(176, 'Dr. Barry Mraz', 'lebsack.lillie@murazik.com', '$2y$10$38LPTZ8j1Ny7HKBfeiVNquyQBbz2bdI7m819FRJEBj0EN/hs/nl32', NULL, '5326466847', '9030533759', 10, 3, '29257 Morar Course Apt. 902\nHarleymouth, PA 83070-2226', 'Suite 115', 'West Bengal', 'Marianne Expressway', 'New', 'Port Caitlyn', '96812-5235', 1, '2020-06-25 02:23:02', '2020-06-25 02:23:02'),
(177, 'Deon Rodriguez PhD', 'fstark@yahoo.com', '$2y$10$R.TXSl2HqRkL5.HJmRUeb.6P6zJfVNmsGdQumI6aF1y94sLGfB7cq', NULL, '4338797580', '1376240123', 10, 3, '5602 King Heights Apt. 768\nEast Eddtown, NY 01365-0925', 'Apt. 871', 'West Bengal', 'Morissette Viaduct', 'Port', 'North Raulburgh', '29737', 1, '2020-06-25 02:23:02', '2020-06-25 02:23:02'),
(178, 'Dr. Grace O\'Keefe PhD', 'adrienne51@yahoo.com', '$2y$10$BVeL3b1haMjz/LmhP1ohZeSVlB/0h3nsTY/J8Pp8UeXz6D4lWqonu', NULL, '3447319651', '9645094994', 10, 4, '6475 Hagenes Divide\nNorth Rowan, LA 23215', 'Suite 241', 'West Bengal', 'Gerlach Spurs', 'East', 'New Laurinemouth', '35610', 1, '2020-06-25 02:23:02', '2020-06-25 02:23:02'),
(179, 'Larry Kulas', 'jabshire@schulist.org', '$2y$10$/T7k4Z8quZHlYjTnyG5oWuDogtb4noJfzovooiS2b86MPDr07Mbou', NULL, '7928311430', '7249195093', 10, 3, '847 Luther Lock\nSouth Anastacioburgh, DE 43274-4399', 'Suite 821', 'West Bengal', 'Hermann Green', 'South', 'Mckaylaberg', '95709-6812', 1, '2020-06-25 02:23:02', '2020-06-25 02:23:02'),
(180, 'Solon Abbott', 'bernadette.keeling@hotmail.com', '$2y$10$wyohnQRk2xIxZVU20DWE.eNcmbwMljFd2N7M7K45TZ/iEAfIaDdXC', NULL, '6581697884', '4213332141', 10, 4, '750 Lesch Way\nEast Minerva, MS 89410', 'Apt. 751', 'West Bengal', 'Freida Road', 'South', 'North Stefanieport', '49753-2819', 1, '2020-06-25 02:23:02', '2020-06-25 02:23:02'),
(181, 'Mr. Dee Dickens IV', 'georgianna62@lubowitz.org', '$2y$10$VFDuRVhiWexfv3UzO2KixeoauiL/MaAZmuCJmMaF.b.pWtL9EqfkO', NULL, '8236145498', '2133932464', 10, 3, '569 Dan Trafficway Suite 442\nSchneidertown, AR 32496', 'Apt. 500', 'West Bengal', 'Robel Drive', 'New', 'Lake Rooseveltberg', '44980-2578', 1, '2020-06-25 02:23:03', '2020-06-25 02:23:03'),
(182, 'Araceli Roberts', 'bode.cleveland@schowalter.biz', '$2y$10$ysPHaMNt7LBraiUEYuheF.EwofFT4qcyGRXQlxa7Ro97ZGmxk8A0m', NULL, '9052083474', '1045962563', 10, 5, '94766 Predovic Harbors\nPort Emiliohaven, DE 36966', 'Apt. 082', 'West Bengal', 'Schimmel Center', 'New', 'Brettmouth', '10753-7147', 1, '2020-06-25 02:23:03', '2020-06-25 02:23:03'),
(183, 'Emile Nikolaus', 'holden.waters@yahoo.com', '$2y$10$gQTvNqq79l3SNZ05/nrOtuLSy2no5LWGVZNW1jH0yyrZiyjwTIn4G', NULL, '6643863991', '8241471943', 10, 5, '6578 Ebert Trail\nJaunitafurt, MT 98224-2856', 'Suite 124', 'West Bengal', 'Jerome Lane', 'Lake', 'Spinkatown', '37043', 1, '2020-06-25 02:23:03', '2020-06-25 02:23:03'),
(184, 'Geo Champlin', 'breitenberg.madie@hermiston.com', '$2y$10$7.mXQVmckMSb7ksUpgQlKuhPcKmzm8P//LARsWWw.JcHzSBO4TMoK', NULL, '5271764814', '9544975982', 10, 3, '7688 Daugherty Circles\nGailtown, LA 83882-6413', 'Apt. 521', 'West Bengal', 'Runte Island', 'West', 'Gagebury', '04569-5880', 1, '2020-06-25 02:23:03', '2020-06-25 02:23:03'),
(185, 'Prof. Jevon Hintz V', 'odell64@hotmail.com', '$2y$10$1I1tBfVUBlGoQ9Bufg6vFOl.TqMj/hJPjx7zaIs6rVj4nUavnz3Me', NULL, '4772972177', '3762433279', 10, 4, '3883 Maxwell Drive Apt. 185\nWaltonshire, MT 31050-6339', 'Suite 786', 'West Bengal', 'Waters Isle', 'New', 'Robertshire', '33004-0020', 1, '2020-06-25 02:23:03', '2020-06-25 02:23:03'),
(186, 'Dr. Stefanie Koelpin I', 'qcrona@beer.com', '$2y$10$q0RJIuVpuxLrqCxyujXw4uOyFQ3mbZ8deel.jkyiZKr6ekHfvwaAu', NULL, '1556524685', '4281466028', 10, 3, '362 Ward Roads\nLake Margot, GA 60813', 'Apt. 067', 'West Bengal', 'Easter Brook', 'South', 'Schmittside', '93465', 1, '2020-06-25 02:23:03', '2020-06-25 02:23:03'),
(187, 'Erik Kunde', 'ziemann.murphy@satterfield.com', '$2y$10$/E1JjSr0GKI6qumJKKHl.O/sBhnQVwtTTznSCLSFmYr8opmj6bocu', NULL, '6452250341', '3609838266', 10, 2, '167 Emerson Brooks\nSouth Opalbury, MI 33172-0734', 'Apt. 468', 'West Bengal', 'Kerluke Meadow', 'Port', 'Gerlachborough', '47037-0253', 1, '2020-06-25 02:23:03', '2020-06-25 02:23:03'),
(188, 'Kali Hartmann', 'retha38@dickinson.net', '$2y$10$dPcT.2n/pPGW2ngsmryHGO0SA1TKYH8WkKRame3QNlOl0zqVi5WT.', NULL, '7500953179', '7477459435', 10, 2, '845 O\'Keefe Landing\nWest Ericaburgh, CO 33802-8157', 'Suite 261', 'West Bengal', 'Cheyenne Via', 'New', 'New Freddymouth', '80142-5231', 1, '2020-06-25 02:23:03', '2020-06-25 02:23:03'),
(189, 'Horace Koelpin', 'chadrick.zboncak@lehner.biz', '$2y$10$crBdwE/l54bB8IVVHuH.BuD72ozA/2o3/LZwepqag4tTo0moRZRta', NULL, '1344061591', '2794698523', 10, 4, '1318 Mosciski Mountain Apt. 078\nDouglasborough, SD 22722-9091', 'Suite 357', 'West Bengal', 'Deckow Glens', 'Port', 'Handville', '40332-0895', 1, '2020-06-25 02:23:03', '2020-06-25 02:23:03'),
(190, 'Dr. Lillie Oberbrunner', 'bradtke.kimberly@watsica.com', '$2y$10$32bPjzbfjSQtzerEaWH0EOTCDOjtZzd7aP6wJqsGZwHxW4iZKBZ.a', NULL, '2625517607', '7174575237', 10, 5, '995 Flatley Alley\nMadieborough, WI 44699-2570', 'Suite 117', 'West Bengal', 'Steuber Port', 'New', 'Kenyonfurt', '29252-8671', 1, '2020-06-25 02:23:04', '2020-06-25 02:23:04'),
(191, 'Maryjane Grimes', 'wgaylord@yahoo.com', '$2y$10$mj/DamnwcFy0PXVsi6qs6.EZBmhuF/Q9x5Lu.bx1a0K56shGkGLu.', NULL, '2424341057', '7623892683', 10, 2, '50757 Torphy Motorway\nQuintenport, NY 49729-8341', 'Apt. 088', 'West Bengal', 'Aufderhar Island', 'Port', 'Zellaland', '57077-8135', 1, '2020-06-25 02:23:04', '2020-06-25 02:23:04'),
(192, 'Charlene Mraz', 'gracie62@gmail.com', '$2y$10$B0GAsYSk1P0rwM998FPdS.UCH87VLrRns/uXra9xzsnLJtykJE1nu', NULL, '4267278853', '7147132579', 10, 5, '3408 Hamill Locks Apt. 309\nWest Keenan, WY 45462-1896', 'Suite 654', 'West Bengal', 'Orn Union', 'New', 'Dachfort', '63057', 1, '2020-06-25 02:23:04', '2020-06-25 02:23:04'),
(193, 'Gabrielle Schiller Jr.', 'wkling@yahoo.com', '$2y$10$oQWd/0YQ2Rc/T4AhTLmxaOrf.jxioXXZrlAG3OtvVGnNUcYWZGsFy', NULL, '5970117318', '8777639762', 10, 4, '535 Vivianne Stravenue\nLake Mertietown, NY 87096', 'Suite 499', 'West Bengal', 'Hegmann Isle', 'Port', 'North Braulio', '31536-7142', 1, '2020-06-25 02:23:04', '2020-06-25 02:23:04'),
(194, 'Aisha Fay Jr.', 'ford.stamm@hotmail.com', '$2y$10$jqrXVji.1dmfgJHVQ0BDj.4C/2f951QixWvFh3eM.O2767SP5ZecO', NULL, '7615798932', '7304041518', 10, 5, '8874 Elsie Curve Suite 070\nNorth Korey, DC 11236', 'Apt. 439', 'West Bengal', 'Pinkie Station', 'Port', 'South Jarenfurt', '30852', 1, '2020-06-25 02:23:04', '2020-06-25 02:23:04'),
(195, 'Alysa Gottlieb', 'khettinger@cummerata.net', '$2y$10$yj8z1HkH73/a3YE1FychMudjASqviD3Ih/c5PNf7n39HADeCfaENu', NULL, '2396890511', '7118654448', 10, 3, '515 Russel Course\nSchadenstad, WA 09069', 'Suite 407', 'West Bengal', 'Corwin Freeway', 'East', 'Raynorton', '45140', 1, '2020-06-25 02:23:04', '2020-06-25 02:23:04'),
(196, 'Dorothea Lubowitz PhD', 'dorothea.satterfield@yahoo.com', '$2y$10$QAizD4s9FGOLzaThnrCyKeixflwl9rrJWejs4xrKj5UohVmKoWK.S', NULL, '8677592065', '5501790573', 10, 2, '670 Melvin Stravenue\nAddietown, IA 69890-0583', 'Apt. 960', 'West Bengal', 'Hoppe Garden', 'West', 'West Dessie', '68854', 1, '2020-06-25 02:23:04', '2020-06-25 02:23:04'),
(197, 'Hardy Veum', 'xtowne@predovic.com', '$2y$10$JOZmJJcYUOhWiiDsqr.Kr.pfTKFL5lWtQAPBl2QpFUVbEocwxePjS', NULL, '7655652359', '6907611142', 10, 3, '2658 Emard Manor Suite 737\nPort Adellaberg, MN 98022-6775', 'Suite 757', 'West Bengal', 'Jules Fort', 'Port', 'West Vincenzo', '33342-3101', 1, '2020-06-25 02:23:04', '2020-06-25 02:23:04'),
(198, 'Dasia Runte Jr.', 'kaya.mertz@schumm.com', '$2y$10$c64MBo.DPYBlUtt3sdJjaeZdBW4EqdCf3jPG4Q0fOT/C3LSvJ/HAK', NULL, '2829435763', '2309367179', 10, 2, '5743 Sammy Underpass\nCleorashire, VA 22931-6653', 'Suite 797', 'West Bengal', 'Augustus Motorway', 'West', 'Deliamouth', '55839', 1, '2020-06-25 02:23:04', '2020-06-25 02:23:04'),
(199, 'Alexandrine Bruen', 'sanford.russel@schneider.com', '$2y$10$hSB3pW1gXtHTZ2eYyh7P2OWXUL.ZPba1LgBPbTW0xnGqP88T2Y6ge', NULL, '7515678659', '3132071896', 10, 3, '6335 Kiara Key\nTownetown, KS 46783-1653', 'Apt. 119', 'West Bengal', 'Hilpert Mountain', 'East', 'Eloisaville', '26297-0755', 1, '2020-06-25 02:23:05', '2020-06-25 02:23:05'),
(200, 'Dr. Kassandra Mayer III', 'tgleason@gmail.com', '$2y$10$niXw8dJGkImAOkbiA7XUHeTtkFJjGwPBtMSj05SURL/RPSa.WPMWa', NULL, '6063784035', '7983741078', 10, 3, '2885 Peggie Valleys Suite 288\nNorth Bridget, PA 50976', 'Apt. 565', 'West Bengal', 'Angelica Avenue', 'South', 'East Heather', '89535', 1, '2020-06-25 02:23:05', '2020-06-25 02:23:05'),
(201, 'Oswaldo Rice II', 'loreilly@zemlak.org', '$2y$10$uu.lIksqygVO19jfZgRo3.BFaYurSk9Y.918VHFBsUAncwXpDbbp2', NULL, '6570675853', '4340379886', 10, 3, '229 Shanel Lock Apt. 412\nDawsonview, NY 09077-0837', 'Apt. 007', 'West Bengal', 'Zboncak Stravenue', 'East', 'Sengerbury', '13393', 1, '2020-06-25 02:23:05', '2020-06-25 02:23:05'),
(202, 'Joshua Moore', 'weissnat.eloisa@heidenreich.com', '$2y$10$l7t35977fUp8lNKODlQ0IuNBZmauUtQ2bNP0Ay/K7b3CX5fTIbRkq', NULL, '6262596877', '8154690575', 10, 5, '942 Dibbert Extensions\nWaelchiborough, MT 64352-9774', 'Suite 893', 'West Bengal', 'Jake Pass', 'Lake', 'Carrollfurt', '84820-0143', 1, '2020-06-25 02:23:05', '2020-06-25 02:23:05'),
(203, 'Meghan Durgan', 'christophe28@nitzsche.com', '$2y$10$cK.kmojKgKfMd/r32/p4iOjmiYEgHpaRAkuyfQjAsVYQYt7ISHFBC', NULL, '9647688173', '9759035250', 10, 3, '1044 Klein Mountain\nStrosinchester, LA 81970-6229', 'Suite 361', 'West Bengal', 'Reichert Radial', 'Port', 'North Margotmouth', '55116', 1, '2020-06-25 02:23:05', '2020-06-25 02:23:05'),
(204, 'Max Considine', 'pkuvalis@grant.info', '$2y$10$c4Fhe3pmHkTls96Ngb617esxAvrGVWtpYYT/UddagMXs3r2RdP6Ii', NULL, '1572138318', '3397354792', 10, 2, '6909 Isabell Square\nEast Jennifer, MD 58178', 'Suite 982', 'West Bengal', 'Denis Turnpike', 'Port', 'Blickland', '64865', 1, '2020-06-25 02:23:05', '2020-06-25 02:23:05'),
(205, 'Henry Luettgen', 'dante29@hotmail.com', '$2y$10$hzyd5yATcNBKgwI3LZqw.ObfSypWlM4ScIHD9.2/ZvSsWu2WoYesa', NULL, '6420014053', '7028757761', 10, 3, '35211 Cruickshank Lane Apt. 058\nMoisesfurt, FL 92491', 'Suite 957', 'West Bengal', 'Harris Burg', 'South', 'South Retabury', '72602-9413', 1, '2020-06-25 02:23:05', '2020-06-25 02:23:05'),
(206, 'Claudine Bergstrom', 'zshanahan@yahoo.com', '$2y$10$Svy.EIoHrq7WoaYGiQ2seetr8jOGlJKS3tRApwdPVgLoxr63/vJe6', NULL, '1143272539', '3800319257', 10, 4, '875 Elva Route Suite 247\nLake Bradychester, CA 47647-6805', 'Apt. 319', 'West Bengal', 'Walsh Centers', 'Lake', 'Rauview', '31197-8028', 1, '2020-06-25 02:23:05', '2020-06-25 02:23:05'),
(207, 'Dr. Arianna O\'Keefe', 'hills.karen@rau.com', '$2y$10$V4sJPoE3cmwKWZ1E3pYwz.YUXtBqS3.4XR2JaRFd.8Qwdf5yWmlNW', NULL, '7212477653', '5954260454', 10, 4, '5927 Labadie Radial Apt. 687\nHoegerberg, VT 10191', 'Suite 813', 'West Bengal', 'Hellen Ports', 'North', 'Lake Betsy', '52704', 1, '2020-06-25 02:23:06', '2020-06-25 02:23:06'),
(208, 'Dr. Cristina Thiel III', 'nstiedemann@hotmail.com', '$2y$10$EcUBQDdHaST./kKqUCZ0SeMKMBmK6XJBm.12yV3aPqk8HXF0abkzG', NULL, '1279815389', '7443932452', 10, 2, '701 Alisa Meadows Suite 535\nSouth Caleigh, ME 94684-7637', 'Apt. 095', 'West Bengal', 'Prudence Squares', 'New', 'Kingside', '09682-5575', 1, '2020-06-25 02:23:06', '2020-06-25 02:23:06'),
(209, 'Ms. Bettie Stroman DDS', 'leuschke.amber@hotmail.com', '$2y$10$zh2Crb/u/VOFGmHOn3E2XetzcOQYqc80i2kZxTWgwCqueJWRuR99y', NULL, '9531850613', '1299760193', 10, 4, '1807 Hahn Lodge Apt. 650\nSteuberfort, MI 98317', 'Suite 610', 'West Bengal', 'Towne Run', 'Lake', 'Lake Daren', '54425-5413', 1, '2020-06-25 02:23:06', '2020-06-25 02:23:06'),
(210, 'Pamela Bernier', 'lind.curt@yahoo.com', '$2y$10$fiKHrUL4j44P8/34IELCtuMC4QxWe5DfP8NBNJmT5J6j69Xz/TRTy', NULL, '9001481712', '6011119337', 10, 4, '773 Weber Lights Apt. 158\nClevelandside, ME 44461', 'Suite 783', 'West Bengal', 'Mohr Mall', 'East', 'Janemouth', '34710', 1, '2020-06-25 02:23:06', '2020-06-25 02:23:06'),
(211, 'Dr. Ezekiel Hodkiewicz', 'jessyca.thiel@gmail.com', '$2y$10$DuMTNO13pQRmlCdVifZ8COJK90Gh2Qp0l.GZC9pXTufSK9y7Ju29C', NULL, '3582892600', '2802243728', 10, 3, '75278 Katarina Grove\nChadricktown, SC 34948-9024', 'Suite 586', 'West Bengal', 'Farrell Lodge', 'East', 'East Camren', '47228', 1, '2020-06-25 02:23:06', '2020-06-25 02:23:06'),
(212, 'Georgiana Abernathy', 'antonio.bruen@torphy.com', '$2y$10$2/qH8AN5pSdh2VeGIJ4TGePHUh6gWGgntIVR0/M19hxRmOzE7AJAi', NULL, '1943036969', '7056848593', 10, 2, '1546 Rippin Plains Suite 774\nSouth Crawford, OH 20550-0100', 'Suite 898', 'West Bengal', 'Orpha Vista', 'North', 'Fosterhaven', '67317', 1, '2020-06-25 02:23:06', '2020-06-25 02:23:06'),
(213, 'Lela Shields', 'clyde83@maggio.info', '$2y$10$3SmMg36UVZpf/gDRYC/.NO8jOHhkYP/FZEcC7DQwG7O60S7L1MFe.', NULL, '6540136607', '3031315147', 10, 3, '1156 Kiehn Parks Suite 686\nMetztown, SC 32378', 'Suite 471', 'West Bengal', 'Heidenreich Coves', 'West', 'New Judeview', '30682', 1, '2020-06-25 02:23:06', '2020-06-25 02:23:06'),
(214, 'Toney Veum', 'hhoeger@gmail.com', '$2y$10$uOCU.FP/6XtBT.65Tf0LCOgvB.OFJSwLaaimAEWuvbMlnZECnlpcC', NULL, '6221457219', '2164218911', 10, 4, '15291 Matteo Springs\nNorth Lianachester, NY 09951', 'Apt. 076', 'West Bengal', 'Precious Spring', 'North', 'Miraclefort', '61776-8097', 1, '2020-06-25 02:23:07', '2020-06-25 02:23:07'),
(215, 'Maryse Block', 'madie.brakus@yahoo.com', '$2y$10$lBDX1dol2fTr.gyvRqL5seeo2iQF0aoU8FNKQacGRh5s0aWfVW9mu', NULL, '8596424166', '6731965819', 10, 4, '9469 Mallie Rapids\nNew Edwinaside, MO 80578-7241', 'Apt. 323', 'West Bengal', 'Toni Summit', 'South', 'Hamillfurt', '89383', 1, '2020-06-25 02:23:07', '2020-06-25 02:23:07'),
(216, 'Terence Lockman DDS', 'creynolds@treutel.info', '$2y$10$hBR0TylFYOrLI5k/jlXcB.HxmWEPdZSAVKa6oIXErXPAjr8q7oaH6', NULL, '1377522077', '1196269873', 10, 2, '16635 Halle Circle Suite 381\nSchaeferhaven, NV 70204-2029', 'Suite 600', 'West Bengal', 'Gulgowski Ridges', 'Lake', 'Dianamouth', '24117', 1, '2020-06-25 02:23:07', '2020-06-25 02:23:07'),
(217, 'Sabina Mitchell', 'hodkiewicz.hazle@zulauf.net', '$2y$10$0/D4NU35p0uRyu3Qci6vzOfLPCENTbqf1bkK0aCu7AphV6VY5cexK', NULL, '7624432262', '3700549175', 10, 2, '52505 Alessandra Common\nMaryamfurt, MA 75490-3678', 'Suite 222', 'West Bengal', 'Bernhard Stravenue', 'South', 'Bennettview', '26077', 1, '2020-06-25 02:23:07', '2020-06-25 02:23:07'),
(218, 'Antwon McDermott', 'ima.veum@okeefe.com', '$2y$10$.qjRVOpePHSQ.rduPMDj..HEeo67bO2CSpnsy4/TOeuAglc3P0IF.', NULL, '5488227824', '7144446056', 10, 2, '64748 Durgan Row\nNolanton, IN 00505', 'Apt. 717', 'West Bengal', 'Fay Street', 'Port', 'West Tamara', '20666', 1, '2020-06-25 02:23:07', '2020-06-25 02:23:07'),
(219, 'Tracy Beer', 'mante.brenden@kertzmann.org', '$2y$10$rj./Jni1txp0et9J7W.A/OC4.681wYwQnsRCM7VhQdC4htCPt9XLS', NULL, '5421453908', '5098762515', 10, 4, '248 Alden Inlet Suite 734\nMonserratton, IA 31486-5020', 'Suite 265', 'West Bengal', 'Cummerata Summit', 'Port', 'Reichertburgh', '54972', 1, '2020-06-25 02:23:07', '2020-06-25 02:23:07'),
(220, 'Elta Bode', 'mjacobs@damore.biz', '$2y$10$ndES2ea1uv4ORmc6rETJ/OsRn1ztNrLQKtey.5ep8kl9mTmLVZkba', NULL, '2799459938', '6108949930', 10, 5, '6232 Satterfield Cove Suite 364\nWest Brookside, NE 86565', 'Apt. 516', 'West Bengal', 'Douglas Manor', 'Lake', 'Harveyfurt', '98560', 1, '2020-06-25 02:23:08', '2020-06-25 02:23:08'),
(221, 'Ms. Cora Wyman', 'lexi26@daugherty.com', '$2y$10$sL6btBE6lRRCEqX.HTPile6E9JxLyF2L.2szK7kZc4zQgYakMM1Y6', NULL, '7250873838', '2270493700', 10, 4, '51783 Oran Garden Suite 758\nWest Baileestad, WA 12974', 'Apt. 209', 'West Bengal', 'Verona Oval', 'West', 'South Celinehaven', '35378', 1, '2020-06-25 02:23:08', '2020-06-25 02:23:08'),
(222, 'Prof. Trevion Quigley PhD', 'manuel58@hotmail.com', '$2y$10$1QE5dgdM4vkpExdmPR.pr.n9jZhq7cgS9ZLKT6KFcKDj7c1/MzX1m', NULL, '6024989161', '7456815668', 10, 3, '79145 Scotty Roads Apt. 518\nLemueltown, WI 45036', 'Apt. 538', 'West Bengal', 'Nathan Courts', 'New', 'Ansleybury', '75440', 1, '2020-06-25 02:23:08', '2020-06-25 02:23:08'),
(223, 'Miss Gwendolyn Stokes I', 'daphney.steuber@rempel.net', '$2y$10$Yu9X9XQ1aPqezS3phUmIMeUqLT/Prp98wCBX981YSOQ04F52Wifea', NULL, '4900349464', '6127042244', 10, 3, '67214 Becker Tunnel\nCrooksside, NC 20116-7501', 'Apt. 382', 'West Bengal', 'Grady Ways', 'South', 'Port Darrel', '56557', 1, '2020-06-25 02:23:08', '2020-06-25 02:23:08'),
(224, 'Shaylee Tremblay', 'jameson.paucek@wolff.com', '$2y$10$bvsBu.wZmxesS7NfvH/mk.recqgaKFLC865zb7mCGihaYoxU1iV9.', NULL, '8069754798', '6260950242', 10, 4, '940 Gibson Island Apt. 973\nJonathonview, MA 32593-2236', 'Suite 824', 'West Bengal', 'Helmer Walk', 'North', 'East Elroyborough', '15910', 1, '2020-06-25 02:23:08', '2020-06-25 02:23:08'),
(225, 'Elza Harvey', 'abel68@hotmail.com', '$2y$10$ptMK9cMn2RXZY1UxOZEAhuxfRpmN.EfjaT49XxdsqfAkyjhhweZVu', NULL, '1799740010', '9548770148', 10, 4, '4976 Marcel Oval Apt. 327\nLonnieview, MI 87334', 'Apt. 869', 'West Bengal', 'Barney Stream', 'South', 'Trishaville', '00702', 1, '2020-06-25 02:23:08', '2020-06-25 02:23:08'),
(226, 'Neoma Hagenes PhD', 'mathew99@luettgen.com', '$2y$10$JQTekpNtk7eMaqqDR4Q5xeKHr9/W2E1z693JbVlEQ0ndE.DFelAsm', NULL, '1812234098', '8129886839', 10, 4, '4206 Dahlia Underpass\nPort Alveraborough, HI 16796-2735', 'Suite 226', 'West Bengal', 'Ernie Drive', 'North', 'Vidafurt', '69950-5371', 1, '2020-06-25 02:23:08', '2020-06-25 02:23:08'),
(227, 'Antonina Kuhlman', 'filiberto.rodriguez@mosciski.com', '$2y$10$uwhvB2rkPHGmit9orEl15uNQbCib4GW8aYfvwhC0/Dnp2Xb/29Wu2', NULL, '7430130703', '1429423237', 10, 3, '7656 Kovacek Mountain\nLegrosberg, ME 36090', 'Apt. 030', 'West Bengal', 'Eichmann Squares', 'New', 'Swiftshire', '87227', 1, '2020-06-25 02:23:08', '2020-06-25 02:23:08'),
(228, 'Prof. Anibal Prosacco II', 'jazmyn79@yahoo.com', '$2y$10$Zy.pIyuuwaWq14/fPBO.vuQrpD/vCyovrMxKPUe.B0fD2w6eQ6AsC', NULL, '8370341911', '5183212885', 10, 4, '202 Batz Club\nAnnabellborough, IA 14535', 'Apt. 438', 'West Bengal', 'Catalina Roads', 'North', 'New Reymundofurt', '67318', 1, '2020-06-25 02:23:09', '2020-06-25 02:23:09'),
(229, 'Mrs. Freda Hirthe II', 'sonny45@yahoo.com', '$2y$10$xuJA2fstme.H8nKlJWELc./GUUyfbx.wBs1j3ZDd8wHSWvFL8qJKm', NULL, '7950671719', '7894526026', 10, 4, '8200 Jamarcus Extension Suite 533\nHarbershire, MN 73515-6718', 'Suite 175', 'West Bengal', 'Legros Mews', 'North', 'North Bradyhaven', '45844', 1, '2020-06-25 02:23:09', '2020-06-25 02:23:09'),
(230, 'Guido Buckridge', 'lschumm@bergnaum.com', '$2y$10$27mW6Bn2dO0ju783kQWWteTAdlVNoscGTP0QNm1S7Z/F1Begglwwq', NULL, '4240486543', '2311270125', 10, 5, '938 Terrell Pike Suite 905\nMalindashire, LA 40481-6931', 'Suite 680', 'West Bengal', 'Maribel River', 'Port', 'Patienceton', '64806-9687', 1, '2020-06-25 02:23:09', '2020-06-25 02:23:09'),
(231, 'Manley Swaniawski', 'brain09@schimmel.com', '$2y$10$.qzKn5t8vvF1LlAOK/xu.O1yyqXDMJnhslooy0v/dejvzAocGzhiy', NULL, '4683047401', '4791018093', 10, 4, '1899 Ashlynn Groves Apt. 316\nPort Amyamouth, AZ 17401-9248', 'Apt. 568', 'West Bengal', 'Toy Mews', 'Port', 'South Brendonstad', '25072-3826', 1, '2020-06-25 02:23:09', '2020-06-25 02:23:09'),
(232, 'Mr. Lenny Swift', 'jakob.luettgen@nienow.com', '$2y$10$jVjs5jdqOsccXa.MRMbiiO8TJfHm3Mf5lQhcWzT5QpTWFYtQtYS.u', NULL, '1150059842', '6909663498', 10, 4, '3629 Schumm Falls Apt. 492\nPort Francescashire, WY 50923-3014', 'Suite 804', 'West Bengal', 'Thurman Landing', 'Port', 'South Leann', '69876-8362', 1, '2020-06-25 02:23:09', '2020-06-25 02:23:09'),
(233, 'Bridgette Wisozk I', 'lhane@hotmail.com', '$2y$10$W97Aa2QF0UXSlEXle4yxTuWnVMVM5wwoCOzIaCuxOEVoCkoLPS47a', NULL, '8321527204', '6368046340', 10, 5, '4134 Orn Courts\nEast Rowlandberg, ME 99000', 'Apt. 868', 'West Bengal', 'Kiehn Mill', 'South', 'West Mollie', '85627', 1, '2020-06-25 02:23:09', '2020-06-25 02:23:09'),
(234, 'Mr. Mohammad Grady Sr.', 'fhill@hotmail.com', '$2y$10$MsG8/Ot0rztfercKMWvj2um7mKg1p4ftGWjLrz.j7OTBPNIWmB35W', NULL, '3077670806', '7535659867', 10, 3, '84127 Considine Forks Suite 671\nNorth Anastacio, NC 62257-0621', 'Suite 357', 'West Bengal', 'Isaiah Bypass', 'South', 'O\'Haraport', '57660-6026', 1, '2020-06-25 02:23:09', '2020-06-25 02:23:09'),
(235, 'Cristopher Reichel', 'fdaugherty@bogisich.info', '$2y$10$tvOPNvyXFEmaYqfLXXgc2eBW3gR7VocfY2VvOt3EMnyjwGSwcF1xK', NULL, '3824210737', '7297194258', 10, 4, '165 Denesik Extensions Suite 004\nSouth Hazlestad, NM 89379-8175', 'Suite 121', 'West Bengal', 'Kling Ridges', 'North', 'Howefort', '45901', 1, '2020-06-25 02:23:10', '2020-06-25 02:23:10'),
(236, 'Sadie Wunsch', 'brenda.prosacco@gmail.com', '$2y$10$pQvWbpAqXemA7j3CbuiI4OgW3JuidcPYHmtnRcNTxll2xebQSSK8.', NULL, '7447694312', '5515244885', 10, 4, '5858 Weissnat Burg\nWest Dan, GA 69068', 'Suite 767', 'West Bengal', 'Mann Crossroad', 'Lake', 'Carletonburgh', '28301', 1, '2020-06-25 02:23:10', '2020-06-25 02:23:10'),
(237, 'Aliza Weber', 'morar.sheila@gmail.com', '$2y$10$elVtOvaIz2RgPzKsEjYfnuRinW9d8XuHKhEx31V5GgimZrE3ePaN.', NULL, '3854467591', '6587572597', 10, 2, '916 Joey Island\nPort Mateo, GA 79749', 'Apt. 473', 'West Bengal', 'Buford Trafficway', 'North', 'Schmelerport', '83008-9990', 1, '2020-06-25 02:23:10', '2020-06-25 02:23:10'),
(238, 'Mr. Florian Parker', 'geovanny.zulauf@murazik.com', '$2y$10$SCCjjtvcXL8qP4PSN5M/m.oJ8uHec.i06UfdZwDvjBoYx.Xh8hMEK', NULL, '5075380894', '2687692686', 10, 4, '58932 Kling Green Suite 526\nNorth Elsiemouth, NV 14821', 'Apt. 217', 'West Bengal', 'Brendan Plains', 'Port', 'Madisonburgh', '57271', 1, '2020-06-25 02:23:10', '2020-06-25 02:23:10'),
(239, 'Tremaine Bernier', 'anais88@corkery.com', '$2y$10$aPcgqb3ONBN.o05INPicIeapXCgaCD.KSmvszTsxZlcZtSU3coleK', NULL, '4942451902', '5725020048', 10, 5, '52572 Victor Curve Suite 784\nNew Stoneview, FL 18222', 'Apt. 696', 'West Bengal', 'Neva Club', 'East', 'New Marleeside', '20524-8015', 1, '2020-06-25 02:23:10', '2020-06-25 02:23:10'),
(240, 'Ms. Jacklyn Hand', 'dickinson.may@hotmail.com', '$2y$10$.09XDNpwJESQqkZmp4iLBOmwK4WrI.kxoaQzimX6hWJVMUZhRjhMO', NULL, '7071982870', '4374976125', 10, 4, '165 Alvina Valleys\nMurielshire, NY 16652-9867', 'Suite 536', 'West Bengal', 'Ellie Rue', 'New', 'North Michele', '91830-5851', 1, '2020-06-25 02:23:10', '2020-06-25 02:23:10'),
(241, 'Mr. Brandt Kihn PhD', 'hollis13@yahoo.com', '$2y$10$RB9JpO1qh4tBJ6MJqq2j6.lqHGAwJHp4k7reSs.UYNEuytTOPmHRK', NULL, '8986777847', '5250128784', 10, 2, '2847 Brendon Islands Apt. 144\nSouth Claraton, KS 27716-0423', 'Suite 275', 'West Bengal', 'Bartoletti Trafficway', 'West', 'Alysafort', '59096-9998', 1, '2020-06-25 02:23:10', '2020-06-25 02:23:10'),
(242, 'Walton Christiansen', 'ayden.toy@hotmail.com', '$2y$10$IDrkBZmQdNs9.BYbPTDE4ebcbb/hzgMoJ/BnSuJI1ZaM98py1a6Lm', NULL, '1529076536', '2306894362', 10, 3, '493 Elijah Wall\nBatzmouth, CA 53275-4108', 'Apt. 335', 'West Bengal', 'Harber Brooks', 'Port', 'Lake Shermanchester', '10093-1444', 1, '2020-06-25 02:23:10', '2020-06-25 02:23:10'),
(243, 'Luis Hodkiewicz', 'salvador.mann@wuckert.com', '$2y$10$vKKral3GR04ePlTyEFxpGeM7HvcCt4z91I5e3N2tqcqvtJUqHhLDi', NULL, '3827472103', '5762711188', 10, 5, '16435 Rodriguez Expressway Suite 017\nRodolfoborough, CT 28822', 'Apt. 626', 'West Bengal', 'Lubowitz Mountains', 'Port', 'Powlowskimouth', '38999', 1, '2020-06-25 02:23:11', '2020-06-25 02:23:11'),
(244, 'Jordi Crooks', 'hleannon@prohaska.com', '$2y$10$obghbLYIes/T8o/29gTDn.uOYnP9O88KwigkdvM8Ek4xQIN/7UqH.', NULL, '3892511495', '1072489831', 10, 5, '700 German Estates\nSouth Camren, WY 33892', 'Apt. 472', 'West Bengal', 'Schulist Neck', 'Lake', 'North Jenniferside', '90796-4154', 1, '2020-06-25 02:23:11', '2020-06-25 02:23:11'),
(245, 'Alphonso Lesch', 'pjacobi@kerluke.info', '$2y$10$phDZJSvzsJCcbKP29wWzU.DqBROgqe.RI5y0F0P4gfwzBu0U5hlQC', NULL, '6475783038', '9104723682', 10, 5, '5425 Lola Freeway Suite 379\nSalvadorville, RI 11745', 'Suite 283', 'West Bengal', 'Auer Isle', 'East', 'Winnifredtown', '29140-8648', 1, '2020-06-25 02:23:11', '2020-06-25 02:23:11'),
(246, 'Keira Windler', 'anita.rohan@lebsack.info', '$2y$10$bT5FpTnEUcDzJnu9PQydgO5LKtEQ7X5oHCAygVfJsXTVD8BgP1ylK', NULL, '8000472521', '6263541822', 10, 4, '1231 Terry Squares Apt. 586\nParkerview, VA 14287-1754', 'Suite 214', 'West Bengal', 'Mohr Underpass', 'South', 'Lake Wilmerchester', '82544-2049', 1, '2020-06-25 02:23:11', '2020-06-25 02:23:11'),
(247, 'Ms. Kellie Schiller III', 'schroeder.augusta@yahoo.com', '$2y$10$DI/uF.kpJILsaAJwd1bgoe9BCT1EAX693B8GBhfVGOTNgb2dfvK1m', NULL, '4049336199', '7462597543', 10, 4, '363 Pablo Parkway Suite 770\nEast Aidenstad, SC 79934-5985', 'Apt. 399', 'West Bengal', 'Rath Orchard', 'East', 'Lorenaport', '69975', 1, '2020-06-25 02:23:11', '2020-06-25 02:23:11'),
(248, 'Ms. Noemie Herman', 'kennith59@hansen.info', '$2y$10$k27Km7Vzqc8C6hqb.79FfeDlcyzEGp89thATl181myqvZj1QWKs4i', NULL, '1816583809', '4605058322', 10, 5, '530 Reilly Points\nNew Lamont, LA 80989', 'Apt. 176', 'West Bengal', 'Elenora Motorway', 'East', 'Macejkovicbury', '24818', 1, '2020-06-25 02:23:11', '2020-06-25 02:23:11'),
(249, 'Noelia Schowalter', 'jonas50@yahoo.com', '$2y$10$X74i77KkQVaWMzlF2H9G0OqR.ur34v7S1DPO8V95Cf3rzWDIHJLz6', NULL, '4389743371', '2777415026', 10, 4, '8483 Evans Mountain Suite 019\nJustenmouth, CA 68984-9776', 'Apt. 704', 'West Bengal', 'Annalise Place', 'Port', 'Balistrerichester', '49381', 1, '2020-06-25 02:23:11', '2020-06-25 02:23:11'),
(250, 'Lukas Ruecker', 'bell15@rau.org', '$2y$10$9L9VqHf.ZSo/qXliGg2oY.khqbP3wVGnN2Ds3fG90UbZlXHZ4/USq', NULL, '6412511905', '8552910701', 10, 3, '4141 Clinton Spur Apt. 289\nAronburgh, WV 88120-1794', 'Apt. 978', 'West Bengal', 'Ryan Springs', 'West', 'East Granville', '50637-8356', 1, '2020-06-25 02:23:12', '2020-06-25 02:23:12'),
(251, 'Pearl Parker', 'kenton72@tremblay.com', '$2y$10$HDPMxlhr9RMWgLWDLG4A0euvoN1gFS.2r7zKjxOOUYfoEjB2px.1y', NULL, '4733789779', '7403565999', 10, 5, '144 Nolan Corners Apt. 338\nFlatleyport, CA 09912', 'Suite 212', 'West Bengal', 'Rosenbaum Mount', 'North', 'Spencerfort', '62231', 1, '2020-06-25 02:23:12', '2020-06-25 02:23:12'),
(252, 'Maci Stoltenberg DVM', 'weston59@nitzsche.com', '$2y$10$r5wGSYBg06XwFxgbQv4xpuhrl2ZDaFhdYvYRD4jjyiddC6yMkDg8O', NULL, '8660270299', '5634149080', 10, 3, '6408 Cummerata Cliff Apt. 396\nTerryhaven, OR 92465-8892', 'Suite 564', 'West Bengal', 'Corkery Greens', 'Lake', 'West Israel', '94688-2252', 1, '2020-06-25 02:23:12', '2020-06-25 02:23:12'),
(253, 'Ms. Kacie Reinger', 'doris.ankunding@cronin.net', '$2y$10$ofCC4E03g.3GwEyq5sYmyOU/TjzcQInXuTm82e.VnRUeBXwNSNLci', NULL, '7710133381', '3445059684', 10, 2, '718 Kathryn Wall Suite 157\nEast Edna, MD 28821-3870', 'Apt. 858', 'West Bengal', 'Considine Park', 'South', 'Mooretown', '27315-8642', 1, '2020-06-25 02:23:12', '2020-06-25 02:23:12'),
(254, 'Anita Langworth', 'ezequiel.kohler@yahoo.com', '$2y$10$.EH4MobMExa1RPAtgJEMc.W8fzaCfgH8lsCZp9CGwxvhdXnyT5jLG', NULL, '8846585916', '9838695882', 10, 3, '1962 Jacobson Mount Suite 326\nNew Allymouth, TX 04314', 'Apt. 828', 'West Bengal', 'Wolff Terrace', 'Lake', 'New Mohammadmouth', '22794', 1, '2020-06-25 02:23:12', '2020-06-25 02:23:12'),
(255, 'Elta Rice', 'lehner.danyka@flatley.com', '$2y$10$pFeHsnS8w1nwrvFNZiqmoOg8rImk8jIHVsfrKdY37MyITGcNSNV6K', NULL, '4993111820', '4099437877', 10, 4, '6936 Ignacio Falls Apt. 859\nPort Kendallside, AR 67933', 'Apt. 854', 'West Bengal', 'Willms Locks', 'West', 'Gulgowskiburgh', '01566-9992', 1, '2020-06-25 02:23:13', '2020-06-25 02:23:13'),
(256, 'Mozell Barton', 'wkeebler@shanahan.com', '$2y$10$C34b1jN587C1X4XNdgy8meYd5.bZCXysLnovtCgf4cnB6ZTHPyst6', NULL, '6563455600', '1292578786', 10, 2, '72505 Bennett Orchard Apt. 858\nGradyshire, NM 62292', 'Apt. 611', 'West Bengal', 'Marjolaine Drives', 'Lake', 'Jarodhaven', '54297', 1, '2020-06-25 02:23:13', '2020-06-25 02:23:13'),
(257, 'Dr. Cyrus Dickinson', 'wilfrid.ohara@eichmann.com', '$2y$10$QNrqGx0oWQemF2hZurJ1Z.jvVkhk2./4BwjU5qEj/j4s.r5VQ4x7q', NULL, '5682796926', '6379590851', 10, 3, '7782 Javonte Trace Suite 163\nWest Destany, NE 88772', 'Suite 561', 'West Bengal', 'Veum Row', 'New', 'Buckridgeton', '75788', 1, '2020-06-25 02:23:13', '2020-06-25 02:23:13'),
(258, 'Blaze Abbott', 'candice67@grimes.com', '$2y$10$XUxJT4aEiraqSw/P6R5MBuEGks5k/ZCYsyCucffdhG.JptBIcX4lC', NULL, '4015083615', '3459862890', 10, 2, '363 Wisoky Burg\nDevonmouth, VA 23722-9762', 'Suite 282', 'West Bengal', 'Loyal View', 'East', 'Port Stephan', '67262-0834', 1, '2020-06-25 02:23:13', '2020-06-25 02:23:13'),
(259, 'Melba Conn', 'kaleb56@friesen.com', '$2y$10$TfeqRsndEpZL1gGcsFZWVuQfFFzTKwTSy5RnLk9PVWHITX7ViMuT6', NULL, '5812658231', '4476628067', 10, 5, '156 Kerluke Creek\nMaybellefort, SD 06326-0376', 'Suite 896', 'West Bengal', 'Borer Club', 'Lake', 'Lake Gastontown', '07861-4946', 1, '2020-06-25 02:23:13', '2020-06-25 02:23:13'),
(260, 'Addie Adams', 'hkoelpin@gmail.com', '$2y$10$9t60NAKNvH39T69l2vsP6uorH8rVpGC8Glk9RBo8zVRt60bYAlaT.', NULL, '5155412340', '3223880382', 10, 3, '229 Monahan Prairie\nEmeliaberg, AR 50001-2945', 'Suite 242', 'West Bengal', 'Heathcote Summit', 'West', 'Dessieshire', '38667', 1, '2020-06-25 02:23:13', '2020-06-25 02:23:13'),
(261, 'Dr. Jess Schoen', 'tom96@mckenzie.org', '$2y$10$fn1QWJ9./vmgye/AsfMjIO9ztbu6JS5fNP7qSwyMnhfsz3Fgo.o/G', NULL, '6337087567', '5841447285', 10, 3, '5374 Luciano Camp Suite 552\nDonnelltown, MO 02767-7313', 'Apt. 304', 'West Bengal', 'Hintz Skyway', 'Lake', 'West Keyshawn', '30337', 1, '2020-06-25 02:23:13', '2020-06-25 02:23:13'),
(262, 'Stefanie Schroeder', 'joshua61@connelly.biz', '$2y$10$FwA15mF3fliiBwM/4Lxi/.ID4T2nqnh..zaxOqX.U8oK6Xib8lQqm', NULL, '6881624688', '8317191357', 10, 4, '36437 Santa Lodge\nSouth Edgarberg, CO 80861-5592', 'Apt. 025', 'West Bengal', 'Wallace Harbors', 'North', 'Kihnport', '04252-6640', 1, '2020-06-25 02:23:13', '2020-06-25 02:23:13'),
(263, 'Fabian Anderson', 'imueller@hotmail.com', '$2y$10$YG08ggf.AkPg8GcAfeSKme13k5zsk/84XUDUnW.XGL9mrOWRd3fJC', NULL, '2033421736', '1623984387', 10, 2, '57576 Auer Forest\nJonasport, VA 52396', 'Apt. 338', 'West Bengal', 'Albertha River', 'New', 'South Aniyashire', '27790-0158', 1, '2020-06-25 02:23:13', '2020-06-25 02:23:13'),
(264, 'Lester Gaylord', 'dax54@yahoo.com', '$2y$10$c5U3ltJY2Z588I92xPegNuKkyBu8PTXE85Trd1mzES5TtMPvoBwPa', NULL, '9667429237', '8225642104', 10, 2, '33278 Beahan Course\nSouth Connerhaven, OR 49261-7196', 'Apt. 068', 'West Bengal', 'Arch Mission', 'Port', 'Evangelinehaven', '49928-0517', 1, '2020-06-25 02:23:14', '2020-06-25 02:23:14'),
(265, 'Jaylin Stehr', 'rschowalter@gmail.com', '$2y$10$OU4JbKo3lXgu1JEdsM8ceuhNaYao83FGEDeeJwguO8fwYRT4E.zTK', NULL, '2545438494', '6927010194', 10, 5, '46237 Heath Path\nRaynortown, WY 34286-8866', 'Apt. 628', 'West Bengal', 'Bernita Oval', 'South', 'New Maurine', '35923', 1, '2020-06-25 02:23:14', '2020-06-25 02:23:14'),
(266, 'Zachary Keebler', 'nathanael84@keeling.com', '$2y$10$1/KBO7tRCqBa7JTyJOwbAu/pellw1yQsLtuY37f/sR31HdibaLlF.', NULL, '1447283905', '8210798433', 10, 2, '26177 Hosea Gardens Suite 539\nSouth Gwendolyn, VA 79043', 'Suite 699', 'West Bengal', 'Corkery Turnpike', 'North', 'Gracielaville', '20669-4562', 1, '2020-06-25 02:23:14', '2020-06-25 02:23:14'),
(267, 'Saige Kuphal', 'hamill.boris@gmail.com', '$2y$10$Nxk/TNvTJwtGHUjGE3Bl7OK1I742SKRP1zKNzwAvfYbHQYAeXdZFi', NULL, '7065998974', '8486986278', 10, 3, '901 Wolff Freeway Apt. 459\nBryonchester, IN 55377-4003', 'Apt. 962', 'West Bengal', 'Lela Plains', 'New', 'North Verlaberg', '69309-1452', 1, '2020-06-25 02:23:14', '2020-06-25 02:23:14'),
(268, 'Haleigh Schuppe', 'antoinette84@rice.com', '$2y$10$h8m9iou01zFACYdFTjZa2.23koq0N2Q74X6ZkWjC9uV.vAdtL6wuS', NULL, '5657957455', '2664586159', 10, 5, '24725 Flatley Prairie\nPort Orion, UT 37505', 'Suite 534', 'West Bengal', 'Stroman Common', 'New', 'West Jamalmouth', '07325', 1, '2020-06-25 02:23:14', '2020-06-25 02:23:14'),
(269, 'Syble Langosh', 'orrin82@dooley.info', '$2y$10$foS2JmV6WHD4DYxbf.2cqeEqiu1Xkipp7fAR/1qzBAsOOsksC9jDK', NULL, '3018882833', '6022656779', 10, 3, '95641 Hand Turnpike Suite 784\nNorth Conradstad, WV 82463', 'Apt. 628', 'West Bengal', 'Hilma Lodge', 'East', 'Prohaskaport', '63726', 1, '2020-06-25 02:23:14', '2020-06-25 02:23:14'),
(270, 'Prof. Elmer Krajcik II', 'apfeffer@gmail.com', '$2y$10$z1YBKvJwU7gJ6RzptoeGK.aRKFJJJq8bUvOZrMohP21ZYEJpv/gP6', NULL, '2405990094', '3391640916', 10, 2, '88946 Roderick Manor\nSchoenshire, CA 75242', 'Apt. 252', 'West Bengal', 'Kirlin Divide', 'New', 'Veumberg', '70073-9893', 1, '2020-06-25 02:23:14', '2020-06-25 02:23:14'),
(271, 'Betsy Morissette', 'cathryn.kemmer@welch.net', '$2y$10$s6Jx5E3/bGrKxV5ziZxq7ufPCju/NxGwSSjPpISXKfBxAezgowBGq', NULL, '5691117404', '7504630186', 10, 5, '51928 Zboncak Inlet\nDaphneeshire, IL 83890-2641', 'Apt. 765', 'West Bengal', 'Abbott Pines', 'North', 'Pansyberg', '22237', 1, '2020-06-25 02:23:15', '2020-06-25 02:23:15'),
(272, 'Tara Becker', 'altenwerth.devon@gmail.com', '$2y$10$IqmsnNBFVTRzqhpa1KSitOOPuqvocHHsvq9BGLu5MwkY/psv1C49i', NULL, '9887880358', '1164093834', 10, 5, '2564 Wisoky Common\nWindlerton, AZ 98270', 'Suite 977', 'West Bengal', 'Moen Garden', 'East', 'Estellemouth', '64801-6581', 1, '2020-06-25 02:23:15', '2020-06-25 02:23:15'),
(273, 'Ms. Vita Sporer Sr.', 'lura.oconnell@kshlerin.biz', '$2y$10$mZID73dW8lnCx6RUfBjq0OqHZT/0O8wQ2DFXOVqyEaevVMl3dqQJ6', NULL, '3233348974', '6651835389', 10, 2, '995 Nader Squares Suite 506\nFlatleyberg, SC 44665', 'Apt. 255', 'West Bengal', 'Boyle Lake', 'New', 'West Anguschester', '82330-6448', 1, '2020-06-25 02:23:15', '2020-06-25 02:23:15'),
(274, 'Maddison Farrell', 'jfay@fisher.com', '$2y$10$5nZxC.K4i7xzdp4FN7B3UuiDi62pz/0lwgUGbOjzFoh0JU9ySFdNC', NULL, '3200534355', '2106622640', 10, 3, '936 Steuber Parks Suite 353\nMayerttown, IA 08196', 'Apt. 246', 'West Bengal', 'O\'Reilly Vista', 'Lake', 'Ondrickashire', '04651', 1, '2020-06-25 02:23:15', '2020-06-25 02:23:15'),
(275, 'Garry Hansen', 'arianna34@hotmail.com', '$2y$10$D3SJpcW11KXUT58Mfb2rxebTTjhBcu0WegpjqkR50hwU1D/rTR3US', NULL, '9621873329', '2157386281', 10, 2, '69170 Lilian Haven Suite 671\nFannymouth, CA 20807-3631', 'Apt. 187', 'West Bengal', 'Hollie Ranch', 'Lake', 'East David', '54207-0482', 1, '2020-06-25 02:23:15', '2020-06-25 02:23:15'),
(276, 'Mrs. Bettye Pollich', 'whitney85@yahoo.com', '$2y$10$p5vxjVmi38Zb0iHC/haHnuKTCBMycVoMtiYWbUFVyAuX8PU3H17U2', NULL, '2461725521', '7010825053', 10, 2, '20954 Mitchell Harbors\nDarianamouth, UT 41707-2707', 'Suite 003', 'West Bengal', 'Heaven Mountains', 'North', 'Port Cara', '27121', 1, '2020-06-25 02:23:15', '2020-06-25 02:23:15'),
(277, 'Dr. Hugh Schneider', 'geraldine73@gmail.com', '$2y$10$8Py65X3VoaXInBJz7zCrc.Zlw6obeMIkk6bCONPGxT/Kg4xEHQlqa', NULL, '7516630857', '8535687192', 10, 3, '2937 Sandy Island Suite 028\nEast Mariannestad, DC 67082', 'Suite 080', 'West Bengal', 'Toy Station', 'Port', 'Percyton', '09211', 1, '2020-06-25 02:23:15', '2020-06-25 02:23:15'),
(278, 'Alex Hickle', 'isac05@yahoo.com', '$2y$10$AACWy7k.HgJzha9FBz.JEOvmJg6qyZJHT63/zgYiayz5Uh8dvXLae', NULL, '4282291064', '8300460177', 10, 4, '492 Schulist Locks Suite 392\nWest Emelia, RI 09775', 'Apt. 916', 'West Bengal', 'Breitenberg Lake', 'South', 'New Amiefurt', '61734-4092', 1, '2020-06-25 02:23:15', '2020-06-25 02:23:15'),
(279, 'Isabel Ebert', 'jeanie.kerluke@ritchie.biz', '$2y$10$3MKwIWzyITHLxUXhfLew4.MHZJdX65Twbyq2D1mwhzJtBJF4sKhrG', NULL, '7772996786', '7871995577', 10, 5, '6885 Elroy Brook\nSouth Billy, AK 59001-8008', 'Apt. 315', 'West Bengal', 'Kshlerin Tunnel', 'Port', 'Lake Ezequiel', '76948', 1, '2020-06-25 02:23:16', '2020-06-25 02:23:16'),
(280, 'Mr. Brayan Turner V', 'upton.fabian@hotmail.com', '$2y$10$SxcnhAGYP0TMjyyheDdla.ZmwiKISxwjW.xgsrvpKRBVTzEaGGLJi', NULL, '9700960864', '2391288414', 10, 4, '35041 Simonis Village Apt. 819\nVerlafurt, OH 44708', 'Suite 700', 'West Bengal', 'VonRueden Vista', 'Lake', 'Faychester', '22837-6577', 1, '2020-06-25 02:23:16', '2020-06-25 02:23:16'),
(281, 'Hilda Blick PhD', 'rhoda.gerhold@heller.net', '$2y$10$ewLSf/B77NkgUffXEOyklOBG6rnU9Oy.v38xbLB3MO/gVLnJ5QUGu', NULL, '1098831135', '7463222298', 10, 3, '6603 Constantin Forge Suite 787\nEddieton, KY 03435-8623', 'Apt. 749', 'West Bengal', 'Klein Shoal', 'West', 'Raynorchester', '90309', 1, '2020-06-25 02:23:16', '2020-06-25 02:23:16'),
(282, 'Prof. Lizzie Kuhn Sr.', 'koss.kaycee@hoppe.org', '$2y$10$3kvW9sVeagBtmGBubMZQFeA4YqNByGKwRtAOA7CF6nlt6xPx2byxi', NULL, '4603021696', '2096297173', 10, 2, '7277 Emile Centers\nSouth Alanburgh, NM 66611', 'Apt. 746', 'West Bengal', 'Wisoky Islands', 'Lake', 'Quitzonchester', '91239-3539', 1, '2020-06-25 02:23:16', '2020-06-25 02:23:16'),
(283, 'Hortense Franecki', 'qkreiger@yahoo.com', '$2y$10$sjyJwVD7CHCEBnckfwQ8CO6fGpzN/Xjuidg63zzHoqC4Sn9wvrpD.', NULL, '3749548978', '4459242758', 10, 2, '181 Reta Motorway\nMaxwellmouth, IA 36096', 'Apt. 937', 'West Bengal', 'Macejkovic Freeway', 'Port', 'Anastasiatown', '92138', 1, '2020-06-25 02:23:16', '2020-06-25 02:23:16'),
(284, 'Dr. Henriette Wyman', 'lharber@hotmail.com', '$2y$10$8.8R0BAEXOyLvSU.5kPIVu2oH.SNT7IM45w/h/6/9J8cUQZFZ7uLm', NULL, '6200847309', '8557663046', 10, 5, '79086 Gulgowski Forks Apt. 124\nJacobston, MO 44210', 'Apt. 539', 'West Bengal', 'Willy Mills', 'Lake', 'Lake Keshawn', '42257-2183', 1, '2020-06-25 02:23:16', '2020-06-25 02:23:16'),
(285, 'Golden Hegmann', 'marguerite20@yahoo.com', '$2y$10$EbpOOXI1W.mXx52zSJkpau5c3xs776ZOkZvuOAcCUIz/DjCEJ6hq6', NULL, '1164716816', '3600356571', 10, 5, '49459 Geovany Lake Suite 960\nYasminland, NM 63300', 'Suite 010', 'West Bengal', 'Gisselle Greens', 'West', 'Bellahaven', '98879-4655', 1, '2020-06-25 02:23:17', '2020-06-25 02:23:17'),
(286, 'Lilliana Parisian', 'coy.runte@marquardt.net', '$2y$10$TS97K0JMlYHZ4NHxEFeoMedkZnJPGvkVR/Xk89b9WxDy7REavEkOa', NULL, '3309911110', '4328537788', 10, 5, '24974 Evie Crossing Apt. 740\nNew Susiemouth, CO 59473', 'Apt. 743', 'West Bengal', 'Lemke Plains', 'West', 'Port Brookmouth', '43952-7943', 1, '2020-06-25 02:23:17', '2020-06-25 02:23:17'),
(287, 'Ibrahim Wunsch Sr.', 'waelchi.mireille@murphy.net', '$2y$10$XV9mp1RhsTX4.RdaIZw5Se8DBir1hlsX0S9uVe3rveLU02GM5da26', NULL, '8729560924', '4280424158', 10, 3, '416 Hilton Dale Apt. 009\nArnulfobury, WV 26982-0617', 'Apt. 559', 'West Bengal', 'Prosacco Drive', 'New', 'North Otha', '68864-2099', 1, '2020-06-25 02:23:17', '2020-06-25 02:23:17'),
(288, 'Sonia Senger MD', 'xwisoky@yahoo.com', '$2y$10$dFcBqkkntvl5mN.z2zAIsumAF/uCrCJXY1V6MfqGFugXfuR2ww.Ei', NULL, '9678899715', '6400431194', 10, 4, '633 Brekke Prairie\nLake Krystinahaven, NC 98500', 'Apt. 138', 'West Bengal', 'Laury Islands', 'Port', 'Camrynfort', '05249', 1, '2020-06-25 02:23:17', '2020-06-25 02:23:17'),
(289, 'Miss Asia Aufderhar I', 'pwolff@gmail.com', '$2y$10$8b2hWwUZTBrfX3WnDwKWz.YPexDwvXfy5vBVCHzv6jjvdsAzf76.m', NULL, '3071595515', '2671223846', 10, 4, '384 Lueilwitz Mills Suite 832\nLizamouth, NY 15656', 'Suite 499', 'West Bengal', 'Hartmann Course', 'Port', 'Schneiderstad', '64948', 1, '2020-06-25 02:23:17', '2020-06-25 02:23:17'),
(290, 'Mr. Francis Doyle III', 'karolann34@kutch.com', '$2y$10$udCgNLxGOLbIypiMmrKMCe8IhIjjVDOQjDu8J9YSKm0LjsDr2/fv6', NULL, '3912599339', '2438334448', 10, 4, '551 Walter Roads\nLake Kariane, TX 77722', 'Suite 815', 'West Bengal', 'Zboncak Streets', 'East', 'Keonfort', '96557', 1, '2020-06-25 02:23:17', '2020-06-25 02:23:17'),
(291, 'Marjorie Mayert', 'cparker@hotmail.com', '$2y$10$6flh1f/592BBHg1bYz3iSux99ljCdcovjG8wYqILFINEX4rNMRCMm', NULL, '2751266353', '2725832828', 10, 4, '36817 Kamille Lane\nLake Terrellshire, LA 06822', 'Suite 066', 'West Bengal', 'Aditya Garden', 'New', 'Lake Eloiseshire', '65089-3801', 1, '2020-06-25 02:23:18', '2020-06-25 02:23:18'),
(292, 'Eden Denesik MD', 'dare.ashley@lebsack.com', '$2y$10$1ZaHJ7SKh.9AnU6xf0tV8OWMUyJQYmSZoq.DcTw3ko4vacGnG4P7S', NULL, '2718161680', '5045627899', 10, 2, '787 Darlene Hollow Apt. 872\nNorth Clifton, WV 37467', 'Suite 617', 'West Bengal', 'Shanel Camp', 'Port', 'North Lawson', '98135', 1, '2020-06-25 02:23:18', '2020-06-25 02:23:18'),
(293, 'Mrs. Maybell Hettinger', 'nelle.pfeffer@gmail.com', '$2y$10$1ZHBPTxFuu1ytPPukzRzS.p8bsYZ8LqaNyme2lBUGOACMx.n1cfV2', NULL, '7552991781', '7310735254', 10, 4, '70895 Gerlach Course\nChelsieport, KS 53141-8485', 'Apt. 715', 'West Bengal', 'Hickle Plaza', 'Lake', 'Maureenport', '45400', 1, '2020-06-25 02:23:18', '2020-06-25 02:23:18'),
(294, 'Angela Fay', 'ubaldo11@glover.com', '$2y$10$dC0.n2r0gs9xAYMEkB2GB.ErE1.P017WQqowSsMc0v8Zvju4hDnwC', NULL, '2272613516', '7563836422', 10, 2, '410 Jacobson Station Apt. 363\nLake Jamar, FL 69232', 'Suite 126', 'West Bengal', 'Bogisich Turnpike', 'North', 'Loisborough', '66911', 1, '2020-06-25 02:23:18', '2020-06-25 02:23:18'),
(295, 'Miracle Pouros', 'ebony.weissnat@gmail.com', '$2y$10$guCAeYw2NkNB2rum0Yixa.onGR.GnETNrCByp4Epkxi9AdLR2dGim', NULL, '2491529822', '6723225463', 10, 5, '3462 Hane Drive\nEast Llewellynmouth, ND 20159', 'Suite 735', 'West Bengal', 'Pattie Forge', 'Lake', 'East Emmie', '35279', 1, '2020-06-25 02:23:18', '2020-06-25 02:23:18'),
(296, 'Nella Bechtelar III', 'emard.wilfred@gmail.com', '$2y$10$4QAo4IC/FoOSXmEbx25fiuJu.2FqEi30fizs7UXVDdL8cf7IS5wL2', NULL, '7467526278', '6759283038', 10, 4, '8675 Crist Trace\nHaileyberg, VT 68828-9121', 'Apt. 484', 'West Bengal', 'Stoltenberg Ports', 'Lake', 'Lake Tadstad', '26647', 1, '2020-06-25 02:23:18', '2020-06-25 02:23:18');
INSERT INTO `users` (`id`, `person_name`, `email`, `password`, `remember_token`, `mobile1`, `mobile2`, `person_type_id`, `customer_category_id`, `address1`, `address2`, `state`, `po`, `area`, `city`, `pin`, `inforced`, `created_at`, `updated_at`) VALUES
(297, 'Mr. Dayton Murray', 'effertz.nelle@gaylord.info', '$2y$10$N9qBRfKSGv.fZcB3/gKu5ueyXjYEIHgNBDPXK93jcjufHHbTXKap2', NULL, '2254499798', '3071643208', 10, 4, '4653 Paula Lane\nKennithfurt, IA 19545', 'Apt. 423', 'West Bengal', 'Maureen Hollow', 'West', 'Deltaton', '75968', 1, '2020-06-25 02:23:18', '2020-06-25 02:23:18'),
(298, 'Prof. Jermey Gulgowski PhD', 'abshire.georgiana@yahoo.com', '$2y$10$QnV8/hoTXB8fRM.r6824gOgP.rfJgB2ZiLlLF/ePN9FNKjeNNpMRu', NULL, '1332415883', '4973237307', 10, 2, '13268 Cremin Trail\nHayestown, NJ 61572-5758', 'Apt. 691', 'West Bengal', 'Bosco Valley', 'Lake', 'Ezrastad', '04251', 1, '2020-06-25 02:23:18', '2020-06-25 02:23:18'),
(299, 'Prof. Brandy Greenholt DDS', 'stevie33@wiza.com', '$2y$10$099QMAA4566rYyDMLNRcBualQTb0Ubmlu7NZ2DgGMxewRupfpc4cm', NULL, '8014741257', '9539366616', 10, 2, '756 Brianne Knolls Apt. 163\nWest Estrellachester, SD 07298-5382', 'Apt. 721', 'West Bengal', 'Charlie Views', 'East', 'Hubertport', '82774-3334', 1, '2020-06-25 02:23:19', '2020-06-25 02:23:19'),
(300, 'Jairo Boyle', 'saige16@yahoo.com', '$2y$10$ZfyWGbwJPadgR9Zy/QFy0OTOs1yItBAKqNI4HB.B9gLU8iGbHL/UG', NULL, '7505766398', '7207595590', 10, 4, '301 Morar Heights\nHortenseshire, ID 48857-1947', 'Apt. 893', 'West Bengal', 'Francisco Street', 'East', 'Calechester', '81978-6679', 1, '2020-06-25 02:23:19', '2020-06-25 02:23:19'),
(301, 'Betsy Pouros', 'bhill@gmail.com', '$2y$10$wMOVRIEm.M2kpCOaPHjqy.APOSjOkIKLZHzPya2IWLbJHzfCd79nG', NULL, '5631849802', '1447559441', 10, 2, '2593 Daisha Square Suite 114\nSouth Nestorland, CO 54544', 'Apt. 331', 'West Bengal', 'Kathryn Plaza', 'New', 'West Kyleeport', '03823-8259', 1, '2020-06-25 02:23:19', '2020-06-25 02:23:19'),
(302, 'Delia Kautzer', 'kristy81@wunsch.com', '$2y$10$sM7TM.u6MVlKXLi0xntxv.r3rqzZhOqloEnM9BJ5OTrnQ8GvXGZW6', NULL, '3033860498', '1240757296', 10, 4, '1820 Meagan Center\nMaynardberg, MN 14416-4324', 'Apt. 874', 'West Bengal', 'Kilback Alley', 'Lake', 'Smithton', '45340', 1, '2020-06-25 02:23:19', '2020-06-25 02:23:19'),
(303, 'Garett Collins', 'bhomenick@yundt.biz', '$2y$10$WF4/pDS8L/oJRZu1wjNDxuiP7cu9bQsPB3rmqqKibEoHiTxzGyX1C', NULL, '5961831029', '6663690057', 10, 5, '463 Bailey Crossing\nAmirashire, HI 93260-8374', 'Apt. 705', 'West Bengal', 'Jodie Crest', 'East', 'South Paoloburgh', '85406-5823', 1, '2020-06-25 02:23:19', '2020-06-25 02:23:19'),
(304, 'Barbara Schoen', 'casimir.hagenes@corkery.com', '$2y$10$QyUniRB6xLTVIjkZhhf9Luaycu3eBnLxeKAZoZwSiMUCouPtnpO62', NULL, '1553831252', '6948655665', 10, 3, '534 Freddie Divide Apt. 215\nEast Seamusmouth, VA 08185', 'Suite 477', 'West Bengal', 'Muller Isle', 'Lake', 'West Alexburgh', '51015', 1, '2020-06-25 02:23:19', '2020-06-25 02:23:19'),
(305, 'Morton Breitenberg', 'cbednar@mraz.com', '$2y$10$GkUYyduVQYVeqFqUkV3kLeoKJfsDRkYZsTI8kRWDsrUOjPKt2arzi', NULL, '1085289903', '1795555240', 10, 5, '20850 Rau Rapid Suite 463\nNorth Elmerberg, ID 90639', 'Suite 072', 'West Bengal', 'Marjorie Loaf', 'South', 'East Patrickhaven', '77212', 1, '2020-06-25 02:23:19', '2020-06-25 02:23:19'),
(306, 'Mr. Tyrel Barton DVM', 'leffertz@mueller.com', '$2y$10$wXDXwMZMEJeAlY/Rk74fT.FvlDvrs03p/TaLILLMNV2qyI9NWUTq6', NULL, '4383474079', '4230952667', 10, 4, '3163 Armani Crest\nWest Brennan, SD 56660-5961', 'Apt. 049', 'West Bengal', 'Murazik Rue', 'East', 'Lake Alizechester', '43777', 1, '2020-06-25 02:23:19', '2020-06-25 02:23:19'),
(307, 'Prof. Jamey Dare V', 'hillary27@yahoo.com', '$2y$10$SzkZafJALtx6gQOKayARv.Eb3/DsQyEYC7NAAB61rVE14SKGJvUjq', NULL, '5481965108', '9148522776', 10, 4, '46136 Howell Trafficway Suite 660\nDrakestad, CO 58091', 'Suite 372', 'West Bengal', 'Weimann Park', 'New', 'Mosciskiland', '56607', 1, '2020-06-25 02:23:20', '2020-06-25 02:23:20'),
(308, 'Anais Hermiston', 'rosemarie67@hammes.info', '$2y$10$jIw8xdDDyyktPfT2GB77metzJa7UEbrjKi0aUMiex2MJec0mMnmxG', NULL, '9741620946', '9641717782', 10, 3, '500 Haley Wells\nFriesenton, IN 16652', 'Apt. 886', 'West Bengal', 'Adelia Roads', 'West', 'Vickiestad', '85508', 1, '2020-06-25 02:23:20', '2020-06-25 02:23:20'),
(309, 'Ms. Ofelia Rau', 'lbahringer@glover.com', '$2y$10$VQLN4HCUZye63Rbn5HKfX.BntonmWlD1WpLNXQYJOYElWFQlZilGm', NULL, '6648447639', '5943344200', 10, 5, '4234 Schneider Court Apt. 689\nPriceport, AZ 51027', 'Apt. 440', 'West Bengal', 'O\'Conner Overpass', 'New', 'Spinkafurt', '91269-9553', 1, '2020-06-25 02:23:20', '2020-06-25 02:23:20'),
(310, 'Ms. Celestine Labadie', 'cfisher@hickle.com', '$2y$10$Xb9rgRCSKrPIfIkc8uoRbuiRD7jfdVrGp5zotNKx2oyLy0RrF5/LW', NULL, '4719667144', '4300443612', 10, 4, '561 Rippin Place Apt. 305\nWaterstown, MT 89403-3401', 'Suite 813', 'West Bengal', 'Towne Island', 'Port', 'Antonettaburgh', '15035-9853', 1, '2020-06-25 02:23:20', '2020-06-25 02:23:20'),
(311, 'Prof. Ressie Abernathy', 'klein.karen@schulist.biz', '$2y$10$213XywlEQQYLTgiKb5U4xug1vhlB9iCoQGixQO760/ojHNZOsmzce', NULL, '7507327163', '4625421313', 10, 3, '31145 Hoeger Circle\nPort Imogeneburgh, MD 79318', 'Apt. 356', 'West Bengal', 'Kohler Hill', 'New', 'North Brock', '30718-4916', 1, '2020-06-25 02:23:20', '2020-06-25 02:23:20'),
(312, 'Scottie Gerlach DDS', 'cory57@gmail.com', '$2y$10$jUAN4b5zTBI2/feybBPFeeMPokwg5WRXPol9SHOPrcu1NoVGPxbVi', NULL, '3904697641', '5126250919', 10, 4, '592 Barton Crest Suite 958\nKeeblerton, IA 79999', 'Apt. 714', 'West Bengal', 'Bert Knolls', 'South', 'Port Victoriaville', '10112', 1, '2020-06-25 02:23:20', '2020-06-25 02:23:20'),
(313, 'Jannie Heathcote', 'schoen.sasha@hotmail.com', '$2y$10$bSH5Zook0opYcAHye7eJa.NZFd21oUX.J/m7H59fUiI7hmVqUFFGm', NULL, '7794445401', '2905583177', 10, 4, '84317 Schuster Centers Apt. 514\nYostchester, OK 97011', 'Suite 728', 'West Bengal', 'Klocko Pike', 'North', 'South Letitia', '73043', 1, '2020-06-25 02:23:20', '2020-06-25 02:23:20'),
(314, 'Prof. Magnus Paucek', 'uschmidt@yahoo.com', '$2y$10$.ZhTlqWLhwz/1jKUp87TVuapffw5S6ZOHU9/WZugjla7GwoNLkOFW', NULL, '1698226813', '8757857562', 10, 2, '87962 Daren Squares Apt. 523\nSouth Gailchester, NC 58950-5861', 'Apt. 028', 'West Bengal', 'Carter Tunnel', 'Port', 'Kenyattachester', '67742-1604', 1, '2020-06-25 02:23:20', '2020-06-25 02:23:20'),
(315, 'Glenna Nitzsche', 'gpouros@yahoo.com', '$2y$10$yX8tS1NtDWuSi9c0pQHg3e6PpVYMsEgwTwb4iJLPa/A6hk8g9qwQO', NULL, '4373498937', '3769564937', 10, 3, '3252 Fahey Unions\nSchultzburgh, CT 68145', 'Apt. 693', 'West Bengal', 'Randi Mall', 'East', 'Port Nedrafurt', '57977-9033', 1, '2020-06-25 02:23:20', '2020-06-25 02:23:20'),
(316, 'Darius Zboncak', 'noah.kiehn@gmail.com', '$2y$10$FQsAixDnhAjoks.qPT6Ilue17YyLP2a2cR1U2q6lAY8rnAn/jdPOC', NULL, '6848198634', '6931471974', 10, 4, '43617 Streich Crossing Apt. 840\nWest Tiffany, ME 15951', 'Apt. 816', 'West Bengal', 'Maggio Street', 'North', 'Holliebury', '86774', 1, '2020-06-25 02:23:20', '2020-06-25 02:23:20'),
(317, 'Mrs. Vivianne Jacobs II', 'fhilpert@yahoo.com', '$2y$10$0S.QFLYK2ekNMEXQ40unIe1ZYOOsLCYZkSQeg0Qohr5wGzw7eTuWO', NULL, '3330530929', '5424070725', 10, 4, '934 Lelah Springs\nDamianbury, MO 45133', 'Suite 931', 'West Bengal', 'O\'Connell Lodge', 'South', 'East Mariela', '38197-6314', 1, '2020-06-25 02:23:21', '2020-06-25 02:23:21'),
(318, 'Delta Buckridge PhD', 'ulubowitz@keebler.com', '$2y$10$iOYa7WNlJca.h31wUjQKxuEN0KjVUfP5mroC4yeg1z8a9q93g2fri', NULL, '5105383166', '2936028136', 10, 2, '67828 Stoltenberg View\nSouth Coy, MI 17806-2936', 'Apt. 570', 'West Bengal', 'Lafayette Estate', 'Lake', 'Port Roxannefort', '64039', 1, '2020-06-25 02:23:21', '2020-06-25 02:23:21'),
(319, 'Raymundo Schuster', 'burley.funk@weissnat.biz', '$2y$10$12Z0LmC0Xj.ajKR0kZVqgemnwzdEAxCXyWDu0QlyFO7gB9YW59Ek.', NULL, '2972720996', '6499752462', 10, 5, '70343 Rosie Stream\nReillyberg, RI 26747', 'Suite 668', 'West Bengal', 'Zieme Stravenue', 'Port', 'Loraburgh', '89429', 1, '2020-06-25 02:23:21', '2020-06-25 02:23:21'),
(320, 'Juanita Braun', 'tyra42@harvey.com', '$2y$10$ApMsfMO1zytelYiisrl8VeSCZlYMZD66H0KkNwvmE8FY6b7hy1ucu', NULL, '7331442600', '4848525555', 10, 2, '268 Cassandra Burgs Suite 843\nPort Jessy, MS 09467', 'Apt. 477', 'West Bengal', 'Friesen Trafficway', 'New', 'Schimmelville', '28065-1848', 1, '2020-06-25 02:23:21', '2020-06-25 02:23:21'),
(321, 'Evans Nienow', 'kattie72@shanahan.com', '$2y$10$4UtRzhTkIkh2WJ7EBExcKeowm7Oska2.3MUV3uOyZvB/5p3AjwZrm', NULL, '6581884057', '9713783077', 10, 3, '8584 Jake Club Apt. 361\nJermaineview, IN 71198-0016', 'Suite 156', 'West Bengal', 'Sabryna Ports', 'East', 'Isaiahview', '33003', 1, '2020-06-25 02:23:21', '2020-06-25 02:23:21'),
(322, 'Aryanna Beatty', 'ewald42@larson.com', '$2y$10$sNjYLK6BAwytRmfOjFOPk.EqMMd9dnbrgN/aYXdWWF6f9O41bt63e', NULL, '4354519117', '3455585922', 10, 4, '25921 Heaney Centers\nNorth Colleen, WY 23722-2886', 'Apt. 262', 'West Bengal', 'Ernser Parkways', 'South', 'Daughertyberg', '17329', 1, '2020-06-25 02:23:21', '2020-06-25 02:23:21'),
(323, 'Oscar Jacobs', 'klein.gregg@yahoo.com', '$2y$10$QZ27KT4P2Yna18I5g1x8y.RB6XJn2ucNhloeIevS0u3gK3U33pQ1.', NULL, '4176396478', '9208436948', 10, 4, '422 Harold Streets Suite 703\nNienowborough, AZ 76197-2255', 'Apt. 297', 'West Bengal', 'Phoebe Falls', 'West', 'New Stacy', '50436-8035', 1, '2020-06-25 02:23:21', '2020-06-25 02:23:21'),
(324, 'Mrs. Maximillia Hudson III', 'jamir.terry@hotmail.com', '$2y$10$AzyrLzeJ0W1IYwgYxWcHi.83.1icPPQ3tzPutpWQefu98yP3cupdG', NULL, '4358598188', '1676431586', 10, 4, '492 Monahan Ville Suite 226\nZeldafort, LA 95155-7252', 'Suite 493', 'West Bengal', 'Kaya Ranch', 'Lake', 'Port Mateo', '61589-9655', 1, '2020-06-25 02:23:21', '2020-06-25 02:23:21'),
(325, 'Bettye Kovacek V', 'elisa.effertz@yahoo.com', '$2y$10$24bKf9qHP9h76kQImz/l2Obg3owcA42nv402E14sJm33vxh9/nQ56', NULL, '6818538009', '5811345411', 10, 3, '7337 Steuber Crossroad Suite 859\nNew Brook, VA 71815', 'Suite 257', 'West Bengal', 'Sim Throughway', 'West', 'Kuphalshire', '24777', 1, '2020-06-25 02:23:22', '2020-06-25 02:23:22'),
(326, 'Mrs. Eleanore Boehm', 'sylvia.ankunding@hotmail.com', '$2y$10$rxg1ZUgnLrgPkipRAgCDwuySthyVktmLmhDvP2mNEKkqQ.UZ2u8Jm', NULL, '2499832284', '6016075457', 10, 5, '8872 Ruecker Mountain Apt. 922\nWest Jared, TN 04301-5947', 'Suite 662', 'West Bengal', 'Kim Rapid', 'West', 'North Jonatan', '85663-1354', 1, '2020-06-25 02:23:22', '2020-06-25 02:23:22'),
(327, 'Lucile Marks Jr.', 'wiegand.roma@smith.net', '$2y$10$6dMxTkzutBdfyNueQJzpfOXF6PvtsB6wIUarfngmA9D6xx.e0sRIW', NULL, '4315418401', '8567378874', 10, 3, '59187 Reinger Fall\nNorth Geovannyfurt, NJ 04650', 'Suite 073', 'West Bengal', 'Kessler Cliffs', 'West', 'West Reva', '36051', 1, '2020-06-25 02:23:22', '2020-06-25 02:23:22'),
(328, 'Prof. Donna Leuschke', 'gwintheiser@hotmail.com', '$2y$10$/Mm2UCfQcRuVigPWJVkHk.Zy1WDxPEglmtCTAz43zx13w03wlO/9m', NULL, '2280131677', '1644152803', 10, 3, '4482 Raynor Fork Apt. 015\nStromanshire, ID 39977-4774', 'Suite 481', 'West Bengal', 'Mckayla Rapids', 'West', 'Anikaborough', '06022-2459', 1, '2020-06-25 02:23:22', '2020-06-25 02:23:22'),
(329, 'Macy Rodriguez', 'minerva90@heidenreich.info', '$2y$10$NWpOsu0BV0WHwgfi..un1O4sN3IsYQUehF458LQiiF0C/2Yiv44SS', NULL, '3932863274', '7115641118', 10, 4, '586 Goodwin Fall Apt. 072\nNew Demetrius, NY 72416', 'Suite 681', 'West Bengal', 'Gutkowski Shoals', 'New', 'Palmafurt', '09669-1641', 1, '2020-06-25 02:23:22', '2020-06-25 02:23:22'),
(330, 'Mary Maggio', 'norberto71@gmail.com', '$2y$10$yWt5eYmHZARAViUakPsgJODPO5PumaoJqU997x6KkPA0DI6jftSLy', NULL, '3726323652', '8884239641', 10, 4, '2209 Hills Garden\nWest Kaleighstad, KS 81418', 'Suite 190', 'West Bengal', 'Huels Court', 'South', 'New Antoniaton', '44409', 1, '2020-06-25 02:23:22', '2020-06-25 02:23:22'),
(331, 'Otha Gibson', 'prudence26@rowe.com', '$2y$10$GabKke5BmfLoHnWSGUICsunknycHc1TfeaxvHw1zndlq0lqQQy2Qa', NULL, '5740357216', '4541918864', 10, 2, '73266 Gretchen Locks Suite 316\nNathanialshire, WI 59352-5748', 'Apt. 353', 'West Bengal', 'Augusta Creek', 'Port', 'New Claud', '61670-2754', 1, '2020-06-25 02:23:22', '2020-06-25 02:23:22'),
(332, 'Neha Wuckert', 'virginia.grant@reichert.info', '$2y$10$k./wOw6LEZ5zPXHtbX0UROqYxrMyBO69JXVpx6wV31FKyiSumLhqi', NULL, '6262090502', '9461182223', 10, 5, '3969 Gino Fields\nWest Agustin, OK 51569', 'Suite 567', 'West Bengal', 'Bauch Squares', 'South', 'Steuberborough', '30607-1585', 1, '2020-06-25 02:23:22', '2020-06-25 02:23:22'),
(333, 'Claudia Kozey I', 'epagac@nienow.com', '$2y$10$kHbMekIHtihNrRvHFZE1nOhaTHMvSNaV/sfoskDMDg8IHbDd.3S/O', NULL, '1760779728', '5558652109', 10, 4, '850 Robel Prairie Suite 448\nReyhaven, SC 79292', 'Suite 119', 'West Bengal', 'Kale Mews', 'Port', 'Earlinemouth', '22929', 1, '2020-06-25 02:23:23', '2020-06-25 02:23:23'),
(334, 'Dr. Sid Bernhard', 'tevin.hodkiewicz@dickinson.com', '$2y$10$QyHNkr.0wviM6342/vjS9u8lRm3kKCjw1UOR47q8WG826Ssm1kqiG', NULL, '2415049614', '3635391435', 10, 5, '122 Lura Garden Suite 392\nWest Mackenzieview, IA 13707', 'Suite 924', 'West Bengal', 'Kulas Club', 'East', 'New Kamronhaven', '13515-4630', 1, '2020-06-25 02:23:23', '2020-06-25 02:23:23'),
(335, 'Mr. Monserrate Ankunding', 'rossie46@gmail.com', '$2y$10$b67.pT5ENxSFRcfNkXC5Iu2dkJ24aN9kJQrP2/McZL.A.l4ZyzGOu', NULL, '6370413366', '3732596828', 10, 4, '70528 Ratke Isle\nWest Ora, MO 69856', 'Suite 917', 'West Bengal', 'Herzog Turnpike', 'Lake', 'East Monteview', '57843', 1, '2020-06-25 02:23:23', '2020-06-25 02:23:23'),
(336, 'Prof. Claudia Anderson V', 'armstrong.shyann@reichel.com', '$2y$10$IwvhEPwgtswdTt9Twa2yHuu6cYIf3JMhmuXa7J3.yzQZCRxrCPYx2', NULL, '5925021295', '1960346913', 10, 5, '4065 Dangelo Plain Suite 016\nPort Raphaelletown, NM 59976', 'Apt. 847', 'West Bengal', 'Jana Haven', 'South', 'Jeremyfort', '04751', 1, '2020-06-25 02:23:23', '2020-06-25 02:23:23'),
(337, 'Kylee Leuschke', 'shanny.bernier@gmail.com', '$2y$10$f255UW3uPWz9TQgm4mLYnOE86ZSBgddI328okuJ88Why/tpVnOK6S', NULL, '2892449186', '2737638865', 10, 4, '2598 Shanel Loop Suite 569\nNorth Cecilehaven, MI 61939-1992', 'Apt. 049', 'West Bengal', 'Wyman Cove', 'North', 'Rutherfordburgh', '62901', 1, '2020-06-25 02:23:23', '2020-06-25 02:23:23'),
(338, 'Miracle Funk', 'thora.marvin@cruickshank.com', '$2y$10$yUnx3.2LwzXqKZE1HYUk9.wIeldPCojE3lsvW3Lm7qg3s.RwaMTga', NULL, '6041784493', '8201985661', 10, 2, '23342 Walker Motorway\nWyattside, GA 18658-5274', 'Apt. 777', 'West Bengal', 'Davin Shore', 'East', 'Mayerport', '00509', 1, '2020-06-25 02:23:23', '2020-06-25 02:23:23'),
(339, 'Garfield Abernathy', 'maxie.hahn@batz.net', '$2y$10$99om.ETbuyLTQm8fgYwWyu3ZaWxG7I9gWSA0ZLTBbYvpkgZ/bOJ/K', NULL, '4884672188', '2278484924', 10, 3, '120 Emmerich Creek\nPort Estastad, ME 63778', 'Apt. 844', 'West Bengal', 'Jamir Hill', 'Lake', 'West Breanna', '49523-2377', 1, '2020-06-25 02:23:23', '2020-06-25 02:23:23'),
(340, 'Zetta Doyle', 'wendy18@king.com', '$2y$10$Bg7gi/ZnBOOlKCZIMLo7Nu9CzAfmpRCYh.2IHkxlvjojoklbqQIJG', NULL, '7511130497', '3179650050', 10, 5, '238 Ramiro Landing\nJordynborough, TX 44619-2406', 'Suite 513', 'West Bengal', 'D\'angelo Radial', 'Port', 'Lake Adalberto', '48508-1862', 1, '2020-06-25 02:23:23', '2020-06-25 02:23:23'),
(341, 'Amara Grady', 'werner69@gmail.com', '$2y$10$91nCbwek7gBoXeJvyuNYFO4CYxf0JvycfYfbU3B.JopwsghWOv1P6', NULL, '2191186895', '2725469407', 10, 3, '38035 Cordell Vista\nNorth Laurine, WV 71183', 'Apt. 221', 'West Bengal', 'Bergstrom Views', 'South', 'Lake Mabelport', '23654-2946', 1, '2020-06-25 02:23:23', '2020-06-25 02:23:23'),
(342, 'Murphy Marquardt II', 'bria.gulgowski@kessler.com', '$2y$10$MY3LKRdbQJIzC97je0fZN.2ONhc3NmiAC9WH3MunuxEMM0csKntL.', NULL, '2641346547', '7956547433', 10, 2, '483 Cronin View\nNorth Audraborough, OH 84617', 'Suite 942', 'West Bengal', 'Dooley Centers', 'Lake', 'East Tarynfurt', '72218-8410', 1, '2020-06-25 02:23:24', '2020-06-25 02:23:24'),
(343, 'Prof. Shayna Harvey', 'skylar61@welch.org', '$2y$10$v/5g16G5OuHgsftGSvv3m.aCyODRb0d4K1QkGlG01sUCcY70vY3W6', NULL, '2366837304', '2707480329', 10, 2, '6180 Otho Glen\nJanaeburgh, VT 77483-3373', 'Suite 958', 'West Bengal', 'Casimer Course', 'West', 'Schimmelton', '85699', 1, '2020-06-25 02:23:24', '2020-06-25 02:23:24'),
(344, 'Serena Barton', 'zboncak.trisha@kuphal.com', '$2y$10$CkRmHUlVcQM7w7KPbGMAd.dTB3Fax5k6KoHZZmXBu.jm6X4W2973O', NULL, '3657154988', '9179587032', 10, 3, '30924 Gislason Vista Suite 976\nTurcotteville, DE 87787-8870', 'Apt. 779', 'West Bengal', 'Kihn Parks', 'East', 'South Velma', '67596', 1, '2020-06-25 02:23:24', '2020-06-25 02:23:24'),
(345, 'Regan Pouros', 'oheidenreich@hammes.com', '$2y$10$8rRCqHjCCff.vDLjSrm9NOIzFBB6F17T40qI3P8fcuJYfTBEEuzcG', NULL, '9653067111', '5443196386', 10, 4, '210 Haylie Port Apt. 761\nSouth Letitia, MT 11897-3382', 'Suite 921', 'West Bengal', 'Runolfsdottir Freeway', 'New', 'South Kari', '42639', 1, '2020-06-25 02:23:24', '2020-06-25 02:23:24'),
(346, 'Dr. Orion Cassin DVM', 'clifton20@hotmail.com', '$2y$10$Z26BhBW8HkBB5H/50PvKcOVcTFeJVdNPnyNjc6h2s8TNdcGW2rOZC', NULL, '2907698829', '4911691771', 10, 2, '4432 Friedrich Creek Apt. 872\nMerlchester, SC 96737-9710', 'Apt. 274', 'West Bengal', 'Marisol Route', 'North', 'Zboncakstad', '18060', 1, '2020-06-25 02:23:24', '2020-06-25 02:23:24'),
(347, 'Carolyne Emard', 'kunde.felix@hotmail.com', '$2y$10$9sbGKnWcYnL3oXG21JSwVOc83MNIH29IOwq6Ioq9izUl.tC/74ZkS', NULL, '3233713168', '1831038972', 10, 3, '6389 Jarred Camp\nNorth Ruthe, ME 27613', 'Suite 001', 'West Bengal', 'Tavares Trace', 'North', 'Padbergborough', '78646', 1, '2020-06-25 02:23:24', '2020-06-25 02:23:24'),
(348, 'Mr. Isom Connelly', 'celestino79@yahoo.com', '$2y$10$ZHB88Q7f7LZ2TrL22iHR2.0iDTiy/HvnfZv06JBj02gjOr/1CeI6W', NULL, '8809289073', '8714550381', 10, 3, '81367 Sawayn Gardens Suite 943\nSouth Cora, HI 67565', 'Apt. 147', 'West Bengal', 'Effertz Club', 'West', 'South Darrionbury', '77393', 1, '2020-06-25 02:23:24', '2020-06-25 02:23:24'),
(349, 'Isabella Gerlach', 'amparo.weimann@johns.net', '$2y$10$CwVLJNoYobtwCSx6b9buWOy/Ml.Ir29C4Ya5oVpAvRNAd.FG9dCM2', NULL, '1820785855', '1751775354', 10, 4, '798 Tromp Port Apt. 397\nSouth Chadrickchester, WA 61791-7118', 'Suite 489', 'West Bengal', 'Zemlak Curve', 'Lake', 'Minniechester', '96732', 1, '2020-06-25 02:23:24', '2020-06-25 02:23:24'),
(350, 'Alaina Langosh', 'emmet.dare@yahoo.com', '$2y$10$EYPuhigbfL58ph3qJqirTOcPk6SYlAOnZXfNho/q5tBuWpStHqRx.', NULL, '1124722634', '3241870620', 10, 3, '531 Nash Ferry\nWuckertside, TN 78039', 'Suite 057', 'West Bengal', 'Marc Ville', 'East', 'Murraytown', '56679-5902', 1, '2020-06-25 02:23:25', '2020-06-25 02:23:25'),
(351, 'Vincenzo Rippin', 'tyrel88@gmail.com', '$2y$10$QHzO1yzzS2BAITE5tZt9uOvWWtNJwEKeSnPdfkMgLsGPMjDP7.CoO', NULL, '5809669743', '1314932485', 10, 3, '548 Becker Branch Apt. 591\nSouth Charlotte, VA 52325-3118', 'Apt. 776', 'West Bengal', 'Karli Court', 'South', 'Lake Cornellstad', '89150', 1, '2020-06-25 02:23:25', '2020-06-25 02:23:25'),
(352, 'Mayra Heaney PhD', 'thaddeus.hammes@beier.info', '$2y$10$n.tZCaxv1Zg4Vg1bUzHFh.xdVI1ZWjbeSyCJfLtFTcpYoDLs1ztJy', NULL, '7603348856', '8068940978', 10, 4, '4140 Turcotte Corner\nPort Sterlingside, WV 29737', 'Suite 214', 'West Bengal', 'Pagac Isle', 'South', 'Reingerburgh', '05285-2879', 1, '2020-06-25 02:23:25', '2020-06-25 02:23:25'),
(353, 'Ms. Dandre Kreiger', 'swisozk@christiansen.com', '$2y$10$p44u.KTSKeSeNLqAmuuF4eeLKQ4iEFkQo4qTmuW4Jq2ur1XMy3Hz6', NULL, '1358147576', '2939317758', 10, 3, '4037 Wintheiser Brook\nFarrellville, VT 08197-0932', 'Suite 760', 'West Bengal', 'Wintheiser Roads', 'Lake', 'Kertzmannside', '09413-7974', 1, '2020-06-25 02:23:25', '2020-06-25 02:23:25'),
(354, 'Taya Beer', 'swaniawski.mavis@hotmail.com', '$2y$10$aJy7Oo/r6qDGhfPtIdC8H.mjEb4D1SC7KCp34XvG8DYHhVM8Y9eni', NULL, '3985758810', '8040392982', 10, 2, '8111 Susan Cliff\nSouth Bessiestad, LA 85494-4630', 'Apt. 100', 'West Bengal', 'Lubowitz Causeway', 'East', 'West Arnestad', '60461', 1, '2020-06-25 02:23:25', '2020-06-25 02:23:25'),
(355, 'Noah Gibson', 'tristin.welch@yahoo.com', '$2y$10$b3hhNcHuvPH8xH.HUybNr.cleDJhs3FU5IIJN1RT8a27rDKIVga6m', NULL, '5787375470', '4766092062', 10, 3, '2297 Johns Ferry\nNew Rosefurt, AL 63073', 'Apt. 219', 'West Bengal', 'Stracke Glen', 'South', 'Lake Demarcus', '27323', 1, '2020-06-25 02:23:25', '2020-06-25 02:23:25'),
(356, 'Grady Konopelski', 'nickolas57@monahan.biz', '$2y$10$mjirDtde.5TRkMByj5XDpuDxDiasDP.qgkVCIw6iTVy7ZBYQVFV5a', NULL, '1287996115', '4700764375', 10, 4, '33291 Eula Manor\nPort Kevon, GA 53207', 'Suite 087', 'West Bengal', 'Effie Flat', 'North', 'North Monty', '93494', 1, '2020-06-25 02:23:26', '2020-06-25 02:23:26'),
(357, 'Mrs. Lillie Boyle V', 'eric.tremblay@littel.net', '$2y$10$.uytY9B7wMxMKQpiIgPrJOgFHdIAtnJRmHfZjV0i69wsBghYvFMem', NULL, '8686188029', '1823317680', 10, 4, '55814 Kihn Trail Apt. 567\nDaniellaport, WI 58641-4359', 'Suite 401', 'West Bengal', 'Connelly Circles', 'New', 'New Demarcus', '80710', 1, '2020-06-25 02:23:26', '2020-06-25 02:23:26'),
(358, 'Jacquelyn Zulauf', 'ldoyle@damore.biz', '$2y$10$m2XKfr59Y1t3avMxDlneUezcrxBh7v/QZCALEYecAeb..vhcYtg.e', NULL, '8467542042', '7576786152', 10, 2, '132 Franecki Road Apt. 974\nWillieshire, ME 31387-8692', 'Apt. 254', 'West Bengal', 'Javon Rapids', 'West', 'East Sedrickbury', '29671', 1, '2020-06-25 02:23:26', '2020-06-25 02:23:26'),
(359, 'Dallas Christiansen', 'pkirlin@roberts.biz', '$2y$10$LL2NB9McJoCzaKauX.yGoOUJ2kWQ.rRhXoCG1ON2/CTchTYj0DOgO', NULL, '3975853320', '1224326097', 10, 2, '77926 Goldner Road\nWisokymouth, MO 02552', 'Suite 779', 'West Bengal', 'Jabari Pass', 'Port', 'Port Saulburgh', '11269', 1, '2020-06-25 02:23:26', '2020-06-25 02:23:26'),
(360, 'Brenden Fritsch DVM', 'hildegard.kirlin@hotmail.com', '$2y$10$osQdtqeWKsKJ42IwLsgjsuxCwa0oSAR.Aq1syKTgpwb89h9Al.GbC', NULL, '3221576024', '7055725786', 10, 4, '355 Ed Crescent\nGerlachstad, NV 61526', 'Suite 664', 'West Bengal', 'Predovic Valley', 'Lake', 'New Cary', '29885', 1, '2020-06-25 02:23:26', '2020-06-25 02:23:26'),
(361, 'Mr. Fermin Kuvalis III', 'angelica.jast@rutherford.org', '$2y$10$zcID0FHi6MFjRP6jdvobo./DtBhovo21fNyU4OvNMFZ5ZrgDN..me', NULL, '6496953866', '1889022754', 10, 3, '523 Hiram Forks Apt. 790\nSouth Kaitlin, KY 24296', 'Suite 127', 'West Bengal', 'Haag Course', 'North', 'Grahamfurt', '84378-1253', 1, '2020-06-25 02:23:26', '2020-06-25 02:23:26'),
(362, 'Miguel Ryan V', 'helmer17@gmail.com', '$2y$10$bTk3WAh6Y5GP1P1cYUu6f.lC2j0uJK8KTYIbawlzPq6BPv98WdrEy', NULL, '6985531650', '8417889919', 10, 4, '71122 Stephany Lodge\nDougfurt, NE 80963', 'Suite 402', 'West Bengal', 'Moore Junctions', 'North', 'Jennyferchester', '94392-0391', 1, '2020-06-25 02:23:26', '2020-06-25 02:23:26'),
(363, 'Dr. Magdalena Stroman', 'toni39@yahoo.com', '$2y$10$OoFVVauFN/wC1eoUV.bvSeYM3VTk97LsGeoyaS4g8kpAXqSw2Dojq', NULL, '8394131469', '1670429666', 10, 5, '671 Marina Spurs\nNew Ruth, UT 31622-5611', 'Apt. 133', 'West Bengal', 'Stroman Brooks', 'Port', 'Deckowchester', '17829-8336', 1, '2020-06-25 02:23:27', '2020-06-25 02:23:27'),
(364, 'Kristin Beer I', 'apagac@rippin.com', '$2y$10$WgKGHzJHBI4oGBKzHJ6Xme7O93JHOVrkXBC/.tk16JTa6gNLNyw4G', NULL, '1330942247', '8269087795', 10, 5, '2945 Oscar Summit\nNorth Koreyview, ID 37262-7711', 'Suite 018', 'West Bengal', 'Kunze Camp', 'South', 'Weimannborough', '71698', 1, '2020-06-25 02:23:27', '2020-06-25 02:23:27'),
(365, 'Laurie Rippin III', 'areilly@hudson.com', '$2y$10$rwXVxj.TxhSCCJwv10.XWuh3se414vecXfDm7/AbTHI9hNBpMMlhi', NULL, '6117466958', '6619652479', 10, 3, '6703 Kris Key Apt. 355\nMalliemouth, NM 39207', 'Apt. 945', 'West Bengal', 'Halie Crossroad', 'East', 'Margaritaville', '14190', 1, '2020-06-25 02:23:27', '2020-06-25 02:23:27'),
(366, 'Fiona Quigley', 'marc37@pacocha.com', '$2y$10$gDrhkps7IBsl68njEz/.9OJs3L.kk5B.ZS6w7eEeSTOJwUykQlJBO', NULL, '4567034224', '5779292581', 10, 2, '84813 Adolph Key\nWest Itzelhaven, CO 99142-6578', 'Suite 298', 'West Bengal', 'Novella Grove', 'South', 'East Clementina', '95774-9055', 1, '2020-06-25 02:23:27', '2020-06-25 02:23:27'),
(367, 'Mr. Geovanny Pollich', 'stephania.cartwright@lind.com', '$2y$10$AgmocDP85ct7oIXF0qMGT.ZmlvvVkTqyAy46pfJ8YBl5CmffyNF0.', NULL, '6448226960', '9021851413', 10, 3, '8739 Jimmie Route Apt. 914\nNew Landen, FL 35521', 'Suite 561', 'West Bengal', 'Henry Lodge', 'East', 'North Earnestfort', '08368', 1, '2020-06-25 02:23:27', '2020-06-25 02:23:27'),
(368, 'Mrs. Raegan Dietrich V', 'jade27@yahoo.com', '$2y$10$EoxHIIzoVLpEDTdZCmtf2.IaeSV1DzNJXn7NZ0IMX.SJt72HJAs2m', NULL, '2065183009', '7557194901', 10, 2, '925 Simonis Forges Apt. 487\nSouth Alysa, SC 93819-4619', 'Suite 576', 'West Bengal', 'Huel Village', 'Port', 'Omarihaven', '61682-5933', 1, '2020-06-25 02:23:27', '2020-06-25 02:23:27'),
(369, 'Dedric Ziemann', 'joey93@breitenberg.com', '$2y$10$8Q5RAI.OwgHGmcXkqARKieuigqdFvRp2L/okowsJJAvw4lq7KfILG', NULL, '1345263287', '8731497092', 10, 3, '6160 Luigi Ramp\nPaulineview, MD 91034', 'Suite 575', 'West Bengal', 'Dooley Skyway', 'North', 'North Maynard', '07292-5478', 1, '2020-06-25 02:23:27', '2020-06-25 02:23:27'),
(370, 'Stephan Swaniawski', 'trycia.bayer@yahoo.com', '$2y$10$aLVvt8/u3cbYyyQ2IQHhR.zHvf.eAhLmoruMVM3WM/m9uIdL1lVma', NULL, '9678122228', '4336292547', 10, 3, '46733 Elinor Mountain Apt. 452\nDeontown, NE 50114-4131', 'Suite 846', 'West Bengal', 'Swaniawski Stream', 'North', 'New Eugeneside', '89159', 1, '2020-06-25 02:23:27', '2020-06-25 02:23:27'),
(371, 'Frances Koelpin V', 'issac32@gmail.com', '$2y$10$/.aZdWlI7VaOzQnbUzlqtuZAC7Fj5IB3eREYwZn5JNqcZIGrDgVDS', NULL, '9642944068', '4109364711', 10, 5, '3182 Hills Track\nNorth Margretport, AL 30615', 'Apt. 630', 'West Bengal', 'Moore Cliffs', 'Lake', 'New Layla', '68220', 1, '2020-06-25 02:23:28', '2020-06-25 02:23:28'),
(372, 'Garnet Franecki', 'aliya.keebler@dooley.com', '$2y$10$gBpqrpb78ZGUL0jzeUh0beJy1UIGzbJKK0GrGyTg2ycp22WBssIoy', NULL, '4588434691', '3333982992', 10, 2, '172 Cormier Freeway\nTownestad, MO 33257-8015', 'Apt. 001', 'West Bengal', 'Swaniawski Lakes', 'South', 'Monserratemouth', '68956-0353', 1, '2020-06-25 02:23:28', '2020-06-25 02:23:28'),
(373, 'Prof. Vernie Rogahn IV', 'kertzmann.kelley@russel.net', '$2y$10$V95age8HcmU8mR5KfPMp7O1SgezDPBV5v09B4vPkW7iEGPFI0RBlS', NULL, '6197161700', '7273359512', 10, 3, '774 Paucek Summit Apt. 532\nPort Brockmouth, WI 78205', 'Apt. 430', 'West Bengal', 'Hartmann Park', 'New', 'Vandervortberg', '16559-8940', 1, '2020-06-25 02:23:28', '2020-06-25 02:23:28'),
(374, 'Mikel Aufderhar', 'okemmer@towne.org', '$2y$10$iq01tvG1Ksh76bgHCgPYfOfWSsL41KGrUjMNnfsnifESavwjAgCae', NULL, '2859430170', '7797451631', 10, 5, '251 Pascale Islands Apt. 845\nNorth Destineeland, HI 95309-9651', 'Apt. 803', 'West Bengal', 'Armando Crossroad', 'Port', 'Zackville', '78436-5650', 1, '2020-06-25 02:23:28', '2020-06-25 02:23:28'),
(375, 'Miss Lacy Gleason Jr.', 'william08@hotmail.com', '$2y$10$.NFnRqYb0I.ZpUD1Qvf08uylrj3ExH.pkhGi.KHKcK6cZu.4fiKyG', NULL, '1992944191', '3539553133', 10, 2, '98643 Lizeth Burg Apt. 776\nEast Kyla, CO 36802', 'Suite 851', 'West Bengal', 'Trantow Burg', 'Port', 'Lake Stellamouth', '56385', 1, '2020-06-25 02:23:29', '2020-06-25 02:23:29'),
(376, 'Andrew Leffler', 'pohara@hotmail.com', '$2y$10$H4o210khV7527s65ZlmdUeJ4IBMQgu5IrFiAQrw0iN7lor/JRt39q', NULL, '2874389842', '7133360606', 10, 3, '3883 Virginie Estate Apt. 609\nNew Maymie, CT 70512', 'Suite 891', 'West Bengal', 'Medhurst Rue', 'New', 'Mosciskiport', '27199-8738', 1, '2020-06-25 02:23:29', '2020-06-25 02:23:29'),
(377, 'Tina Rowe', 'christine.kiehn@gmail.com', '$2y$10$pfgOAsRF24fcNsWQWCsThehFA9QXhXGoiCEb5a4i5HgyKpXLglhEK', NULL, '7682694067', '2733938201', 10, 5, '286 Lera Forest Apt. 228\nRippintown, KY 77214-2993', 'Suite 231', 'West Bengal', 'Judd Ferry', 'South', 'East Noreneburgh', '16090', 1, '2020-06-25 02:23:29', '2020-06-25 02:23:29'),
(378, 'Jonathan Sporer I', 'sbogan@rutherford.com', '$2y$10$Ydpep8TeNHM3NKH7tqjlju4c9WF42LhJxNMBPvnXd8O6uBCBUqiw.', NULL, '8814125063', '9885419131', 10, 3, '890 Micheal Lake\nSouth Kamryn, KS 43881-8740', 'Suite 654', 'West Bengal', 'Feeney Shore', 'North', 'Port Adolfoside', '24985-1278', 1, '2020-06-25 02:23:29', '2020-06-25 02:23:29'),
(379, 'Noe Murphy', 'demarco.tromp@hand.com', '$2y$10$CV7TIOY/v7KufZ1cUHsYLe4aZCsmoiZEpXOyqSmaA.mTZWFQf2vja', NULL, '5079194651', '5406990515', 10, 4, '245 Weimann Groves\nNew Gwen, PA 80725-8400', 'Suite 683', 'West Bengal', 'Ward Burg', 'South', 'Julienville', '32156-3586', 1, '2020-06-25 02:23:30', '2020-06-25 02:23:30'),
(380, 'Alexandra Brekke MD', 'dhuel@metz.org', '$2y$10$6As8qG9o00LoZ/PNSucLjeKFYwzopvRP6DnC83tJNUOdWKfMVza6q', NULL, '9925816071', '7266291256', 10, 3, '68885 Moen Lake Apt. 083\nForrestview, RI 61654-0938', 'Apt. 819', 'West Bengal', 'Kaleb Springs', 'North', 'Rhodaborough', '21523', 1, '2020-06-25 02:23:30', '2020-06-25 02:23:30'),
(381, 'Twila Purdy', 'timmy.daniel@mills.com', '$2y$10$cOLcHuXOIT2eTHvGNCPtf.PkYp5iadsSaDlbcG92ciyOpvnCIA2O6', NULL, '8556864894', '5515765867', 10, 4, '235 Huels Brooks Apt. 923\nHarrisside, MA 32062-3250', 'Suite 524', 'West Bengal', 'Hoyt Port', 'East', 'Greenstad', '26649-9885', 1, '2020-06-25 02:23:30', '2020-06-25 02:23:30'),
(382, 'Graham Anderson', 'rath.antoinette@bauch.com', '$2y$10$kwd/R1kCqFGNmOHyMhNcjO.9avDd0lL3r5l3LyCoQYoBY8Ocd08Au', NULL, '8879892133', '8027984522', 10, 5, '67599 Considine Park Apt. 887\nJedchester, HI 65197', 'Suite 126', 'West Bengal', 'Alexandria Light', 'New', 'Eusebiomouth', '96446', 1, '2020-06-25 02:23:30', '2020-06-25 02:23:30'),
(383, 'Elinore Bogisich', 'philip.sporer@rempel.org', '$2y$10$lVVb78DxMp9.nnsQZDZfpenw3eQtpnGB/YShFACM1G2G6afDMiZ.6', NULL, '9686391730', '5348013067', 10, 5, '203 Wolff Estates\nDarrickton, AK 50658-0996', 'Suite 789', 'West Bengal', 'Michele Terrace', 'Port', 'North Waldostad', '92544', 1, '2020-06-25 02:23:31', '2020-06-25 02:23:31'),
(384, 'Dr. Helmer Becker V', 'oprosacco@feil.com', '$2y$10$YCg/xl6DYOD1aRi7TRrbJuImrfOv4fyrp/x4aFdYTAPvXdXATnma6', NULL, '4005235026', '7616263962', 10, 2, '707 Bartell Way Suite 906\nSouth Lauren, TX 49495', 'Apt. 153', 'West Bengal', 'Lemuel Flat', 'West', 'Montyfort', '97746', 1, '2020-06-25 02:23:31', '2020-06-25 02:23:31'),
(385, 'Al Spencer', 'julie.swaniawski@yahoo.com', '$2y$10$392eMoSAzXKLDlAssPkUg.F9Mth4qC.mUdudOFiLYhW0J35oRc8iW', NULL, '6929619870', '4222652153', 10, 3, '40942 Nigel Neck\nNew Jaylinfort, MN 86934-2138', 'Suite 518', 'West Bengal', 'Hosea Mission', 'East', 'Auerberg', '79499', 1, '2020-06-25 02:23:31', '2020-06-25 02:23:31'),
(386, 'Miss Kariane Goyette', 'hudson.gretchen@cormier.com', '$2y$10$DKzmrnI5C90hPqJMVqRba.Qt68XeskYz/D.G2DZ/aKeN2Mhso7IeO', NULL, '5619739288', '9275536281', 10, 2, '54650 Walter Rapids Suite 306\nNorth Ronaldo, KS 85265', 'Suite 846', 'West Bengal', 'Kshlerin Summit', 'West', 'Lake Elinor', '48897', 1, '2020-06-25 02:23:32', '2020-06-25 02:23:32'),
(387, 'Christa Bradtke', 'terrill.leuschke@yahoo.com', '$2y$10$uqC4W.OWQ4M/6DOvcZ61M.lyS2Jvg4uzcFo6XfzgN8ZaVXhSOKQC.', NULL, '2378060705', '2252998580', 10, 4, '57219 Susan Lodge\nNorth Jarrell, UT 88802-3370', 'Suite 920', 'West Bengal', 'Carol Locks', 'New', 'Ozellashire', '83401', 1, '2020-06-25 02:23:32', '2020-06-25 02:23:32'),
(388, 'Ms. Aletha Jast DDS', 'conn.lucienne@mccullough.com', '$2y$10$C4NSr3uUxxwrUzd0HjJlNO0FLXb2AaSqwNb0XuZBSthnbSQ7NHNhK', NULL, '9206288591', '9147597539', 10, 2, '464 Noe Mountain\nPort Cole, OK 01315', 'Suite 173', 'West Bengal', 'Pat Road', 'North', 'O\'Connerberg', '77833', 1, '2020-06-25 02:23:32', '2020-06-25 02:23:32'),
(389, 'Orrin Hudson', 'theresia62@satterfield.biz', '$2y$10$ZiIhrIHVh99GJy3Vwnc2teRC9z8rGhOl5uy7s2z/y263bt74cIjgW', NULL, '8295247646', '1607671552', 10, 2, '7506 Morton Coves Apt. 276\nBennetthaven, WV 44429-9239', 'Apt. 118', 'West Bengal', 'Bergnaum Stravenue', 'South', 'North Ransom', '57271', 1, '2020-06-25 02:23:32', '2020-06-25 02:23:32'),
(390, 'Dr. Toby Ruecker', 'yesenia17@stiedemann.net', '$2y$10$kVISTr3kUZFqt3Yc2/fCw.VIXlACBkk1ApfVTktf2SYaW3oLq3WPS', NULL, '7409072681', '4149291335', 10, 2, '3338 Klocko Pine\nWest Yasmineville, NH 53615', 'Apt. 091', 'West Bengal', 'Dibbert Ville', 'West', 'East Avis', '63190', 1, '2020-06-25 02:23:33', '2020-06-25 02:23:33'),
(391, 'Mr. Irving Mann DDS', 'qheaney@hotmail.com', '$2y$10$sQMh36Pr3nqomKwasRZP/egjALls4LqEdFwQqFvAzxyzd1piFByL2', NULL, '2702266634', '9494892355', 10, 4, '3399 Ziemann Plaza\nNorth Christaville, MD 41909', 'Apt. 615', 'West Bengal', 'Lawrence Shoal', 'Port', 'Gerlachhaven', '60707-3095', 1, '2020-06-25 02:23:33', '2020-06-25 02:23:33'),
(392, 'Werner Hahn', 'arvilla42@gmail.com', '$2y$10$eGB3tOyUF/L8iD/SgyWBl.3y5mcJDLEnvG6/SXdzZMX5vI1Ap4x9m', NULL, '8446724049', '3676739069', 10, 3, '14838 Shields Island Suite 523\nFarrellview, OR 19146', 'Suite 545', 'West Bengal', 'Kutch Dale', 'Port', 'West Lina', '59048', 1, '2020-06-25 02:23:33', '2020-06-25 02:23:33'),
(393, 'Presley Runolfsson', 'sincere01@yahoo.com', '$2y$10$4YnGVMFhhSjnfcdD8OCwuu/sTN/AiGQ9nC5dML/nFdKNtDTIfAJ3i', NULL, '2360582869', '4598756478', 10, 3, '8676 Isabell Burg Suite 918\nElnorachester, MD 35660', 'Suite 089', 'West Bengal', 'Will Way', 'East', 'Earltown', '84479-0733', 1, '2020-06-25 02:23:34', '2020-06-25 02:23:34'),
(394, 'Maurine Nienow', 'friesen.kale@gmail.com', '$2y$10$4C7ltq2D2ZuWPXwMw5vm/ubMfoQH.ebbZnWUl8bU8DFha7/p9AE6W', NULL, '7395543159', '6981568935', 10, 3, '94169 Dicki Stravenue Apt. 868\nEast Electa, MD 29047', 'Apt. 379', 'West Bengal', 'Green Prairie', 'West', 'West Coltland', '67665', 1, '2020-06-25 02:23:34', '2020-06-25 02:23:34'),
(395, 'Ms. Edna Kling', 'runolfsdottir.danika@yahoo.com', '$2y$10$GRLQQjrKWR/bgyuEf57thek6RNfzwjWHCHXJWFX.jmayjlduJcQLa', NULL, '6804577929', '2278176767', 10, 2, '562 Thiel Fort\nKiehnshire, TX 38053-7286', 'Suite 465', 'West Bengal', 'Konopelski Manor', 'Port', 'Lake Trinityhaven', '26763', 1, '2020-06-25 02:23:34', '2020-06-25 02:23:34'),
(396, 'Ms. Beryl Skiles III', 'hpfannerstill@yahoo.com', '$2y$10$kICOkh4nSyE7mk7PI8d2d.EkK8UwzrcwHYxMUx.5uku86xRRv8U.O', NULL, '6075811305', '8646670030', 10, 4, '5917 Myah Forks\nLake Miltonview, MT 24189-5017', 'Apt. 135', 'West Bengal', 'Lubowitz Wall', 'Port', 'Ressiemouth', '11432-2254', 1, '2020-06-25 02:23:34', '2020-06-25 02:23:34'),
(397, 'Kristoffer Mante Jr.', 'kari77@brown.com', '$2y$10$Cz5Pmbac8fJKBSHLsr93NOJnrV0Hlhp.hftLdQyMabVuunP0T0vAe', NULL, '7944537652', '9026695468', 10, 5, '8309 Zechariah Forks Apt. 856\nLake Lilian, MI 33154', 'Apt. 727', 'West Bengal', 'Hettie Bypass', 'Port', 'East Alta', '70722-0777', 1, '2020-06-25 02:23:34', '2020-06-25 02:23:34'),
(398, 'Cassidy McGlynn', 'stark.marilou@gmail.com', '$2y$10$3sVQc.BQnMRk7XT3qNNqKe3PNMjpXm80wZ9WB1w94Xoo.VrUvKtHO', NULL, '9801146189', '5222914114', 10, 3, '799 Lea River Apt. 527\nLake Hadley, PA 59023', 'Suite 982', 'West Bengal', 'Zieme Parkway', 'Lake', 'Wilkinsonfurt', '06946', 1, '2020-06-25 02:23:34', '2020-06-25 02:23:34'),
(399, 'Horacio O\'Hara', 'king.emilie@yahoo.com', '$2y$10$wNgV/Wndo8hZIRthkcRgZ.KfqxXQ52R8G20NdQm60OFEbJh/VUzby', NULL, '6394646231', '4006673970', 10, 5, '402 Heidenreich Land Suite 786\nAlannashire, WA 70053', 'Apt. 803', 'West Bengal', 'Erdman Spurs', 'North', 'East Bradlyville', '22551', 1, '2020-06-25 02:23:35', '2020-06-25 02:23:35'),
(400, 'Myriam Von', 'stone97@hotmail.com', '$2y$10$HD78JtKzBYx1AW7bheEGEOYFOZDp/YvUOg9g5y03HbaWw9nFFyzCC', NULL, '5156349999', '2725964110', 10, 2, '703 Bode Estate\nSavannastad, WA 33880', 'Apt. 335', 'West Bengal', 'Hunter Greens', 'New', 'New Glen', '02074-3130', 1, '2020-06-25 02:23:35', '2020-06-25 02:23:35'),
(401, 'Matilde Kuphal', 'chanelle43@olson.com', '$2y$10$KnoQeGpXjOhMtBxBslqupeF8v0sJ0XwFIHnFoxj5FdmOzY/VJyCAi', NULL, '8804589090', '3947364570', 10, 5, '742 Kulas Haven\nWest Philip, NM 01671', 'Apt. 782', 'West Bengal', 'O\'Hara Field', 'New', 'Port Jody', '02022', 1, '2020-06-25 02:23:35', '2020-06-25 02:23:35'),
(402, 'Lucas Borer Sr.', 'domenic24@hotmail.com', '$2y$10$t4VXodKKzH36Oz1GvpUmLuDcuu8n6W2RFbrZy5ieeT81eyW9/rcJ6', NULL, '1700755958', '3644562216', 10, 2, '1519 Wilson Forest\nNew Bridie, FL 32815', 'Apt. 579', 'West Bengal', 'Cristal Mount', 'Lake', 'Caleighshire', '23320', 1, '2020-06-25 02:23:35', '2020-06-25 02:23:35'),
(403, 'Elmore Prohaska', 'spencer.fleta@berge.com', '$2y$10$gmNQ3PFMw7m/yxoQgChKYe6S.D2MfJRIC.2XJVIQBJCISCCGoMZDa', NULL, '5700788072', '7134246464', 10, 4, '8295 Calista Cove\nLake Sheldonborough, MD 88926-6348', 'Suite 540', 'West Bengal', 'Toy Parkways', 'Lake', 'Homenickview', '09875', 1, '2020-06-25 02:23:35', '2020-06-25 02:23:35'),
(404, 'Prof. Amari Douglas', 'hprice@gmail.com', '$2y$10$E9z4OGYEae7rlXzQpwckauEYgegWPLF62oHB5orviX19DSjRPmUF.', NULL, '3169489557', '3834298278', 10, 3, '8802 Hilpert Groves Suite 874\nPort Noemyberg, FL 58696-2398', 'Apt. 308', 'West Bengal', 'Crooks Shoals', 'South', 'Eichmannburgh', '54190-2453', 1, '2020-06-25 02:23:35', '2020-06-25 02:23:35'),
(405, 'Marvin Jaskolski', 'walsh.llewellyn@botsford.com', '$2y$10$5C0QWDfoqNKBuGYIujPDVejAjEz4VcEKrXGKyeqNJYfF9g0NWiN36', NULL, '5844540357', '6691999220', 10, 5, '6163 Toy Lake\nNorth Margret, HI 51927-6336', 'Apt. 210', 'West Bengal', 'Marquardt Rapid', 'South', 'Gustmouth', '91838', 1, '2020-06-25 02:23:35', '2020-06-25 02:23:35'),
(406, 'Shaina Zulauf MD', 'bauch.johan@hotmail.com', '$2y$10$xri4xXsTvdYsP2STjpnM/OS2BP8oy/L28A1CkHEnsrvZlh.IuT04i', NULL, '1452486086', '2262310278', 10, 2, '2828 Strosin Court Apt. 627\nWest Verlie, WV 26318-9202', 'Suite 077', 'West Bengal', 'Dare Place', 'New', 'Faheyland', '49162-2810', 1, '2020-06-25 02:23:35', '2020-06-25 02:23:35'),
(407, 'Violet Predovic', 'kpadberg@gmail.com', '$2y$10$3hk/SaestNLprQP4EvF3reH9gw3QShiEAYcrJLatUdI0e0Bd8DX56', NULL, '3023633255', '6425772627', 10, 2, '5754 Gerda Divide\nSkileschester, NY 43681-3879', 'Suite 364', 'West Bengal', 'Matilde Courts', 'Port', 'South Ottilieton', '11264-6719', 1, '2020-06-25 02:23:35', '2020-06-25 02:23:35'),
(408, 'Raphaelle Pfannerstill DDS', 'madonna.bashirian@hessel.biz', '$2y$10$jFfu87qWltBV.gYg74vqzezoNuoC.Dh1Lgnj1TnislA/1qnMRPbSa', NULL, '8980930044', '7131764847', 10, 5, '88841 Quinten Center Suite 055\nNew Johnnie, PA 74447-3517', 'Suite 006', 'West Bengal', 'Jarrell Rest', 'South', 'Katharinastad', '66347-3698', 1, '2020-06-25 02:23:36', '2020-06-25 02:23:36'),
(409, 'Blaise Thompson', 'marge.johnson@gmail.com', '$2y$10$8JXgtcyo.3H/dYzEFFuseeFamAAEQP.TsmT6Qx20uZ8r40S4G8HxC', NULL, '9586974882', '3755955132', 10, 4, '7025 Homenick Heights\nPort Abeburgh, NJ 05070-6596', 'Suite 429', 'West Bengal', 'Wintheiser View', 'West', 'South Torreyborough', '86961', 1, '2020-06-25 02:23:36', '2020-06-25 02:23:36'),
(410, 'Napoleon Klocko', 'lonny77@hotmail.com', '$2y$10$GoxkLHxCPsKoI8wzW5927uQMF5VfL57ogt5W13FNq488i9iwLL2Gu', NULL, '7281830486', '8123465038', 10, 3, '8207 Savanna Stravenue Suite 776\nNew Avery, MO 58684-4109', 'Apt. 283', 'West Bengal', 'Willms Stream', 'South', 'South Rey', '41438-0009', 1, '2020-06-25 02:23:36', '2020-06-25 02:23:36'),
(411, 'Justine Pouros', 'roman67@gmail.com', '$2y$10$ikpt4v9YuJnxz/xZSLUa9.Ii9/Zs2B7duAx67ZmmHvmhGxNztu/kW', NULL, '7096631586', '4344269372', 10, 5, '3370 Balistreri Key\nArturohaven, NH 34040-4127', 'Apt. 441', 'West Bengal', 'Moore Hill', 'West', 'Lake Tamia', '70941', 1, '2020-06-25 02:23:36', '2020-06-25 02:23:36'),
(412, 'Kari Bartell', 'nolan76@gmail.com', '$2y$10$3Kr24vdAFdEQcowWL/dZgecorQ0nhJmgMLXLAZcn6zrx0CVbyRGuK', NULL, '1040464474', '6181679462', 10, 4, '2079 Orlando Shoals Suite 175\nEast Hildegard, MD 74794', 'Suite 408', 'West Bengal', 'Durgan Street', 'New', 'New Lilianchester', '46721-0164', 1, '2020-06-25 02:23:36', '2020-06-25 02:23:36'),
(413, 'Jayda Thompson', 'edwardo88@yahoo.com', '$2y$10$uhYKyhplw1957JOB7n4G1eBFiGrkroobWzbnnZsHTU2y7NsA0kHXm', NULL, '7432634240', '1553067828', 10, 2, '935 Jones Stravenue Suite 404\nHaydenview, OH 32854', 'Suite 974', 'West Bengal', 'Amalia Mills', 'New', 'Margarettberg', '23948', 1, '2020-06-25 02:23:36', '2020-06-25 02:23:36'),
(414, 'Prof. Alisha Doyle Jr.', 'carolyn55@hotmail.com', '$2y$10$zkTYVG5Ptg211VLZKZNrjeavEerd/THuCMaL5TkuVXRRqkZdmvIBS', NULL, '9585917468', '7203771277', 10, 5, '908 Kuphal Courts\nAngelinafurt, NM 38182', 'Suite 714', 'West Bengal', 'Wuckert Parkways', 'South', 'Port Jonathon', '70866-3534', 1, '2020-06-25 02:23:36', '2020-06-25 02:23:36'),
(415, 'Prof. Bobby Sanford MD', 'nolan.sanford@volkman.com', '$2y$10$pFyMJ7eNLBv/nJ0zQcDt0.qovfqsBVpoTFLtO2gIGDLxUU72NM8bq', NULL, '2059298309', '6564922271', 10, 2, '621 Price Walk\nLake Siennaborough, WV 83722', 'Suite 460', 'West Bengal', 'Ullrich Lock', 'Port', 'Ilianaville', '62198', 1, '2020-06-25 02:23:36', '2020-06-25 02:23:36'),
(416, 'Annalise Weissnat', 'elmira.altenwerth@christiansen.org', '$2y$10$gqUNMcP4BUS4JPiVuAas6epIbqdLpGK4xK.qO93YOILmCGwh/4g46', NULL, '9632514663', '3988728896', 10, 4, '22269 Arnoldo Way\nHansenmouth, IL 08536', 'Apt. 131', 'West Bengal', 'Preston Loop', 'South', 'West Dejuanmouth', '90581-8142', 1, '2020-06-25 02:23:36', '2020-06-25 02:23:36'),
(417, 'Prof. Rodolfo McGlynn DDS', 'brant93@moore.com', '$2y$10$QflUZQmcKWXYO4lKhNChN.M98krOxj8mqP9R8iDY9MloWb.TZXos.', NULL, '2617115976', '7948995585', 10, 3, '473 Bailey Tunnel\nLednerhaven, KS 47754-2136', 'Apt. 608', 'West Bengal', 'Van Springs', 'East', 'West Luellafurt', '42552', 1, '2020-06-25 02:23:37', '2020-06-25 02:23:37'),
(418, 'Mellie Cole', 'frami.fletcher@dare.info', '$2y$10$Ob3ngZzQvyZLF/WlLoLKNO5Vi5dxl7MueEbxYts6Y2VlDIuxYw6MS', NULL, '3103885642', '8767079042', 10, 3, '2176 Ulises Pass Apt. 646\nEast Isaias, NH 45310', 'Suite 730', 'West Bengal', 'Melba Brooks', 'Lake', 'Douglasview', '56834-0322', 1, '2020-06-25 02:23:37', '2020-06-25 02:23:37'),
(419, 'Fleta Mayert', 'nheidenreich@hotmail.com', '$2y$10$pTwOPfURvy/g1Dp5Sf2TMuFmWaa2TFZTSREd8e9BeHfwfM0EGBF6m', NULL, '6672525641', '8943524355', 10, 2, '87537 Lexus Field\nNew Ellenhaven, OH 87021', 'Apt. 085', 'West Bengal', 'Jacynthe Station', 'South', 'Kiehnview', '50783-4125', 1, '2020-06-25 02:23:37', '2020-06-25 02:23:37'),
(420, 'Blake Sauer', 'delphine00@aufderhar.com', '$2y$10$buXwSjkRfTR02YinMQp4/OwiGBwdW4gMAWReAqXUoEpHIW2j4piKi', NULL, '5126930637', '1935276493', 10, 4, '519 Rosario Shores Apt. 184\nJaydonburgh, MI 10521-3463', 'Suite 967', 'West Bengal', 'Johnson Plaza', 'Lake', 'Hannahhaven', '15807', 1, '2020-06-25 02:23:37', '2020-06-25 02:23:37'),
(421, 'Dr. Sally Torp', 'sigurd.tillman@ortiz.com', '$2y$10$YQDTvMghIimdbvK6xbFvkO.7fnrRlY2bLmBBEHnpJOaU7K7/SahZ.', NULL, '5895381991', '9617925919', 10, 5, '128 Abshire Harbors Suite 257\nNorth Rhodashire, WA 93801-6188', 'Suite 199', 'West Bengal', 'Marge Extension', 'East', 'Metztown', '49992-3758', 1, '2020-06-25 02:23:37', '2020-06-25 02:23:37'),
(422, 'Miss Danielle Cronin Sr.', 'ignatius43@toy.com', '$2y$10$o6PhBSzN/aEppfTJy/xckula4U/e2xt1wekUsJWfaNoNPx5rVD9Pm', NULL, '9642374671', '8895191736', 10, 4, '14482 Daugherty Wall\nEsperanzatown, VT 65512-0639', 'Suite 830', 'West Bengal', 'Dimitri Ridge', 'East', 'East Bernie', '68651', 1, '2020-06-25 02:23:37', '2020-06-25 02:23:37'),
(423, 'Dr. Lilian Halvorson', 'christian.gaylord@paucek.com', '$2y$10$p9EgeJgpxZ0WifYglX3W7ud1U6Aqol8AwleKwRmzQeyhyifIaKnI6', NULL, '1952381987', '3561997125', 10, 3, '492 Rickey Landing\nWest Landen, DE 54020-2799', 'Apt. 855', 'West Bengal', 'Jeremy Fields', 'South', 'Monahantown', '23742', 1, '2020-06-25 02:23:37', '2020-06-25 02:23:37'),
(424, 'Jaquelin Lind', 'priscilla.reichert@bernhard.com', '$2y$10$VX/yIIVJgSO.AnzpeZu5m.ABdXt7LKVhjVBD3.cETP6sc0x1OmzLG', NULL, '9425493350', '4689916137', 10, 5, '2117 Kuvalis Loop\nKaiaville, OH 99262', 'Apt. 728', 'West Bengal', 'Antonietta Brooks', 'North', 'Lake Laverna', '65057', 1, '2020-06-25 02:23:38', '2020-06-25 02:23:38'),
(425, 'Jake Heaney', 'koepp.dallin@yahoo.com', '$2y$10$avO3jHl6gJv.qAO/t3qNfOx1B9uGWIMfOfzG.GJ5M3HLaJiYaHJ0m', NULL, '3916769092', '8406977891', 10, 2, '8852 Harmon Oval Apt. 718\nRahsaanville, WY 16971', 'Apt. 875', 'West Bengal', 'Noble Cove', 'East', 'New Tiara', '04903-0962', 1, '2020-06-25 02:23:38', '2020-06-25 02:23:38'),
(426, 'Napoleon Rath', 'wisozk.norris@reichert.net', '$2y$10$mc/QS8w.7yeugOu6YEu6WeD0Xi9Qa9GV1acXTd7IOHiDutffF1qvC', NULL, '6773355959', '8717398142', 10, 3, '17750 Shanahan Cove\nWest Lexus, AZ 56838', 'Suite 523', 'West Bengal', 'Sanford Circle', 'East', 'Royport', '98765', 1, '2020-06-25 02:23:38', '2020-06-25 02:23:38'),
(427, 'Sallie Turner Sr.', 'connelly.freeman@lindgren.com', '$2y$10$2dhRFKenJCdcCBBhjmVqr.Dg4vsx2ZjkYO4NrADUZSyhAdHhGt7my', NULL, '5061530791', '5411156576', 10, 3, '1707 Collins Port Suite 017\nScottieberg, ND 62971-4857', 'Suite 297', 'West Bengal', 'Brielle Springs', 'Lake', 'Hermistonshire', '98733-5532', 1, '2020-06-25 02:23:38', '2020-06-25 02:23:38'),
(428, 'Fanny Hilpert Jr.', 'tlittle@gmail.com', '$2y$10$CMYzbdjgo2C82R57lPT/0unHBloEhwt4awDNSt49NpN3A9Q0GKByq', NULL, '3602694568', '8961838116', 10, 2, '507 Kattie Valleys\nMaximusville, NE 31285-6769', 'Apt. 526', 'West Bengal', 'Muriel Roads', 'North', 'Lake Gregg', '53354', 1, '2020-06-25 02:23:38', '2020-06-25 02:23:38'),
(429, 'Johnson Braun', 'eveline04@hotmail.com', '$2y$10$d1EPS2aUuhaG7e69YScfzOdhEwn8JFqVaSQGyLKBVn2of8fRBts5S', NULL, '4710021711', '5917793595', 10, 3, '4953 Devonte Landing Suite 056\nAnnabelmouth, NE 59607-5839', 'Apt. 072', 'West Bengal', 'Cruickshank Drives', 'New', 'South Granville', '57841', 1, '2020-06-25 02:23:38', '2020-06-25 02:23:38'),
(430, 'Eleanora Ward', 'lsimonis@langosh.net', '$2y$10$yIliQ6MW.oVdQVJztlXOlOF4kONAEmwbOesAPyn6lP/W4yVx9Zmuu', NULL, '7017885547', '9792628214', 10, 2, '82921 Einar Vista\nNorth Glendaside, FL 09246-1939', 'Apt. 198', 'West Bengal', 'Rogahn Street', 'Port', 'Schroederberg', '40756', 1, '2020-06-25 02:23:38', '2020-06-25 02:23:38'),
(431, 'Johnathan Willms', 'dorris.borer@gmail.com', '$2y$10$gBaSQdHi4TsKJR4laPQn9uC/cUcDmIVX.iq2cFgReP47Gfi2HdR8O', NULL, '7703425739', '2055528543', 10, 3, '575 Jordon Row Apt. 667\nLake Cathy, DC 60179', 'Apt. 364', 'West Bengal', 'Ralph Roads', 'Port', 'North Matteo', '68870-3631', 1, '2020-06-25 02:23:38', '2020-06-25 02:23:38'),
(432, 'Dr. Jordi Blick', 'drath@hotmail.com', '$2y$10$R1ywOBshpZgjxfaVBss5huP9JJEeDDTe0pYzEiFoWylMqaK8bdAV6', NULL, '8154274797', '5048225032', 10, 4, '751 Swaniawski Neck Apt. 655\nOlsonbury, TX 18460-4754', 'Apt. 362', 'West Bengal', 'O\'Connell Row', 'Port', 'East Isac', '31988', 1, '2020-06-25 02:23:38', '2020-06-25 02:23:38'),
(433, 'Beryl Gulgowski', 'boyle.clint@graham.com', '$2y$10$6rPyN0Yfg8vezJehIjfBi.STa/DuZNfirifyn2kUHc2nCWQZyJQkC', NULL, '8499762518', '1451774645', 10, 5, '5995 Mosciski Crossroad\nMeghanfurt, KS 96699', 'Suite 976', 'West Bengal', 'Sporer Heights', 'South', 'North Abbychester', '31694', 1, '2020-06-25 02:23:38', '2020-06-25 02:23:38'),
(434, 'Damian Breitenberg', 'gunner.stoltenberg@white.biz', '$2y$10$gZg1UtuA2jjVF9fKg49CD.J8eu9GMsjuj169jBpuuon4T.hZNOj3y', NULL, '9851884609', '7529078809', 10, 5, '80402 Kohler Radial Apt. 093\nPort Stellabury, RI 01318', 'Apt. 023', 'West Bengal', 'Kaycee Way', 'New', 'East Rodger', '29109-2262', 1, '2020-06-25 02:23:39', '2020-06-25 02:23:39'),
(435, 'Nils Crooks', 'melody.hyatt@howell.com', '$2y$10$GeQlK2HZraedxGNxEM0efecbNEb4EU.92OS/yioo4nqYUYJVZ5u5y', NULL, '3581264533', '1715438031', 10, 5, '16052 Osbaldo Plaza Suite 818\nLeuschkeside, OH 54651-4004', 'Apt. 638', 'West Bengal', 'Ottis Throughway', 'Port', 'Murphyview', '21420', 1, '2020-06-25 02:23:39', '2020-06-25 02:23:39'),
(436, 'Rusty Heathcote', 'rowe.verlie@brakus.biz', '$2y$10$9EplMmE5si9v9ltoIMxiHe2/jDVmlWIHIvnbAN86Tob4.ms0SNWUy', NULL, '4971439660', '4342556539', 10, 5, '156 Bernhard Fork Suite 571\nWest Hazle, NV 64334', 'Apt. 165', 'West Bengal', 'Satterfield Tunnel', 'New', 'New Zechariahchester', '94679', 1, '2020-06-25 02:23:39', '2020-06-25 02:23:39'),
(437, 'Mr. Candelario O\'Kon', 'ursula42@marvin.com', '$2y$10$FWEwazpf5xlqSbTcq3K4EuKUF5XdjbDaI9lsbB0k5UDWydfnKsv7q', NULL, '8477140459', '7474960387', 10, 4, '12576 Hyatt Spur Suite 469\nWest Mavis, DC 83050', 'Apt. 231', 'West Bengal', 'Marcelino Mountain', 'Port', 'New Billy', '46871-5552', 1, '2020-06-25 02:23:39', '2020-06-25 02:23:39'),
(438, 'Jeremy Marquardt', 'katherine72@hotmail.com', '$2y$10$7nTZCL2thZ3d6fRTRgOGnOVTjx6vfcOgVFEv7hlfwKZSs94dtwll.', NULL, '5184342507', '7618931128', 10, 4, '781 Nicolette Square\nNorth Ruthe, MO 27527', 'Apt. 117', 'West Bengal', 'Zoey Street', 'South', 'Port Luciefurt', '50547', 1, '2020-06-25 02:23:39', '2020-06-25 02:23:39'),
(439, 'Greta Hodkiewicz', 'terry.kiera@gmail.com', '$2y$10$NH9fVlyP/jwYRzh8jKZgsOFZQ5HMrEMKNCCREs68/kvUo2uXbffNe', NULL, '7972576469', '8236165257', 10, 2, '331 Powlowski Roads\nLake Rebeka, MT 74936', 'Apt. 819', 'West Bengal', 'Hand Pines', 'South', 'O\'Konland', '47333-7180', 1, '2020-06-25 02:23:39', '2020-06-25 02:23:39'),
(440, 'Dr. Ephraim Larkin PhD', 'fgoldner@bahringer.com', '$2y$10$c/qQJhXbzE1pC2j/OzWlReXXpq0zI2SJAfmXViTPYTCyaUSeX3QDe', NULL, '3582812624', '1666336691', 10, 5, '334 McGlynn Plains Apt. 943\nSouth Nicola, WY 97762', 'Apt. 162', 'West Bengal', 'Reichert Isle', 'Port', 'New Octavia', '49147-2701', 1, '2020-06-25 02:23:39', '2020-06-25 02:23:39'),
(441, 'Americo Moore', 'bergstrom.berry@farrell.biz', '$2y$10$y54L/VZlO3ypyvCVH0EH6.sOZju1SD/XZge/IaI9HhhbBJlNqZl0u', NULL, '4525281147', '4175333406', 10, 2, '620 Mireille Hill Apt. 337\nEast Heaven, HI 47419-3009', 'Suite 829', 'West Bengal', 'DuBuque Station', 'South', 'Dickiton', '83749-1736', 1, '2020-06-25 02:23:39', '2020-06-25 02:23:39'),
(442, 'Kaylee Kreiger', 'willms.joan@hotmail.com', '$2y$10$uf/EKCmKlWMhU7OL5cQjEupbxu2w8kMYxjGDbDgIOyUVXOqmRW2iG', NULL, '2363751862', '4527351524', 10, 3, '4553 Runolfsson Stream Apt. 265\nNorth Toney, IL 00003-1365', 'Apt. 191', 'West Bengal', 'Cremin Ports', 'North', 'Sanfordland', '12562-0765', 1, '2020-06-25 02:23:40', '2020-06-25 02:23:40'),
(443, 'Jackie Hahn', 'leopoldo27@jacobson.biz', '$2y$10$BPuJc4wLMjQeeRQjo8ZNXu3ikKWfHRDPM9fkXUYyZMCeWLngMuv3u', NULL, '3521646022', '1111591806', 10, 3, '763 Blanda Divide\nVerliefurt, ND 17494-2157', 'Apt. 242', 'West Bengal', 'Olson Pines', 'Port', 'Rathborough', '41874-9343', 1, '2020-06-25 02:23:40', '2020-06-25 02:23:40');
INSERT INTO `users` (`id`, `person_name`, `email`, `password`, `remember_token`, `mobile1`, `mobile2`, `person_type_id`, `customer_category_id`, `address1`, `address2`, `state`, `po`, `area`, `city`, `pin`, `inforced`, `created_at`, `updated_at`) VALUES
(444, 'Janice Stracke', 'vicenta.willms@gutmann.com', '$2y$10$v7I64beGJbZOGYnZxhLBpeHecyFQqqXTjp8y85rA0LTPjmQq8J6jm', NULL, '5379821482', '3531829699', 10, 4, '90345 Marjolaine Forge\nAlishafurt, MN 38382', 'Apt. 003', 'West Bengal', 'Ward Cove', 'Lake', 'Kossmouth', '06888-0321', 1, '2020-06-25 02:23:40', '2020-06-25 02:23:40'),
(445, 'Alysha Lynch', 'homenick.wellington@zboncak.com', '$2y$10$2Bg7d0PdWULDhC5oRA2ZL.sothal3W8JTtgwvzzPUiVYDB1dCEzIe', NULL, '4097219948', '4180030557', 10, 3, '1229 Wilkinson Park\nErnestineburgh, AZ 82747-3398', 'Suite 414', 'West Bengal', 'Koepp Pass', 'West', 'North Verner', '75139-5470', 1, '2020-06-25 02:23:40', '2020-06-25 02:23:40'),
(446, 'Arturo Kerluke', 'rbartell@champlin.net', '$2y$10$VmBHyu.zKE2iKb1OpQgYYeNwr9gpvqMpYgyuDpX6BtfpMlUHhInxC', NULL, '9483044984', '6927453928', 10, 5, '9585 Dortha Mews Apt. 986\nTressashire, MS 68947-1881', 'Suite 498', 'West Bengal', 'Tyson Key', 'Lake', 'North Dianna', '44999', 1, '2020-06-25 02:23:40', '2020-06-25 02:23:40'),
(447, 'Nova Mohr', 'josiane52@jaskolski.com', '$2y$10$FNNqfc9UPMzAlFtvNsdBOufSAJOtXsjRSxGyXel.AxAdcg17P4cLy', NULL, '9588272869', '5077013448', 10, 4, '9874 Bernardo Street Apt. 912\nWatsonstad, AL 02593', 'Apt. 746', 'West Bengal', 'Marks Haven', 'New', 'Raleighshire', '63288', 1, '2020-06-25 02:23:40', '2020-06-25 02:23:40'),
(448, 'Mr. Frederic Bogan', 'daniel.karli@zieme.com', '$2y$10$RTZJro6dEYBjj3ODaLFf..MQyHC6jV43aDvMbxK92TzCA/U72taJ.', NULL, '1483533779', '6474452844', 10, 2, '71908 Lionel Port\nBoehmfurt, TX 57297-1627', 'Suite 000', 'West Bengal', 'Antonio Inlet', 'North', 'Halside', '90695', 1, '2020-06-25 02:23:41', '2020-06-25 02:23:41'),
(449, 'Friedrich Reilly', 'karen43@gmail.com', '$2y$10$H4ER1RHLEzcYiQRYI0H4puQTWYfo7XFTof9KLaNe7V05S5muW1m4y', NULL, '7529116399', '3206033934', 10, 3, '4079 Justyn Avenue Apt. 411\nSporermouth, NJ 08987', 'Suite 630', 'West Bengal', 'Felipe Trafficway', 'North', 'Adelleport', '68610-6076', 1, '2020-06-25 02:23:41', '2020-06-25 02:23:41'),
(450, 'Lynn Nader', 'ghartmann@yahoo.com', '$2y$10$TYN9aalti96YYxvB09QaaOd0fO7HzFrPkZKzJUOEdu.VW7yfllcve', NULL, '9352195676', '1427995720', 10, 5, '759 Ryan Bridge Apt. 672\nArnechester, KS 58953', 'Suite 130', 'West Bengal', 'Shields Falls', 'East', 'West Connieton', '93008', 1, '2020-06-25 02:23:41', '2020-06-25 02:23:41'),
(451, 'Felipa Wuckert', 'danika.lakin@yahoo.com', '$2y$10$q55RjVDrl/SqbEKDOq/fmO6I3jV7o9iNvgnWcsXXPtVhERXsnWRDe', NULL, '8397027010', '1064325849', 10, 5, '608 Wiegand Skyway\nNorth Deonte, TN 26940', 'Suite 493', 'West Bengal', 'Emil Junctions', 'Lake', 'Lake Delphine', '31692', 1, '2020-06-25 02:23:41', '2020-06-25 02:23:41'),
(452, 'Hilda Yost', 'roob.geo@gmail.com', '$2y$10$XHZy3fpBEz6l5tblPXDZg.UHZ9Eo07jbnRupd4RLc4TN5xfYBjsBm', NULL, '2032555586', '9282981280', 10, 2, '928 Nigel Overpass\nHamillhaven, OR 27141', 'Suite 205', 'West Bengal', 'Graham Ports', 'West', 'Lake Eliseobury', '97495-0603', 1, '2020-06-25 02:23:41', '2020-06-25 02:23:41'),
(453, 'Irving Nienow', 'kwalker@yahoo.com', '$2y$10$ZjVdykdrAAa/ME8T5njvjuQz8YgLUjyU0QDD1Ezd.T/mH6EtNqRcG', NULL, '3474428326', '2701163466', 10, 5, '9901 Sawayn Groves Apt. 706\nNorth Tierra, IL 32974', 'Suite 415', 'West Bengal', 'Mitchell Tunnel', 'Port', 'Marlenehaven', '18030-3667', 1, '2020-06-25 02:23:41', '2020-06-25 02:23:41'),
(454, 'Miss Aurore Stanton', 'ray.hermann@gmail.com', '$2y$10$TxGE/tvcGQff5JVa4jVx7.dN5R7LcoI5wJX1vQDQoUtKRYjgt91FG', NULL, '7812012240', '6623326131', 10, 2, '5117 Reynolds Crescent Apt. 286\nSchuppeport, WY 64972-2390', 'Apt. 208', 'West Bengal', 'Billie Crossing', 'North', 'South Nikkoview', '97775', 1, '2020-06-25 02:23:41', '2020-06-25 02:23:41'),
(455, 'Ladarius Wyman', 'lebsack.angus@gmail.com', '$2y$10$DPNJNrenYB51mwu2HxtPgen8lfwO7BoT9mMKoBDB.rwcLGs6KdvIu', NULL, '3856425293', '9705939415', 10, 4, '809 Brock Valleys\nRobertsmouth, AL 37793-5703', 'Apt. 243', 'West Bengal', 'Ratke Ville', 'West', 'Helmerstad', '60592-3388', 1, '2020-06-25 02:23:42', '2020-06-25 02:23:42'),
(456, 'Kip Halvorson', 'wilton78@bosco.org', '$2y$10$bqyodAdWWT8MUmAMy.TdP.x78fQctDYC6rhYDzf3ZxqfZ.tOoky0K', NULL, '4705216607', '1890194706', 10, 5, '88872 Hettinger Village\nNew Kearaburgh, MT 57593-0701', 'Suite 262', 'West Bengal', 'Hill Radial', 'Lake', 'East Anita', '91305', 1, '2020-06-25 02:23:42', '2020-06-25 02:23:42'),
(457, 'Cecile Abernathy I', 'alisha.herzog@hotmail.com', '$2y$10$XWUrruJy2Qs2OG.n6uLViOw6QepEf0e1cFvuoCtELsrK.CJbZPS1W', NULL, '6059418347', '1697073111', 10, 5, '55564 Maximus Turnpike\nLake Randall, IN 39329-9926', 'Suite 332', 'West Bengal', 'Imelda Stravenue', 'South', 'Port Bellatown', '27519', 1, '2020-06-25 02:23:42', '2020-06-25 02:23:42'),
(458, 'Stephon West', 'kelly53@harvey.com', '$2y$10$l/KySm.OH6RM.8SFE/yB0uOuVV50O9GrOkXteBJe6fqbO9d2/PJHK', NULL, '5290359009', '5038585341', 10, 3, '49271 Libbie Unions Apt. 835\nNew Jennings, TN 33741-9523', 'Suite 955', 'West Bengal', 'Lelia Pine', 'East', 'Smithberg', '57885-8091', 1, '2020-06-25 02:23:42', '2020-06-25 02:23:42'),
(459, 'Dennis Abernathy III', 'fwhite@tremblay.biz', '$2y$10$jvRmiIRysJP0r4qHwc0QeuNMNqdz.Ji9E9ESzVZUeOqNsznK53IYy', NULL, '9625791134', '6402915329', 10, 4, '167 Ondricka Burg\nBrekketown, OR 02251', 'Suite 230', 'West Bengal', 'Kihn Locks', 'Lake', 'West Meda', '15828-2009', 1, '2020-06-25 02:23:42', '2020-06-25 02:23:42'),
(460, 'Miss Jaquelin Bashirian PhD', 'christina.kuhn@stark.com', '$2y$10$WdQTsykBIg5mSltkuiTS/.z7LrBaZupj.EH46ml898D8eYb.zkw4O', NULL, '5154445658', '8294872776', 10, 5, '245 Maci Forge Apt. 731\nNew Daniela, DE 81469-1129', 'Apt. 882', 'West Bengal', 'Melisa Lock', 'West', 'Port Orlandofurt', '77194', 1, '2020-06-25 02:23:42', '2020-06-25 02:23:42'),
(461, 'Tod Hill', 'will.mia@feeney.com', '$2y$10$aHP8Ds1CBQ9VEKQMsT1DXeamJolbw6yBxc8vnp4wl4XDiCGCPXDtG', NULL, '5348710554', '2117271812', 10, 2, '86801 Dayton Mount Apt. 245\nNorth Shany, MN 86327-4631', 'Suite 554', 'West Bengal', 'Casimir Ramp', 'South', 'New Elseport', '39756', 1, '2020-06-25 02:23:43', '2020-06-25 02:23:43'),
(462, 'Zachery Donnelly', 'jaskolski.pasquale@gmail.com', '$2y$10$4qY4RH.Xhhc9Aq9kXAwwseMKHwxJ5FzgFmb3qCwtwNhKg2bxCBVwa', NULL, '1995528061', '4007773021', 10, 3, '6853 Elfrieda Walks Suite 350\nOceanestad, VA 18029', 'Apt. 535', 'West Bengal', 'Alexzander Lakes', 'North', 'Chynastad', '87937-0871', 1, '2020-06-25 02:23:43', '2020-06-25 02:23:43'),
(463, 'Oleta Pollich', 'monahan.ramon@yahoo.com', '$2y$10$g/FMs03QJBVUVVZh4H27JOfQXSQan8b5nWWKkqL8kSYwIByKMp.b2', NULL, '8165032614', '3162140236', 10, 3, '13415 Kulas Plain Apt. 809\nWest Darius, LA 35329', 'Apt. 821', 'West Bengal', 'Wilma Keys', 'West', 'Breitenbergville', '65409-6203', 1, '2020-06-25 02:23:43', '2020-06-25 02:23:43'),
(464, 'Ruthie Koch', 'ron.vandervort@yahoo.com', '$2y$10$0A5HpiyGEqw4lidFQdjoW.IraqE6TzyPaIiUtGdpgoO9X5bP4nN9G', NULL, '5092153283', '1268613369', 10, 5, '989 Seth Well Suite 063\nJacinthefurt, MI 33677-7944', 'Suite 837', 'West Bengal', 'Kuvalis Ridge', 'Lake', 'Yosttown', '04181', 1, '2020-06-25 02:23:43', '2020-06-25 02:23:43'),
(465, 'Kian Homenick', 'tomas.konopelski@hotmail.com', '$2y$10$nSS1UxoRZUEq7g/puJAZqesRTgNUKx4OgNxV0w0vDsdwSHgzr65qe', NULL, '9586191021', '2998296731', 10, 4, '81784 Greenholt Mill Apt. 457\nFadelchester, IA 18027', 'Suite 763', 'West Bengal', 'Koelpin Coves', 'North', 'Eliseochester', '72236', 1, '2020-06-25 02:23:43', '2020-06-25 02:23:43'),
(466, 'Dr. Amya Rath', 'melvin65@hotmail.com', '$2y$10$D5hUN8AFwgdBUaBxZAC5UOgwDv3B7JgwFBmhw7UdAlsoOXrlPS1ky', NULL, '8553091558', '1087916582', 10, 2, '64748 Hermiston Overpass Suite 090\nRociobury, NC 41872-0632', 'Apt. 157', 'West Bengal', 'Nikolas Branch', 'Port', 'Bartellhaven', '34732-4251', 1, '2020-06-25 02:23:43', '2020-06-25 02:23:43'),
(467, 'Hector Schaden', 'eeffertz@gmail.com', '$2y$10$0z571y.r3j7b0q7PmC4VAei1Fek4IHBlFigKIFFoqyCSqzKjSa6s2', NULL, '6567772778', '2576866270', 10, 2, '504 Wehner Ridges Apt. 608\nPort Santinofurt, NC 66751-6079', 'Apt. 794', 'West Bengal', 'Rutherford Knolls', 'New', 'West Terrellfort', '22334-0349', 1, '2020-06-25 02:23:43', '2020-06-25 02:23:43'),
(468, 'Madelynn Beahan', 'eerdman@buckridge.com', '$2y$10$VpR.Wr8cQ60fg/kqYWxNmuD.GcmjdqagAVe0s0Usg8Zo42XnHsN1u', NULL, '2373845502', '2189179307', 10, 2, '473 Maci Meadows Apt. 479\nLisandrotown, FL 28218-8112', 'Apt. 672', 'West Bengal', 'Kaylee Mission', 'North', 'Robertsfort', '35305', 1, '2020-06-25 02:23:44', '2020-06-25 02:23:44'),
(469, 'Creola Stroman', 'eliezer39@stark.biz', '$2y$10$6Vu067wWtvL9ds37mmRhf.4BtOJBRFLCArGGFEFcZKxvOra/lD5Hy', NULL, '3168648495', '5397873734', 10, 5, '4899 Benton Terrace\nTorphytown, DE 19439-6754', 'Apt. 829', 'West Bengal', 'Kshlerin Fork', 'Port', 'Port Helene', '63071', 1, '2020-06-25 02:23:44', '2020-06-25 02:23:44'),
(470, 'Francesco Wisoky', 'schmidt.pasquale@yahoo.com', '$2y$10$3vKHDKMVdBii2g7g/FRHH.QDr/JB0.M9RXB2n4lsH/zUeHbsIE.Z2', NULL, '4109592572', '2240988638', 10, 5, '85538 Maritza Run\nAbbeytown, AK 23649-0724', 'Suite 005', 'West Bengal', 'Rolfson Plains', 'Port', 'West Dahliafort', '48498-2521', 1, '2020-06-25 02:23:44', '2020-06-25 02:23:44'),
(471, 'Dr. Jevon Jacobi DVM', 'echamplin@hotmail.com', '$2y$10$lJMzXQhVws8oBQFYkC/WY.RzvznQI0jWCsCEy/x7ZYk9OmnJ1ZJwC', NULL, '5397851610', '8527471265', 10, 5, '224 Lizzie Crossing Suite 723\nPort Queenie, WI 40939', 'Suite 329', 'West Bengal', 'Shaun Stravenue', 'Lake', 'Autumnborough', '38768', 1, '2020-06-25 02:23:44', '2020-06-25 02:23:44'),
(472, 'Dr. Elisabeth Hills', 'peyton63@yahoo.com', '$2y$10$KBnpGrnOIF3HdLRunB0vvuUZAV70fwnB66peQH.ycYQrYzA6Hvmu2', NULL, '4337317748', '9631481675', 10, 4, '14488 Libbie Village Suite 122\nPort Deborah, OR 92753', 'Apt. 061', 'West Bengal', 'Goldner Squares', 'East', 'Markston', '25617', 1, '2020-06-25 02:23:44', '2020-06-25 02:23:44'),
(473, 'Faye Johns II', 'bartell.kristin@yahoo.com', '$2y$10$Ev/rmacrBiNZ/mRfGYzunu5sDOg2/Jtvldf50qiOSNAadw/mh4rkS', NULL, '1312337529', '1824041264', 10, 2, '9238 McGlynn Square\nNadiaside, IN 23482', 'Apt. 235', 'West Bengal', 'Jacobson Cape', 'Lake', 'Lake Louveniaport', '58091', 1, '2020-06-25 02:23:44', '2020-06-25 02:23:44'),
(474, 'Dr. Gregory Bahringer', 'stefan.walker@wilderman.com', '$2y$10$z7XyS1BSZ4SF4unbrmbic.csLEDxIV8kuLcOajF/LQg02r7SEprF6', NULL, '4887853100', '3043227793', 10, 4, '972 Collier Spur Suite 340\nRaeganshire, WI 90326', 'Suite 388', 'West Bengal', 'Beahan Stream', 'West', 'Fadelfurt', '35854-0023', 1, '2020-06-25 02:23:45', '2020-06-25 02:23:45'),
(475, 'Mina Fadel', 'levi.friesen@schuppe.com', '$2y$10$p0CckWl1WAb4Y7if4JROa.Bs5YqR7DyXo53T3Rvx0Bcayg8vAB0wK', NULL, '7173712628', '4999522694', 10, 3, '458 Cummerata River\nEast Andreanne, OK 82178-4735', 'Suite 172', 'West Bengal', 'Brant Pine', 'New', 'Lake Maurinechester', '51392-7932', 1, '2020-06-25 02:23:45', '2020-06-25 02:23:45'),
(476, 'Lilliana Walter', 'dlockman@johnston.com', '$2y$10$/RmJWzU5OL/d.7D7srpS3euQA9qUv8EkRPI3F6NdCIdC.aJBL02DO', NULL, '5157161549', '4066697736', 10, 3, '69726 Feest Orchard Apt. 826\nEast Georgianna, VT 29159', 'Suite 481', 'West Bengal', 'Brandy Shoal', 'Lake', 'Lake Diegoview', '10323-4905', 1, '2020-06-25 02:23:45', '2020-06-25 02:23:45'),
(477, 'Eda Nicolas DDS', 'keely77@hotmail.com', '$2y$10$wKdPrwVh/wW6vdRbnid7nO93ElkrGpRlW8nzil7F9oG.icli6sLB6', NULL, '8505178631', '3565574311', 10, 5, '117 Uriah Isle Apt. 322\nLake Sammyfurt, CT 14517', 'Apt. 029', 'West Bengal', 'Ebony Harbor', 'South', 'West Darwin', '26816-9130', 1, '2020-06-25 02:23:45', '2020-06-25 02:23:45'),
(478, 'Eleanore Veum I', 'elinor31@hotmail.com', '$2y$10$ptuh3yozphk4YZmcpTPFpO/Jo3S6PqdVV5OyTdCdouND9AbU9nTeW', NULL, '5034251296', '5265537531', 10, 5, '12989 Armstrong Drive Apt. 401\nNorth Nannieberg, MO 36529', 'Apt. 797', 'West Bengal', 'Wolf Center', 'North', 'Port Ila', '91689', 1, '2020-06-25 02:23:45', '2020-06-25 02:23:45'),
(479, 'Tristian Farrell V', 'bergstrom.pat@mertz.net', '$2y$10$6qz26OSDFN2sjn54ZwzEIOdc8tz2xfT/FquOFrFz2y802OFhxSd3q', NULL, '8091778031', '2220569619', 10, 2, '57501 Sawayn Place\nArturofort, OH 34724-4925', 'Suite 983', 'West Bengal', 'Kutch Knolls', 'North', 'McDermottside', '09507-8004', 1, '2020-06-25 02:23:46', '2020-06-25 02:23:46'),
(480, 'Dr. Osvaldo Okuneva', 'rogahn.jolie@hotmail.com', '$2y$10$hwvdRVI8qJElFFesgp2BGO3EgdkuaZmMj9tidGgz3dejqydsLe9HC', NULL, '3858836280', '5057555854', 10, 3, '85303 Devante Cape Apt. 876\nErachester, NJ 72278', 'Apt. 835', 'West Bengal', 'Esperanza Estate', 'North', 'West Agustina', '06401-8019', 1, '2020-06-25 02:23:46', '2020-06-25 02:23:46'),
(481, 'Dr. Ford Hoeger', 'taryn14@homenick.info', '$2y$10$B5EflcEeAG8rQln4aPfuQua9TNEazB2eB7/KRiMY44JGnYnM4I.Ie', NULL, '8978069480', '2277538460', 10, 5, '4927 Margie Village\nEast Alanis, DE 20757', 'Suite 785', 'West Bengal', 'Ruecker Light', 'South', 'Concepcionland', '75985-7504', 1, '2020-06-25 02:23:46', '2020-06-25 02:23:46'),
(482, 'Krystina Nienow', 'baumbach.lea@hotmail.com', '$2y$10$jLV9coQw9MZbcU7c8Y4wouWiC83b8LnN4cFiM4/UWCzt/NFU50gQu', NULL, '1547633201', '5930751430', 10, 4, '47689 Abernathy Meadows\nOrnmouth, NM 80106-1163', 'Apt. 053', 'West Bengal', 'Otho Lakes', 'West', 'Beattyberg', '19502', 1, '2020-06-25 02:23:46', '2020-06-25 02:23:46'),
(483, 'Miss Felicia Sauer DVM', 'odie80@yahoo.com', '$2y$10$6qndgz1/ex4LRZRTxe5gA.zQFz7L.edg8H6r.SBx5RNnKx4N6lKay', NULL, '8020596454', '7698068486', 10, 2, '26156 Batz Place Apt. 064\nLake Ninafurt, CT 16514', 'Suite 487', 'West Bengal', 'Kiehn Dale', 'Lake', 'New Tess', '88241', 1, '2020-06-25 02:23:46', '2020-06-25 02:23:46'),
(484, 'Ignatius Rolfson', 'kuhlman.ruby@flatley.biz', '$2y$10$sKUJqUHzegx5/wuP4DDU8eapIHbLarAMfCmIXQIEqhlN252PekeFa', NULL, '9001784550', '1036378030', 10, 3, '222 Bartoletti Plaza Apt. 105\nSouth Easter, RI 07218', 'Apt. 223', 'West Bengal', 'Hettinger Landing', 'South', 'Stammfurt', '13446', 1, '2020-06-25 02:23:46', '2020-06-25 02:23:46'),
(485, 'Mrs. Magali Gutmann', 'hartmann.keyshawn@yahoo.com', '$2y$10$wHNhzc6qw/.nQa7Ve5JCV.ZScXowYDin2mTYi76/dBzASk3Q25thS', NULL, '4118722201', '5629916046', 10, 4, '852 Abagail Garden\nSouth Orenshire, MO 71643', 'Apt. 426', 'West Bengal', 'Ernestine Viaduct', 'West', 'South Daisy', '42764-6038', 1, '2020-06-25 02:23:46', '2020-06-25 02:23:46'),
(486, 'Prof. Abel Murazik', 'rodolfo.hermiston@crona.net', '$2y$10$N5ayTCKCxr35kfVrdxEqKOlQziNZQViLF.PcKnTHoSjwrT5qYoboa', NULL, '7118360225', '3298774042', 10, 4, '498 Kirlin Branch\nNorth Ethyl, IN 62774', 'Apt. 779', 'West Bengal', 'Sipes Curve', 'Lake', 'South Christellechester', '80799-2364', 1, '2020-06-25 02:23:46', '2020-06-25 02:23:46'),
(487, 'Leilani Auer', 'gene87@dicki.com', '$2y$10$QXm9gg2vtKofOvWJ3GG7wuGA8BJb4LspggUAYD74rfIl0QO.dd/yS', NULL, '7063165498', '8907158099', 10, 2, '26266 Beatty Mission\nLake Drew, NJ 32887-2711', 'Apt. 776', 'West Bengal', 'Amber Stream', 'South', 'Lake Helen', '01942', 1, '2020-06-25 02:23:46', '2020-06-25 02:23:46'),
(488, 'Mr. Anibal Stiedemann', 'margot.block@okon.com', '$2y$10$rIikmp/LGA7worveBRjKB.mRQ8k.piuXah6ATYsks4UneN9nn4Tyu', NULL, '8628733022', '5627435399', 10, 2, '7022 Fisher Village Suite 302\nPort Carletonstad, WY 78513', 'Apt. 438', 'West Bengal', 'Blanda Stream', 'New', 'Lethaview', '65319-7619', 1, '2020-06-25 02:23:47', '2020-06-25 02:23:47'),
(489, 'Scot Hickle', 'nolan.little@wiegand.biz', '$2y$10$F.O6oc8y5jE2ayw.XraMAe654muspvE27AKoEFLPRvWAgNuGdTsca', NULL, '9665642175', '8266759707', 10, 4, '67319 Brittany Junction\nNew Elfrieda, SD 41756', 'Apt. 873', 'West Bengal', 'Volkman Dale', 'West', 'East Wilsonburgh', '73927', 1, '2020-06-25 02:23:47', '2020-06-25 02:23:47'),
(490, 'Florida Thiel III', 'dlehner@hotmail.com', '$2y$10$WpoENBLRFA.mCKcGu2IbAOQDtGVmu/SllMzY0QRunNeogMJLWt4ZK', NULL, '9133660202', '3776249033', 10, 2, '13639 Cali Flat\nHaagside, MO 63555', 'Apt. 499', 'West Bengal', 'Emmy Isle', 'East', 'South Roscoe', '98945', 1, '2020-06-25 02:23:47', '2020-06-25 02:23:47'),
(491, 'Angelo Dickens', 'kiara66@hotmail.com', '$2y$10$DMqK6QONBaCWKEzCOftn1.bv3LOTQep/XhrbAlr2chuW/YgMxN/kO', NULL, '2178563833', '4691149791', 10, 2, '435 Doyle Dale\nMurrayfort, DE 36979-4948', 'Apt. 470', 'West Bengal', 'Charity Tunnel', 'South', 'South Dorisville', '16674', 1, '2020-06-25 02:23:47', '2020-06-25 02:23:47'),
(492, 'Carey Hirthe', 'jones.samir@klein.com', '$2y$10$PajMWIhdjFqvc8keg9PDs.XSB26Lj.UbBv14M8msMAQOV2r7U9BmS', NULL, '6929753576', '6054399524', 10, 2, '190 Ondricka Burgs Suite 964\nWalshside, WA 59990', 'Apt. 534', 'West Bengal', 'Dach Hollow', 'Port', 'Jenniehaven', '01075', 1, '2020-06-25 02:23:47', '2020-06-25 02:23:47'),
(493, 'Tyrell Orn DDS', 'cbartoletti@waelchi.net', '$2y$10$oUlOodhIcvXr8VB2bdJicuiotdYTJAze9Cx5uADzu2WWOq0Yb9Qq6', NULL, '9185543558', '9116078793', 10, 2, '9369 Eldridge Bypass Apt. 358\nSantoston, MN 43880-5156', 'Suite 392', 'West Bengal', 'Gusikowski Ramp', 'Lake', 'South Marcoborough', '76445', 1, '2020-06-25 02:23:47', '2020-06-25 02:23:47'),
(494, 'Kristoffer Oberbrunner DVM', 'darien16@yahoo.com', '$2y$10$St.BYs.CGpoMZpmv2tHcGOBXdQalH0des/XGqNvz0/lYU6VcHxnEq', NULL, '9811435532', '9075837630', 10, 2, '3290 Walsh Gateway\nRunteport, AL 04966-9710', 'Suite 319', 'West Bengal', 'Paucek Row', 'North', 'Ferminfurt', '87818', 1, '2020-06-25 02:23:47', '2020-06-25 02:23:47'),
(495, 'Ms. Myah Waelchi', 'hudson.ova@gmail.com', '$2y$10$lNmalgHCBsxCtYr.x/g8oOI3/vCYn.NAyOhY4Y.bG1Uh9fFz.5WKe', NULL, '1104348323', '4628317486', 10, 4, '611 Barton Green Suite 480\nWeimannville, AK 40516', 'Suite 713', 'West Bengal', 'Freeda Ville', 'New', 'East Myah', '75340', 1, '2020-06-25 02:23:48', '2020-06-25 02:23:48'),
(496, 'Brock Armstrong', 'ghills@gmail.com', '$2y$10$pttDlFocmiAevV2nIaguPenBHN4o1Ppzk4Rh.jo1gWfWbOKKYzIwG', NULL, '9434771934', '2284029025', 10, 3, '53063 Eleazar Ridge Apt. 457\nReingerport, ME 28147-3919', 'Apt. 086', 'West Bengal', 'Mosciski Manor', 'North', 'West Macy', '20544', 1, '2020-06-25 02:23:48', '2020-06-25 02:23:48'),
(497, 'Rafaela Bergstrom', 'declan.kassulke@cremin.com', '$2y$10$cNilvGxaeEkiEan4nu/No.RmxTggseuqdHmPGjSg7RsUhjPw.IvvC', NULL, '9583866585', '8208683480', 10, 2, '3837 Harris Burgs Suite 701\nNew Nicola, AL 25476-2009', 'Suite 100', 'West Bengal', 'Celine Coves', 'Port', 'Feilstad', '36840', 1, '2020-06-25 02:23:48', '2020-06-25 02:23:48'),
(498, 'Ms. Jaquelin Towne DVM', 'gmiller@hotmail.com', '$2y$10$8pTCb2KxNlizhg6L4n3V4utWdbGGZoGTRj88F9KPJRBA37CWWvvH.', NULL, '5470629805', '6309759242', 10, 4, '4739 Friedrich Landing\nSouth Juanaberg, NM 59714-7172', 'Suite 124', 'West Bengal', 'Dale Corner', 'South', 'Rickeyhaven', '71481', 1, '2020-06-25 02:23:48', '2020-06-25 02:23:48'),
(499, 'Hailey Herman', 'uprosacco@yahoo.com', '$2y$10$Q.m3yCoIUfQw92nfrwuYKOyg56MKfDbk216yTPMXe2PcIeGNcZ0va', NULL, '1366637231', '1738289190', 10, 4, '60688 Yost Shores\nKuhnside, UT 26745-5473', 'Suite 336', 'West Bengal', 'Graham Drive', 'West', 'Everettebury', '11791-2615', 1, '2020-06-25 02:23:48', '2020-06-25 02:23:48'),
(500, 'Lucas Botsford Jr.', 'lmitchell@vonrueden.com', '$2y$10$CgNU14JfdllRYusVo77UgehpIOik/USb887tEHfTNPcdsr7nSEf9S', NULL, '1286435562', '6821979681', 10, 3, '302 Jaunita Mountain Apt. 820\nLake Vida, MN 32602-5364', 'Apt. 313', 'West Bengal', 'Charles Isle', 'New', 'Gerholdmouth', '14220-9145', 1, '2020-06-25 02:23:48', '2020-06-25 02:23:48'),
(501, 'Mrs. Meggie Murray', 'lebsack.kavon@yahoo.com', '$2y$10$V5OmEmd7tbfAnF486cClz.I3m0ye8YoW9OM7Rr6K.Ld2/sJu4uQsK', NULL, '7037242595', '7122429309', 10, 4, '980 Tamia Shore\nHebermouth, FL 19801', 'Apt. 761', 'West Bengal', 'Forest Hollow', 'North', 'Gusikowskihaven', '52584', 1, '2020-06-25 02:23:48', '2020-06-25 02:23:48'),
(502, 'Andreanne Heaney', 'austyn03@yahoo.com', '$2y$10$AMT2JJKQRYeeRhsRDE59JeUrACv58f8Q3w7VKGNfBy6GBV1bc9OB6', NULL, '4081178561', '9010578077', 10, 4, '83551 Daniella Greens Suite 021\nHirtheborough, MS 56042-4732', 'Suite 145', 'West Bengal', 'Rosenbaum Garden', 'West', 'Hesterport', '98180-2250', 1, '2020-06-25 02:23:48', '2020-06-25 02:23:48'),
(503, 'Rollin Kulas', 'ebba02@terry.com', '$2y$10$FSWtZRBpgyTYnna1e0dCpebu8xZ1qjFyQISsGfGlO3oMn1ojALOfy', NULL, '2900963688', '9725857262', 10, 5, '124 Ankunding Place\nSouth Kadin, ME 84093', 'Apt. 090', 'West Bengal', 'Gene Lodge', 'West', 'Enidside', '84393', 1, '2020-06-25 02:23:49', '2020-06-25 02:23:49'),
(504, 'Myra Ryan PhD', 'twalter@bins.com', '$2y$10$U5zTGS8sHUl9YFiJzS9gnemUrKHv40lNIHe63umlYq3Rz4/fDRmEO', NULL, '3984358079', '3351216997', 10, 5, '3021 Zoie Lodge\nNew Everette, DC 70537', 'Suite 284', 'West Bengal', 'Simonis Vista', 'Port', 'East Destineeland', '55044', 1, '2020-06-25 02:23:49', '2020-06-25 02:23:49'),
(505, 'Devan Terry', 'krajcik.yvette@gmail.com', '$2y$10$x3Fel5ngCggMPhqkA4SeUOZx59jIhaDtJ0tZe6QqmJqPN2UZsoA96', NULL, '5364731605', '7436714494', 10, 5, '2449 Schroeder Forks\nBransonmouth, AK 64579-9447', 'Apt. 798', 'West Bengal', 'Asha Valleys', 'Port', 'South Jessyca', '01805', 1, '2020-06-25 02:23:49', '2020-06-25 02:23:49'),
(506, 'Prof. Kirstin Swift I', 'charlotte75@gutmann.com', '$2y$10$PQqV45l1SsCunCcBbZ9efeD8TRI3zZ6nOOpqRSG2.BTtBjMyFJjCi', NULL, '4720278585', '9196616534', 10, 3, '69310 Floy Ville\nEast Bradlyside, AL 11995-0163', 'Suite 711', 'West Bengal', 'Beer Junctions', 'East', 'Swaniawskiland', '77614-2459', 1, '2020-06-25 02:23:49', '2020-06-25 02:23:49'),
(507, 'Dr. Dewitt Lynch PhD', 'mgutmann@sipes.com', '$2y$10$ViZFq/3Jl1lSyiWkIKeTM.g6XqSOCRHCZ/wGTyACAURzN/C9/0LiS', NULL, '4119937522', '7722853604', 10, 4, '438 Catherine Trail\nBoehmhaven, MN 30614-0476', 'Suite 663', 'West Bengal', 'Frederick Inlet', 'South', 'West Jerry', '99278-9951', 1, '2020-06-25 02:23:49', '2020-06-25 02:23:49'),
(508, 'Celestino Stroman', 'telly.kautzer@yahoo.com', '$2y$10$wXDX8y1e.SAh.Xtbi2g5DuM847rw8/osaJ50Dc6cyr5GcDmjK6XSe', NULL, '3944417753', '3124114953', 10, 5, '80048 Pfeffer Glen\nNorth Sallieborough, VA 99827', 'Suite 622', 'West Bengal', 'Chyna Rapid', 'South', 'East Marcellusmouth', '57811', 1, '2020-06-25 02:23:49', '2020-06-25 02:23:49'),
(509, 'Prof. Adonis Russel II', 'zfarrell@hotmail.com', '$2y$10$SdEd640HRhlY2sNmjp4v2.ZQUJ7vWZnGu5pbpigXk0TMJJxJtKVni', NULL, '3370769178', '6792323150', 10, 3, '94573 Jaquan Manors Apt. 748\nSouth Freeman, MA 91510-9183', 'Apt. 160', 'West Bengal', 'Carolyne Plaza', 'Port', 'West Darlene', '19099', 1, '2020-06-25 02:23:49', '2020-06-25 02:23:49');

--
-- Indexes for dumped tables
--

--
-- Indexes for table `bill_details`
--
ALTER TABLE `bill_details`
  ADD PRIMARY KEY (`id`),
  ADD KEY `bill_details_bill_master_id_foreign` (`bill_master_id`),
  ADD KEY `bill_details_order_master_id_foreign` (`order_master_id`),
  ADD KEY `bill_details_job_master_id_foreign` (`job_master_id`);

--
-- Indexes for table `bill_masters`
--
ALTER TABLE `bill_masters`
  ADD PRIMARY KEY (`id`),
  ADD KEY `bill_masters_karigarh_id_foreign` (`karigarh_id`),
  ADD KEY `bill_masters_customer_id_foreign` (`customer_id`);

--
-- Indexes for table `customer_categories`
--
ALTER TABLE `customer_categories`
  ADD PRIMARY KEY (`id`);

--
-- Indexes for table `custom_vouchers`
--
ALTER TABLE `custom_vouchers`
  ADD PRIMARY KEY (`id`),
  ADD UNIQUE KEY `custom_vouchers_voucher_name_accounting_year_unique` (`voucher_name`,`accounting_year`);

--
-- Indexes for table `failed_jobs`
--
ALTER TABLE `failed_jobs`
  ADD PRIMARY KEY (`id`);

--
-- Indexes for table `job_details`
--
ALTER TABLE `job_details`
  ADD PRIMARY KEY (`id`),
  ADD KEY `job_details_job_master_id_foreign` (`job_master_id`),
  ADD KEY `job_details_employee_id_foreign` (`employee_id`),
  ADD KEY `job_details_material_id_foreign` (`material_id`),
  ADD KEY `job_details_job_task_id_foreign` (`job_task_id`);

--
-- Indexes for table `job_masters`
--
ALTER TABLE `job_masters`
  ADD PRIMARY KEY (`id`),
  ADD KEY `job_masters_karigarh_id_foreign` (`karigarh_id`),
  ADD KEY `job_masters_order_details_id_foreign` (`order_details_id`);

--
-- Indexes for table `job_tasks`
--
ALTER TABLE `job_tasks`
  ADD PRIMARY KEY (`id`);

--
-- Indexes for table `materials`
--
ALTER TABLE `materials`
  ADD PRIMARY KEY (`id`),
  ADD KEY `materials_material_category_id_foreign` (`material_category_id`);

--
-- Indexes for table `material_categories`
--
ALTER TABLE `material_categories`
  ADD PRIMARY KEY (`id`);

--
-- Indexes for table `migrations`
--
ALTER TABLE `migrations`
  ADD PRIMARY KEY (`id`);

--
-- Indexes for table `models`
--
ALTER TABLE `models`
  ADD PRIMARY KEY (`id`);

--
-- Indexes for table `order_details`
--
ALTER TABLE `order_details`
  ADD PRIMARY KEY (`id`),
  ADD KEY `order_details_order_master_id_foreign` (`order_master_id`),
  ADD KEY `order_details_material_id_foreign` (`material_id`),
  ADD KEY `order_details_product_id_foreign` (`product_id`);

--
-- Indexes for table `order_masters`
--
ALTER TABLE `order_masters`
  ADD PRIMARY KEY (`id`),
  ADD UNIQUE KEY `order_masters_order_number_unique` (`order_number`),
  ADD KEY `order_masters_person_id_foreign` (`person_id`),
  ADD KEY `order_masters_agent_id_foreign` (`agent_id`),
  ADD KEY `order_masters_employee_id_foreign` (`employee_id`);

--
-- Indexes for table `person_types`
--
ALTER TABLE `person_types`
  ADD PRIMARY KEY (`id`);

--
-- Indexes for table `price_codes`
--
ALTER TABLE `price_codes`
  ADD PRIMARY KEY (`id`);

--
-- Indexes for table `products`
--
ALTER TABLE `products`
  ADD PRIMARY KEY (`id`),
  ADD UNIQUE KEY `products_model_number_unique` (`model_number`),
  ADD KEY `products_product_category_id_foreign` (`product_category_id`),
  ADD KEY `products_price_code_id_foreign` (`price_code_id`);

--
-- Indexes for table `product_categories`
--
ALTER TABLE `product_categories`
  ADD PRIMARY KEY (`id`);

--
-- Indexes for table `rates`
--
ALTER TABLE `rates`
  ADD PRIMARY KEY (`id`),
  ADD KEY `rates_price_code_id_foreign` (`price_code_id`),
  ADD KEY `rates_customer_category_id_foreign` (`customer_category_id`);

--
-- Indexes for table `users`
--
ALTER TABLE `users`
  ADD PRIMARY KEY (`id`),
  ADD KEY `users_person_type_id_foreign` (`person_type_id`),
  ADD KEY `users_customer_category_id_foreign` (`customer_category_id`);

--
-- AUTO_INCREMENT for dumped tables
--

--
-- AUTO_INCREMENT for table `bill_details`
--
ALTER TABLE `bill_details`
  MODIFY `id` bigint UNSIGNED NOT NULL AUTO_INCREMENT, AUTO_INCREMENT=65;

--
-- AUTO_INCREMENT for table `bill_masters`
--
ALTER TABLE `bill_masters`
  MODIFY `id` bigint UNSIGNED NOT NULL AUTO_INCREMENT, AUTO_INCREMENT=74;

--
-- AUTO_INCREMENT for table `customer_categories`
--
ALTER TABLE `customer_categories`
  MODIFY `id` bigint UNSIGNED NOT NULL AUTO_INCREMENT, AUTO_INCREMENT=6;

--
-- AUTO_INCREMENT for table `custom_vouchers`
--
ALTER TABLE `custom_vouchers`
  MODIFY `id` bigint UNSIGNED NOT NULL AUTO_INCREMENT, AUTO_INCREMENT=6;

--
-- AUTO_INCREMENT for table `failed_jobs`
--
ALTER TABLE `failed_jobs`
  MODIFY `id` bigint UNSIGNED NOT NULL AUTO_INCREMENT;

--
-- AUTO_INCREMENT for table `job_details`
--
ALTER TABLE `job_details`
  MODIFY `id` bigint UNSIGNED NOT NULL AUTO_INCREMENT, AUTO_INCREMENT=324;

--
-- AUTO_INCREMENT for table `job_masters`
--
ALTER TABLE `job_masters`
  MODIFY `id` bigint UNSIGNED NOT NULL AUTO_INCREMENT, AUTO_INCREMENT=26;

--
-- AUTO_INCREMENT for table `job_tasks`
--
ALTER TABLE `job_tasks`
  MODIFY `id` bigint UNSIGNED NOT NULL AUTO_INCREMENT, AUTO_INCREMENT=9;

--
-- AUTO_INCREMENT for table `materials`
--
ALTER TABLE `materials`
  MODIFY `id` bigint UNSIGNED NOT NULL AUTO_INCREMENT, AUTO_INCREMENT=13;

--
-- AUTO_INCREMENT for table `material_categories`
--
ALTER TABLE `material_categories`
  MODIFY `id` bigint UNSIGNED NOT NULL AUTO_INCREMENT, AUTO_INCREMENT=7;

--
-- AUTO_INCREMENT for table `migrations`
--
ALTER TABLE `migrations`
  MODIFY `id` int UNSIGNED NOT NULL AUTO_INCREMENT, AUTO_INCREMENT=22;

--
-- AUTO_INCREMENT for table `models`
--
ALTER TABLE `models`
  MODIFY `id` bigint UNSIGNED NOT NULL AUTO_INCREMENT;

--
-- AUTO_INCREMENT for table `order_details`
--
ALTER TABLE `order_details`
  MODIFY `id` bigint UNSIGNED NOT NULL AUTO_INCREMENT, AUTO_INCREMENT=142;

--
-- AUTO_INCREMENT for table `order_masters`
--
ALTER TABLE `order_masters`
  MODIFY `id` bigint UNSIGNED NOT NULL AUTO_INCREMENT, AUTO_INCREMENT=106;

--
-- AUTO_INCREMENT for table `person_types`
--
ALTER TABLE `person_types`
  MODIFY `id` bigint UNSIGNED NOT NULL AUTO_INCREMENT, AUTO_INCREMENT=12;

--
-- AUTO_INCREMENT for table `price_codes`
--
ALTER TABLE `price_codes`
  MODIFY `id` bigint UNSIGNED NOT NULL AUTO_INCREMENT, AUTO_INCREMENT=27;

--
-- AUTO_INCREMENT for table `products`
--
ALTER TABLE `products`
  MODIFY `id` bigint UNSIGNED NOT NULL AUTO_INCREMENT, AUTO_INCREMENT=2980;

--
-- AUTO_INCREMENT for table `product_categories`
--
ALTER TABLE `product_categories`
  MODIFY `id` bigint UNSIGNED NOT NULL AUTO_INCREMENT, AUTO_INCREMENT=13;

--
-- AUTO_INCREMENT for table `rates`
--
ALTER TABLE `rates`
  MODIFY `id` bigint UNSIGNED NOT NULL AUTO_INCREMENT, AUTO_INCREMENT=105;

--
-- AUTO_INCREMENT for table `users`
--
ALTER TABLE `users`
  MODIFY `id` bigint UNSIGNED NOT NULL AUTO_INCREMENT, AUTO_INCREMENT=510;

--
-- Constraints for dumped tables
--

--
-- Constraints for table `bill_details`
--
ALTER TABLE `bill_details`
  ADD CONSTRAINT `bill_details_bill_master_id_foreign` FOREIGN KEY (`bill_master_id`) REFERENCES `bill_masters` (`id`),
  ADD CONSTRAINT `bill_details_job_master_id_foreign` FOREIGN KEY (`job_master_id`) REFERENCES `job_masters` (`id`),
  ADD CONSTRAINT `bill_details_order_master_id_foreign` FOREIGN KEY (`order_master_id`) REFERENCES `order_masters` (`id`);

--
-- Constraints for table `bill_masters`
--
ALTER TABLE `bill_masters`
  ADD CONSTRAINT `bill_masters_customer_id_foreign` FOREIGN KEY (`customer_id`) REFERENCES `users` (`id`),
  ADD CONSTRAINT `bill_masters_karigarh_id_foreign` FOREIGN KEY (`karigarh_id`) REFERENCES `users` (`id`);

--
-- Constraints for table `job_details`
--
ALTER TABLE `job_details`
  ADD CONSTRAINT `job_details_employee_id_foreign` FOREIGN KEY (`employee_id`) REFERENCES `users` (`id`),
  ADD CONSTRAINT `job_details_job_master_id_foreign` FOREIGN KEY (`job_master_id`) REFERENCES `job_masters` (`id`),
  ADD CONSTRAINT `job_details_job_task_id_foreign` FOREIGN KEY (`job_task_id`) REFERENCES `job_tasks` (`id`),
  ADD CONSTRAINT `job_details_material_id_foreign` FOREIGN KEY (`material_id`) REFERENCES `materials` (`id`);

--
-- Constraints for table `job_masters`
--
ALTER TABLE `job_masters`
  ADD CONSTRAINT `job_masters_karigarh_id_foreign` FOREIGN KEY (`karigarh_id`) REFERENCES `users` (`id`) ON DELETE RESTRICT ON UPDATE RESTRICT,
  ADD CONSTRAINT `job_masters_order_details_id_foreign` FOREIGN KEY (`order_details_id`) REFERENCES `order_details` (`id`) ON DELETE RESTRICT ON UPDATE RESTRICT;

--
-- Constraints for table `materials`
--
ALTER TABLE `materials`
  ADD CONSTRAINT `materials_material_category_id_foreign` FOREIGN KEY (`material_category_id`) REFERENCES `material_categories` (`id`) ON DELETE RESTRICT ON UPDATE RESTRICT;

--
-- Constraints for table `order_details`
--
ALTER TABLE `order_details`
  ADD CONSTRAINT `order_details_material_id_foreign` FOREIGN KEY (`material_id`) REFERENCES `materials` (`id`) ON DELETE RESTRICT ON UPDATE RESTRICT,
  ADD CONSTRAINT `order_details_order_master_id_foreign` FOREIGN KEY (`order_master_id`) REFERENCES `order_masters` (`id`) ON DELETE RESTRICT ON UPDATE RESTRICT,
  ADD CONSTRAINT `order_details_product_id_foreign` FOREIGN KEY (`product_id`) REFERENCES `products` (`id`) ON DELETE RESTRICT ON UPDATE RESTRICT;

--
-- Constraints for table `order_masters`
--
ALTER TABLE `order_masters`
  ADD CONSTRAINT `order_masters_agent_id_foreign` FOREIGN KEY (`agent_id`) REFERENCES `users` (`id`),
  ADD CONSTRAINT `order_masters_employee_id_foreign` FOREIGN KEY (`employee_id`) REFERENCES `users` (`id`),
  ADD CONSTRAINT `order_masters_person_id_foreign` FOREIGN KEY (`person_id`) REFERENCES `users` (`id`);

--
-- Constraints for table `products`
--
ALTER TABLE `products`
  ADD CONSTRAINT `products_price_code_id_foreign` FOREIGN KEY (`price_code_id`) REFERENCES `price_codes` (`id`),
  ADD CONSTRAINT `products_product_category_id_foreign` FOREIGN KEY (`product_category_id`) REFERENCES `product_categories` (`id`);

--
-- Constraints for table `rates`
--
ALTER TABLE `rates`
  ADD CONSTRAINT `rates_customer_category_id_foreign` FOREIGN KEY (`customer_category_id`) REFERENCES `customer_categories` (`id`),
  ADD CONSTRAINT `rates_price_code_id_foreign` FOREIGN KEY (`price_code_id`) REFERENCES `price_codes` (`id`);

--
-- Constraints for table `users`
--
ALTER TABLE `users`
  ADD CONSTRAINT `users_customer_category_id_foreign` FOREIGN KEY (`customer_category_id`) REFERENCES `customer_categories` (`id`),
  ADD CONSTRAINT `users_person_type_id_foreign` FOREIGN KEY (`person_type_id`) REFERENCES `person_types` (`id`);
COMMIT;

/*!40101 SET CHARACTER_SET_CLIENT=@OLD_CHARACTER_SET_CLIENT */;
/*!40101 SET CHARACTER_SET_RESULTS=@OLD_CHARACTER_SET_RESULTS */;
/*!40101 SET COLLATION_CONNECTION=@OLD_COLLATION_CONNECTION */;
